# Blender 4.4.3
# www.blender.org
mtllib landscape1.mtl
o Cylinder
v 1.316734 -0.488011 -10.756218
v 3.624736 -0.488011 -10.800501
v 1.599239 -0.488011 -10.929420
v 1.926261 -0.488011 -11.052451
v 2.281403 -0.488011 -11.119144
v 2.646855 -0.488011 -11.126156
v 3.004294 -0.488011 -11.073134
v 3.335795 -0.488011 -10.962737
v 3.624736 0.488011 -10.800501
v 1.316734 0.488011 -10.756218
v 3.335795 0.488011 -10.962737
v 3.004294 0.488011 -11.073134
v 2.646856 0.488011 -11.126156
v 2.281403 0.488011 -11.119144
v 1.926261 0.488011 -11.052451
v 1.599239 0.488011 -10.929420
v 9.957995 -0.488011 -6.323501
v 10.716872 -0.488011 -4.123357
v 10.208096 -0.488011 -6.104992
v 10.425026 -0.488011 -5.828599
v 10.597905 -0.488011 -5.508182
v 10.718066 -0.488011 -5.159807
v 10.779486 -0.488011 -4.800944
v 10.779080 -0.488011 -4.449588
v 10.716872 0.488011 -4.123357
v 9.957995 0.488011 -6.323501
v 10.779080 0.488011 -4.449588
v 10.779486 0.488011 -4.800944
v 10.718066 0.488011 -5.159807
v 10.597905 0.488011 -5.508182
v 10.425026 0.488011 -5.828599
v 10.208096 0.488011 -6.104992
v 8.468180 -0.488011 3.380230
v 6.623843 -0.488011 4.780580
v 8.340704 -0.488011 3.686408
v 8.147768 -0.488011 3.978613
v 7.899045 -0.488011 4.242190
v 7.607010 -0.488011 4.463923
v 7.286305 -0.488011 4.632694
v 6.953012 -0.488011 4.740041
v 6.623843 0.488011 4.780580
v 8.468180 0.488011 3.380230
v 6.953012 0.488011 4.740041
v 7.286305 0.488011 4.632694
v 7.607010 0.488011 4.463923
v 7.899045 0.488011 4.242190
v 8.147768 0.488011 3.978613
v 8.340704 0.488011 3.686408
v -1.082495 -0.488011 4.928437
v -2.979190 -0.488011 3.599864
v -1.412977 -0.488011 4.900555
v -1.750142 -0.488011 4.806071
v -2.077085 -0.488011 4.649727
v -2.377411 -0.488011 4.439359
v -2.636060 -0.488011 4.185516
v -2.840063 -0.488011 3.900928
v -2.979190 0.488011 3.599864
v -1.082495 0.488011 4.928437
v -2.840063 0.488011 3.900928
v -2.636060 0.488011 4.185516
v -2.377411 0.488011 4.439359
v -2.077085 0.488011 4.649727
v -1.750142 0.488011 4.806071
v -1.412977 0.488011 4.900555
v -5.514056 -0.488011 -3.811943
v -4.840133 -0.488011 -6.039577
v -5.588733 -0.488011 -4.135548
v -5.602615 -0.488011 -4.486630
v -5.555007 -0.488011 -4.847585
v -5.448297 -0.488011 -5.200313
v -5.287835 -0.488011 -5.527125
v -5.081667 -0.488011 -5.811635
v -4.840133 0.488011 -6.039577
v -5.514056 0.488011 -3.811943
v -5.081667 0.488011 -5.811635
v -5.287835 0.488011 -5.527125
v -5.448297 0.488011 -5.200313
v -5.555007 0.488011 -4.847585
v -5.602615 0.488011 -4.486630
v -5.588733 0.488011 -4.135548
v 3.624736 0.162670 -10.800501
v 3.624736 -0.162670 -10.800501
v 9.957995 -0.162670 -6.323501
v 9.957995 0.162670 -6.323501
v 5.735822 -0.488011 -9.308167
v 7.846909 -0.488011 -7.815834
v 5.735822 0.488011 -9.308167
v 7.846909 0.488011 -7.815834
v 5.735822 -0.162670 -9.308167
v 7.846909 -0.162670 -7.815834
v 5.735822 0.162670 -9.308167
v 7.846909 0.162670 -7.815834
v 7.766780 -0.463528 -12.223799
v 9.902322 -0.512318 -10.767492
v 7.783162 0.512318 -12.215127
v 9.918703 0.463529 -10.758821
v 7.772240 -0.138246 -12.220908
v 9.907784 -0.187036 -10.764604
v 7.777701 0.187036 -12.218017
v 9.913243 0.138246 -10.761711
v -2.979190 0.162670 3.599864
v -2.979190 -0.162670 3.599864
v -5.514056 -0.162670 -3.811943
v -5.514056 0.162670 -3.811943
v -3.824146 -0.488011 1.129261
v -4.669101 -0.488011 -1.341341
v -4.669101 0.488011 -1.341341
v -3.824145 0.488011 1.129262
v -3.824146 -0.162670 1.129261
v -4.669101 -0.162670 -1.341341
v -3.824146 0.162670 1.129261
v -4.669101 0.162670 -1.341341
v -7.164360 -0.490369 2.252607
v -8.009314 -0.490369 -0.217996
v -8.009314 0.485653 -0.217996
v -7.164359 0.485653 2.252607
v -7.164360 -0.165028 2.252607
v -8.009314 -0.165028 -0.217996
v -7.164360 0.160313 2.252607
v -8.009314 0.160313 -0.217996
vn -0.6081 -0.0000 -0.7938
vn 0.0192 -0.0000 0.9998
vn 0.9579 -0.0000 0.2871
vn -0.0000 1.0000 -0.0000
vn -0.5227 -0.0000 -0.8525
vn -0.3521 -0.0000 -0.9360
vn -0.1846 -0.0000 -0.9828
vn -0.0192 -0.0000 -0.9998
vn 0.1467 -0.0000 -0.9892
vn 0.3160 -0.0000 -0.9488
vn 0.4896 -0.0000 -0.8720
vn 0.9823 -0.0000 0.1873
vn 1.0000 -0.0000 0.0012
vn 0.9857 -0.0000 -0.1687
vn 0.9453 -0.0000 -0.3261
vn 0.8801 -0.0000 -0.4748
vn 0.7866 -0.0000 -0.6174
vn 0.6579 -0.0000 -0.7531
vn 0.1222 -0.0000 0.9925
vn 0.3066 -0.0000 0.9518
vn 0.4657 -0.0000 0.8849
vn 0.6047 -0.0000 0.7964
vn 0.7273 -0.0000 0.6863
vn 0.8345 -0.0000 0.5510
vn 0.9232 -0.0000 0.3844
vn -0.9078 -0.0000 0.4195
vn -0.8128 -0.0000 0.5826
vn -0.7004 -0.0000 0.7137
vn -0.5737 -0.0000 0.8191
vn -0.4314 -0.0000 0.9022
vn -0.2698 -0.0000 0.9629
vn -0.0841 -0.0000 0.9965
vn -0.6863 -0.0000 -0.7273
vn -0.8098 -0.0000 -0.5868
vn -0.8976 -0.0000 -0.4407
vn -0.9572 -0.0000 -0.2896
vn -0.9914 -0.0000 -0.1308
vn -0.9992 -0.0000 0.0395
vn -0.9744 -0.0000 0.2249
vn -0.0000 -1.0000 -0.0000
vn 0.5772 -0.0000 -0.8166
vn 0.0077 1.0000 0.0054
vn 0.5634 -0.0021 -0.8262
vn -0.0077 -1.0000 -0.0054
vn 0.8191 -0.0094 0.5736
vn -0.8191 0.0094 -0.5736
vn -0.9462 -0.0000 0.3236
vn -0.0006 1.0000 0.0002
vn 0.0006 -1.0000 -0.0002
vn -0.3188 -0.0000 -0.9478
vn 0.3188 -0.0000 0.9478
vt -1.533780 0.015853
vt -1.533780 0.995209
vt -2.442064 0.995209
vt -2.442064 0.015853
vt 0.953378 0.015853
vt 0.953378 0.995209
vt 0.046622 0.995209
vt 0.046622 0.015853
vt 2.199317 0.015853
vt 2.199317 0.995209
vt 1.288605 0.995209
vt 1.288604 0.015853
vt 0.961824 0.545401
vt 0.965801 0.564038
vt 0.966216 0.584182
vt 0.963048 0.604825
vt 0.956457 0.624932
vt 0.946772 0.643493
vt 0.934479 0.659579
vt 0.920195 0.672382
vt 0.799231 0.760268
vt 0.678266 0.848154
vt 0.557302 0.936040
vt 0.540699 0.945659
vt 0.521566 0.952354
vt 0.500862 0.955787
vt 0.479626 0.955787
vt 0.458923 0.952354
vt 0.439790 0.945659
vt 0.423186 0.936040
vt 0.060293 0.672382
vt 0.046009 0.659579
vt 0.033716 0.643493
vt 0.024031 0.624932
vt 0.017440 0.604825
vt 0.014272 0.584182
vt 0.014687 0.564038
vt 0.018664 0.545401
vt 0.064992 0.402819
vt 0.111320 0.260237
vt 0.157648 0.117654
vt 0.165394 0.100240
vt 0.176926 0.083698
vt 0.191668 0.068860
vt 0.208879 0.056468
vt 0.227696 0.047144
vt 0.247175 0.041356
vt 0.266341 0.039394
vt 0.714147 0.039394
vt 0.733313 0.041356
vt 0.752793 0.047144
vt 0.771610 0.056468
vt 0.788820 0.068860
vt 0.803562 0.083698
vt 0.815094 0.100240
vt 0.822840 0.117654
vt -2.480662 0.995209
vt -2.480662 0.015853
vt -2.519826 0.995209
vt -2.519826 0.015853
vt -2.557591 0.995209
vt -2.557591 0.015853
vt -2.609903 0.995209
vt -2.609903 0.015853
vt 3.609903 0.015853
vt 3.609903 0.995209
vt 3.519826 0.995209
vt 3.519826 0.015853
vt 3.480662 0.995209
vt 3.480662 0.015853
vt 3.442064 0.995209
vt 3.442064 0.668757
vt 3.442064 0.342305
vt 3.442064 0.015853
vt 2.237725 0.015853
vt 2.237725 0.995209
vt 2.276869 0.015853
vt 2.276869 0.995209
vt 2.314785 0.015853
vt 2.314785 0.995209
vt 2.417470 0.015853
vt 2.417470 0.995209
vt 2.455663 0.015853
vt 2.455663 0.995209
vt 2.495091 0.015853
vt 2.495091 0.995209
vt 2.533779 0.015853
vt 2.533779 0.342305
vt 2.533779 0.668757
vt 2.533779 0.995209
vt 0.992187 0.015853
vt 0.992187 0.995209
vt 1.031631 0.015853
vt 1.031631 0.995209
vt 1.069733 0.015853
vt 1.069734 0.995209
vt 1.173614 0.015853
vt 1.173614 0.995209
vt 1.211270 0.015853
vt 1.211270 0.995209
vt 1.250251 0.015853
vt 1.250251 0.995209
vt -0.288605 0.995209
vt -0.288605 0.668757
vt -0.288605 0.342305
vt -0.288605 0.015853
vt -0.250252 0.015853
vt -0.250252 0.995209
vt -0.211270 0.015853
vt -0.211270 0.995209
vt -0.173615 0.015853
vt -0.173615 0.995209
vt -0.069734 0.015853
vt -0.069734 0.995209
vt -0.031631 0.015853
vt -0.031631 0.995209
vt 0.007813 0.015853
vt 0.007813 0.995209
vt -1.495092 0.015853
vt -1.495091 0.995209
vt -1.455663 0.015853
vt -1.455663 0.995209
vt -1.417471 0.015853
vt -1.417471 0.995209
vt -1.314785 0.015853
vt -1.314785 0.995209
vt -1.276869 0.015853
vt -1.276869 0.995209
vt -1.237725 0.015853
vt -1.237725 0.995209
vt -1.199317 0.015853
vt -1.199317 0.342305
vt -1.199317 0.668757
vt -1.199317 0.995209
vt 0.719203 0.467625
vt 0.726828 0.472043
vt 0.735615 0.475117
vt 0.745124 0.476694
vt 0.754876 0.476694
vt 0.764385 0.475117
vt 0.773171 0.472043
vt 0.780797 0.467625
vt 0.836350 0.427263
vt 0.891904 0.386901
vt 0.947457 0.346539
vt 0.954017 0.340659
vt 0.959663 0.333272
vt 0.964111 0.324747
vt 0.967138 0.315513
vt 0.968592 0.306033
vt 0.968402 0.296781
vt 0.966575 0.288222
vt 0.902747 0.091778
vt 0.899189 0.083780
vt 0.893893 0.076183
vt 0.887123 0.069368
vt 0.879219 0.063677
vt 0.870577 0.059395
vt 0.861631 0.056737
vt 0.852829 0.055836
vt 0.647171 0.055836
vt 0.638369 0.056737
vt 0.629423 0.059395
vt 0.620781 0.063677
vt 0.612877 0.069368
vt 0.606107 0.076183
vt 0.600811 0.083780
vt 0.597253 0.091778
vt 0.575977 0.157259
vt 0.554701 0.222741
vt 0.533425 0.288222
vt 0.531598 0.296781
vt 0.531407 0.306033
vt 0.532862 0.315513
vt 0.535890 0.324747
vt 0.540337 0.333272
vt 0.545983 0.340659
vt 0.552543 0.346539
vt 3.139302 0.995209
vt 3.139302 0.668757
vt 3.139302 0.342305
vt 3.139302 0.015853
vt 0.194725 -0.239966
vt 0.490359 -0.243519
vt 0.490359 1.223413
vt 0.194787 1.209220
vt 0.924338 0.500000
vt 0.924338 0.666667
vt 0.924338 0.833333
vt 0.924338 1.000000
vt 0.875661 1.000000
vt 0.875661 0.833333
vt 0.875661 0.666667
vt 0.875661 0.500000
vt 2.836541 0.995209
vt 2.836541 0.668757
vt 2.836541 0.342305
vt 2.836541 0.015853
vt 0.324404 0.500000
vt 0.324404 0.666667
vt 0.324404 0.833333
vt 0.324404 1.000000
vt 0.275596 1.000000
vt 0.275596 0.833333
vt 0.275596 0.666667
vt 0.275596 0.500000
vt 0.491407 1.016937
vt -0.008184 1.013039
vt -0.008184 -0.016936
vt 0.491407 -0.013039
vt -0.895746 0.995209
vt -0.895746 0.668757
vt -0.895746 0.342305
vt -0.895746 0.015853
vt -0.592176 0.995209
vt -0.592176 0.668757
vt -0.592176 0.342305
vt -0.592176 0.015853
s 0
usemtl cliff.002
f 66/1/1 73/2/1 10/3/1 1/4/1
f 34/5/2 41/6/2 58/7/2 49/8/2
f 18/9/3 25/10/3 42/11/3 33/12/3
f 1/4/5 10/3/5 16/57/5 3/58/5
f 3/58/6 16/57/6 15/59/6 4/60/6
f 4/60/7 15/59/7 14/61/7 5/62/7
f 5/62/8 14/61/8 13/63/8 6/64/8
f 6/65/9 13/66/9 12/67/9 7/68/9
f 7/68/10 12/67/10 11/69/10 8/70/10
f 8/70/11 11/69/11 9/71/11 81/72/11 82/73/11 2/74/11
f 25/10/12 18/9/12 24/75/12 27/76/12
f 27/76/13 24/75/13 23/77/13 28/78/13
f 28/78/14 23/77/14 22/79/14 29/80/14
f 29/80/15 22/79/15 21/81/15 30/82/15
f 30/82/16 21/81/16 20/83/16 31/84/16
f 31/84/17 20/83/17 19/85/17 32/86/17
f 32/86/18 19/85/18 17/87/18 83/88/18 84/89/18 26/90/18
f 41/6/19 34/5/19 40/91/19 43/92/19
f 43/92/20 40/91/20 39/93/20 44/94/20
f 44/94/21 39/93/21 38/95/21 45/96/21
f 45/96/22 38/95/22 37/97/22 46/98/22
f 46/98/23 37/97/23 36/99/23 47/100/23
f 47/100/24 36/99/24 35/101/24 48/102/24
f 48/102/25 35/101/25 33/12/25 42/11/25
f 57/103/26 101/104/26 102/105/26 50/106/26 56/107/26 59/108/26
f 59/108/27 56/107/27 55/109/27 60/110/27
f 60/110/28 55/109/28 54/111/28 61/112/28
f 61/112/29 54/111/29 53/113/29 62/114/29
f 62/114/30 53/113/30 52/115/30 63/116/30
f 63/116/31 52/115/31 51/117/31 64/118/31
f 64/118/32 51/117/32 49/8/32 58/7/32
f 73/2/33 66/1/33 72/119/33 75/120/33
f 75/120/34 72/119/34 71/121/34 76/122/34
f 76/122/35 71/121/35 70/123/35 77/124/35
f 77/124/36 70/123/36 69/125/36 78/126/36
f 78/126/37 69/125/37 68/127/37 79/128/37
f 79/128/38 68/127/38 67/129/38 80/130/38
f 80/130/39 67/129/39 65/131/39 103/132/39 104/133/39 74/134/39
f 1/135/40 3/136/40 4/137/40 5/138/40 6/139/40 7/140/40 8/141/40 2/142/40 85/143/40 86/144/40 17/145/40 19/146/40 20/147/40 21/148/40 22/149/40 23/150/40 24/151/40 18/152/40 33/153/40 35/154/40 36/155/40 37/156/40 38/157/40 39/158/40 40/159/40 34/160/40 49/161/40 51/162/40 52/163/40 53/164/40 54/165/40 55/166/40 56/167/40 50/168/40 105/169/40 106/170/40 65/171/40 67/172/40 68/173/40 69/174/40 70/175/40 71/176/40 72/177/40 66/178/40
f 2/74/41 82/73/41 81/72/41 9/71/41 87/179/41 91/180/41 89/181/41 85/182/41
f 93/187/43 97/188/43 99/189/43 95/190/43 96/191/43 100/192/43 98/193/43 94/194/43
f 92/196/41 88/195/41 26/90/41 84/89/41 83/88/41 17/87/41 86/198/41 90/197/41
f 113/199/47 117/200/47 119/201/47 116/202/47 115/203/47 120/204/47 118/205/47 114/206/47
f 112/212/47 107/211/47 74/134/47 104/133/47 103/132/47 65/131/47 106/214/47 110/213/47
f 50/106/47 102/105/47 101/104/47 57/103/47 108/215/47 111/216/47 109/217/47 105/218/47
usemtl ground.002
f 25/13/4 27/14/4 28/15/4 29/16/4 30/17/4 31/18/4 32/19/4 26/20/4 88/21/4 87/22/4 9/23/4 11/24/4 12/25/4 13/26/4 14/27/4 15/28/4 16/29/4 10/30/4 73/31/4 75/32/4 76/33/4 77/34/4 78/35/4 79/36/4 80/37/4 74/38/4 107/39/4 108/40/4 57/41/4 59/42/4 60/43/4 61/44/4 62/45/4 63/46/4 64/47/4 58/48/4 41/49/4 43/50/4 44/51/4 45/52/4 46/53/4 47/54/4 48/55/4 42/56/4
usemtl Material.003
f 87/183/42 88/184/42 96/185/42 95/186/42
f 86/144/44 85/143/44 93/143/44 94/144/44
f 88/195/45 92/196/45 90/197/45 86/198/45 94/198/45 98/197/45 100/196/45 96/195/45
f 89/181/46 91/180/46 87/179/46 95/179/46 99/180/46 97/181/46 93/182/46 85/182/46
f 108/207/48 107/208/48 115/209/48 116/210/48
f 106/170/49 105/169/49 113/169/49 114/170/49
f 107/211/50 112/212/50 110/213/50 106/214/50 114/214/50 118/213/50 120/212/50 115/211/50
f 111/216/51 108/215/51 116/215/51 119/216/51 117/217/51 113/218/51 105/218/51 109/217/51
o Cylinder.002
v -23.022572 -0.488011 -5.569974
v -20.871502 -0.488011 -7.140800
v -22.870426 -0.488011 -5.920752
v -22.642990 -0.488011 -6.253626
v -22.351664 -0.488011 -6.551906
v -22.011059 -0.488011 -6.800633
v -21.638256 -0.488011 -6.987336
v -21.251945 -0.488011 -7.102652
v -20.871502 0.488011 -7.140800
v -23.022572 0.488011 -5.569974
v -21.251945 0.488011 -7.102652
v -21.638256 0.488011 -6.987336
v -22.011059 0.488011 -6.800633
v -22.351664 0.488011 -6.551906
v -22.642990 0.488011 -6.253626
v -22.870426 0.488011 -5.920752
v -11.922470 -0.488011 -7.106924
v -9.748008 -0.488011 -5.531147
v -11.541439 -0.488011 -7.066180
v -11.153399 -0.488011 -6.948777
v -10.777809 -0.488011 -6.760602
v -10.433501 -0.488011 -6.511090
v -10.137740 -0.488011 -6.212755
v -9.905359 -0.488011 -5.880555
v -9.748008 0.488011 -5.531147
v -11.922470 0.488011 -7.106924
v -9.905359 0.488011 -5.880555
v -10.137740 0.488011 -6.212755
v -10.433501 0.488011 -6.511090
v -10.777809 0.488011 -6.760602
v -11.153399 0.488011 -6.948777
v -11.541439 0.488011 -7.066180
v -6.901455 -0.488011 3.047317
v -7.716135 -0.488011 5.592075
v -6.819050 -0.488011 3.421018
v -6.807741 -0.488011 3.824883
v -6.868099 -0.488011 4.238661
v -6.997097 -0.488011 4.641602
v -7.188267 -0.488011 5.013502
v -7.432020 -0.488011 5.335712
v -7.716135 0.488011 5.592075
v -6.901455 0.488011 3.047317
v -7.432020 0.488011 5.335712
v -7.188267 0.488011 5.013502
v -6.997097 0.488011 4.641602
v -6.868099 0.488011 4.238661
v -6.807741 0.488011 3.824883
v -6.819050 0.488011 3.421018
v -14.898489 -0.488011 10.837007
v -17.570473 -0.488011 10.838393
v -15.229173 -0.488011 11.029601
v -15.610291 -0.488011 11.163705
v -16.022734 -0.488011 11.232594
v -16.445820 -0.488011 11.232814
v -16.858334 -0.488011 11.164353
v -17.239592 -0.488011 11.030643
v -17.570473 0.488011 10.838393
v -14.898489 0.488011 10.837007
v -17.239592 0.488011 11.030643
v -16.858334 0.488011 11.164353
v -16.445820 0.488011 11.232814
v -16.022734 0.488011 11.232594
v -15.610291 0.488011 11.163705
v -15.229173 0.488011 11.029601
v -24.875332 -0.488011 5.515617
v -25.714415 -0.488011 2.964678
v -25.160259 -0.488011 5.259373
v -25.405958 -0.488011 4.936897
v -25.600105 -0.488011 4.564358
v -25.732967 -0.488011 4.160438
v -25.797882 -0.488011 3.745391
v -25.791592 -0.488011 3.340029
v -25.714415 0.488011 2.964678
v -24.875332 0.488011 5.515617
v -25.791592 0.488011 3.340029
v -25.797882 0.488011 3.745391
v -25.732967 0.488011 4.160438
v -25.600105 0.488011 4.564358
v -25.405958 0.488011 4.936897
v -25.160259 0.488011 5.259373
vn -0.9537 -0.0000 -0.3008
vn 0.5897 -0.0000 0.8076
vn -0.5889 -0.0000 0.8082
vn 0.9491 -0.0000 -0.3149
vn -0.0000 1.0000 -0.0000
vn 0.0038 -0.0000 -1.0000
vn -0.9174 -0.0000 -0.3979
vn -0.8257 -0.0000 -0.5641
vn -0.7154 -0.0000 -0.6987
vn -0.5897 -0.0000 -0.8076
vn -0.4478 -0.0000 -0.8941
vn -0.2860 -0.0000 -0.9582
vn -0.0998 -0.0000 -0.9950
vn 0.9118 -0.0000 -0.4106
vn 0.8194 -0.0000 -0.5732
vn 0.7102 -0.0000 -0.7040
vn 0.5868 -0.0000 -0.8097
vn 0.4479 -0.0000 -0.8941
vn 0.2896 -0.0000 -0.9572
vn 0.1063 -0.0000 -0.9943
vn 0.6699 -0.0000 0.7424
vn 0.7975 -0.0000 0.6033
vn 0.8894 -0.0000 0.4572
vn 0.9524 -0.0000 0.3049
vn 0.9895 -0.0000 0.1443
vn 0.9996 -0.0000 -0.0280
vn 0.9765 -0.0000 -0.2153
vn -0.5024 -0.0000 0.8646
vn -0.3309 -0.0000 0.9437
vn -0.1637 -0.0000 0.9865
vn 0.0005 -0.0000 1.0000
vn 0.1647 -0.0000 0.9863
vn 0.3319 -0.0000 0.9433
vn 0.5033 -0.0000 0.8641
vn -0.9795 -0.0000 -0.2014
vn -0.9999 -0.0000 -0.0155
vn -0.9880 -0.0000 0.1545
vn -0.9499 -0.0000 0.3125
vn -0.8868 -0.0000 0.4622
vn -0.7954 -0.0000 0.6060
vn -0.6687 -0.0000 0.7435
vn -0.0000 -1.0000 -0.0000
vt -1.790585 0.011548
vt -1.790585 0.999225
vt -2.812493 0.999225
vt -2.812493 0.011548
vt 1.007708 0.011548
vt 1.007708 0.999225
vt -0.012481 0.999225
vt -0.012481 0.011548
vt -0.389643 0.011548
vt -0.389643 0.999225
vt -1.414282 0.999225
vt -1.414283 0.011548
vt 2.409509 0.011548
vt 2.409509 0.999225
vt 1.384870 0.999225
vt 1.384870 0.011548
vt 0.992594 0.550152
vt 0.996687 0.569334
vt 0.997114 0.590068
vt 0.993854 0.611315
vt 0.987069 0.632010
vt 0.977101 0.651114
vt 0.964449 0.667671
vt 0.949746 0.680849
vt 0.576234 0.952222
vt 0.559145 0.962123
vt 0.539452 0.969013
vt 0.518143 0.972547
vt 0.496286 0.972547
vt 0.474976 0.969013
vt 0.455283 0.962123
vt 0.438194 0.952222
vt 0.064682 0.680849
vt 0.049980 0.667671
vt 0.037327 0.651115
vt 0.027359 0.632010
vt 0.020574 0.611315
vt 0.017314 0.590068
vt 0.017741 0.569334
vt 0.021835 0.550152
vt 0.164885 0.109888
vt 0.172858 0.091964
vt 0.184728 0.074939
vt 0.199901 0.059666
vt 0.217615 0.046911
vt 0.236983 0.037315
vt 0.257033 0.031357
vt 0.276759 0.029338
vt 0.737669 0.029338
vt 0.757396 0.031357
vt 0.777446 0.037315
vt 0.796813 0.046911
vt 0.814528 0.059666
vt 0.829700 0.074939
vt 0.841571 0.091964
vt 0.849543 0.109888
vt 3.807720 0.011548
vt 3.807720 0.999225
vt 2.785813 0.999225
vt 2.785813 0.011548
vt -2.855919 0.999225
vt -2.855920 0.011548
vt -2.899982 0.999225
vt -2.899982 0.011548
vt -2.942472 0.999225
vt -2.942472 0.011548
vt -3.001327 0.999225
vt -3.001327 0.011548
vt 3.996554 0.011548
vt 3.996554 0.999225
vt 3.895210 0.999225
vt 3.895210 0.011548
vt 3.851147 0.999225
vt 3.851147 0.011548
vt 2.452723 0.011548
vt 2.452723 0.999225
vt 2.496763 0.011548
vt 2.496763 0.999225
vt 2.539422 0.011548
vt 2.539422 0.999225
vt 2.654952 0.011548
vt 2.654952 0.999225
vt 2.697923 0.011548
vt 2.697923 0.999225
vt 2.742284 0.011548
vt 2.742284 0.999225
vt 1.051371 0.011548
vt 1.051371 0.999225
vt 1.095750 0.011548
vt 1.095749 0.999225
vt 1.138618 0.011548
vt 1.138619 0.999225
vt 1.255495 0.011548
vt 1.255495 0.999225
vt 1.297861 0.011548
vt 1.297861 0.999225
vt 1.341719 0.011548
vt 1.341719 0.999225
vt -0.346492 0.011548
vt -0.346492 0.999225
vt -0.302634 0.011548
vt -0.302634 0.999225
vt -0.260268 0.011548
vt -0.260268 0.999225
vt -0.143392 0.011548
vt -0.143392 0.999225
vt -0.100523 0.011548
vt -0.100523 0.999225
vt -0.056144 0.011548
vt -0.056144 0.999225
vt -1.747058 0.011548
vt -1.747057 0.999225
vt -1.702696 0.011548
vt -1.702696 0.999225
vt -1.659726 0.011548
vt -1.659726 0.999225
vt -1.544195 0.011548
vt -1.544195 0.999225
vt -1.501536 0.011548
vt -1.501535 0.999225
vt -1.457495 0.011548
vt -1.457495 0.999225
vt 0.719203 0.467625
vt 0.726828 0.472043
vt 0.735615 0.475117
vt 0.745124 0.476694
vt 0.754876 0.476694
vt 0.764385 0.475117
vt 0.773171 0.472043
vt 0.780797 0.467625
vt 0.947457 0.346539
vt 0.954017 0.340659
vt 0.959663 0.333272
vt 0.964111 0.324747
vt 0.967138 0.315513
vt 0.968592 0.306033
vt 0.968402 0.296781
vt 0.966575 0.288222
vt 0.902747 0.091778
vt 0.899189 0.083780
vt 0.893893 0.076183
vt 0.887123 0.069368
vt 0.879219 0.063677
vt 0.870577 0.059395
vt 0.861631 0.056737
vt 0.852829 0.055836
vt 0.647171 0.055836
vt 0.638369 0.056737
vt 0.629423 0.059395
vt 0.620781 0.063677
vt 0.612877 0.069368
vt 0.606107 0.076183
vt 0.600811 0.083780
vt 0.597253 0.091778
vt 0.533425 0.288222
vt 0.531598 0.296781
vt 0.531407 0.306033
vt 0.532862 0.315513
vt 0.535890 0.324747
vt 0.540337 0.333272
vt 0.545983 0.340659
vt 0.552543 0.346539
s 0
usemtl ground.002
f 145/235/56 147/236/56 148/237/56 149/238/56 150/239/56 151/240/56 152/241/56 146/242/56 129/243/56 131/244/56 132/245/56 133/246/56 134/247/56 135/248/56 136/249/56 130/250/56 193/251/56 195/252/56 196/253/56 197/254/56 198/255/56 199/256/56 200/257/56 194/258/56 177/259/56 179/260/56 180/261/56 181/262/56 182/263/56 183/264/56 184/265/56 178/266/56 161/267/56 163/268/56 164/269/56 165/270/56 166/271/56 167/272/56 168/273/56 162/274/56
f 121/341/93 123/342/93 124/343/93 125/344/93 126/345/93 127/346/93 128/347/93 122/348/93 137/349/93 139/350/93 140/351/93 141/352/93 142/353/93 143/354/93 144/355/93 138/356/93 153/357/93 155/358/93 156/359/93 157/360/93 158/361/93 159/362/93 160/363/93 154/364/93 169/365/93 171/366/93 172/367/93 173/368/93 174/369/93 175/370/93 176/371/93 170/372/93 185/373/93 187/374/93 188/375/93 189/376/93 190/377/93 191/378/93 192/379/93 186/380/93
usemtl cliff.002
f 186/219/52 193/220/52 130/221/52 121/222/52
f 154/223/53 161/224/53 178/225/53 169/226/53
f 170/227/54 177/228/54 194/229/54 185/230/54
f 138/231/55 145/232/55 162/233/55 153/234/55
f 122/275/57 129/276/57 146/277/57 137/278/57
f 121/222/58 130/221/58 136/279/58 123/280/58
f 123/280/59 136/279/59 135/281/59 124/282/59
f 124/282/60 135/281/60 134/283/60 125/284/60
f 125/284/61 134/283/61 133/285/61 126/286/61
f 126/287/62 133/288/62 132/289/62 127/290/62
f 127/290/63 132/289/63 131/291/63 128/292/63
f 128/292/64 131/291/64 129/276/64 122/275/64
f 145/232/65 138/231/65 144/293/65 147/294/65
f 147/294/66 144/293/66 143/295/66 148/296/66
f 148/296/67 143/295/67 142/297/67 149/298/67
f 149/298/68 142/297/68 141/299/68 150/300/68
f 150/300/69 141/299/69 140/301/69 151/302/69
f 151/302/70 140/301/70 139/303/70 152/304/70
f 152/304/71 139/303/71 137/278/71 146/277/71
f 161/224/72 154/223/72 160/305/72 163/306/72
f 163/306/73 160/305/73 159/307/73 164/308/73
f 164/308/74 159/307/74 158/309/74 165/310/74
f 165/310/75 158/309/75 157/311/75 166/312/75
f 166/312/76 157/311/76 156/313/76 167/314/76
f 167/314/77 156/313/77 155/315/77 168/316/77
f 168/316/78 155/315/78 153/234/78 162/233/78
f 177/228/79 170/227/79 176/317/79 179/318/79
f 179/318/80 176/317/80 175/319/80 180/320/80
f 180/320/81 175/319/81 174/321/81 181/322/81
f 181/322/82 174/321/82 173/323/82 182/324/82
f 182/324/83 173/323/83 172/325/83 183/326/83
f 183/326/84 172/325/84 171/327/84 184/328/84
f 184/328/85 171/327/85 169/226/85 178/225/85
f 193/220/86 186/219/86 192/329/86 195/330/86
f 195/330/87 192/329/87 191/331/87 196/332/87
f 196/332/88 191/331/88 190/333/88 197/334/88
f 197/334/89 190/333/89 189/335/89 198/336/89
f 198/336/90 189/335/90 188/337/90 199/338/90
f 199/338/91 188/337/91 187/339/91 200/340/91
f 200/340/92 187/339/92 185/230/92 194/229/92
o Cylinder.003
v 17.562605 -0.488011 -30.238720
v 20.068144 -0.488011 -28.555004
v 17.995134 -0.488011 -30.212357
v 18.437721 -0.488011 -30.098858
v 18.868174 -0.488011 -29.903923
v 19.264904 -0.488011 -29.637321
v 19.608021 -0.488011 -29.312420
v 19.880320 -0.488011 -28.945517
v 20.068144 0.488011 -28.555004
v 17.562605 0.488011 -30.238720
v 19.880320 0.488011 -28.945517
v 19.608021 0.488011 -29.312420
v 19.264904 0.488011 -29.637320
v 18.868174 0.488011 -29.903923
v 18.437721 0.488011 -30.098858
v 17.995134 0.488011 -30.212357
v 23.494272 -0.488011 -19.008904
v 22.656929 -0.488011 -16.082909
v 23.598282 -0.488011 -18.587246
v 23.623344 -0.488011 -18.128464
v 23.568199 -0.488011 -17.655561
v 23.435612 -0.488011 -17.192255
v 23.232235 -0.488011 -16.761774
v 22.968258 -0.488011 -16.385708
v 22.656929 0.488011 -16.082909
v 23.494272 0.488011 -19.008904
v 22.968258 0.488011 -16.385708
v 23.232235 0.488011 -16.761774
v 23.435612 0.488011 -17.192255
v 23.568199 0.488011 -17.655561
v 23.623344 0.488011 -18.128464
v 23.598282 0.488011 -18.587246
v 14.619959 -0.488011 -9.731756
v 11.593960 -0.488011 -9.615078
v 14.253754 -0.488011 -9.499394
v 13.827909 -0.488011 -9.331100
v 13.363779 -0.488011 -9.235314
v 12.884638 -0.488011 -9.216840
v 12.414511 -0.488011 -9.276602
v 11.976971 -0.488011 -9.411604
v 11.593960 0.488011 -9.615078
v 14.619959 0.488011 -9.731756
v 11.976971 0.488011 -9.411604
v 12.414511 0.488011 -9.276602
v 12.884638 0.488011 -9.216840
v 13.363779 0.488011 -9.235314
v 13.827909 0.488011 -9.331100
v 14.253754 0.488011 -9.499394
v 3.228052 -0.488011 -15.236946
v 2.192835 -0.488011 -18.082752
v 2.894955 -0.488011 -15.514696
v 2.604652 -0.488011 -15.868801
v 2.371701 -0.488011 -16.281506
v 2.207783 -0.488011 -16.732115
v 2.121117 -0.488011 -17.198034
v 2.116051 -0.488011 -17.655899
v 2.192835 0.488011 -18.082752
v 3.228052 0.488011 -15.236946
v 2.116051 0.488011 -17.655899
v 2.121117 0.488011 -17.198034
v 2.207783 0.488011 -16.732115
v 2.371701 0.488011 -16.281506
v 2.604652 0.488011 -15.868801
v 2.894955 0.488011 -15.514696
v 5.036829 -0.488011 -27.923571
v 7.429604 -0.488011 -29.804317
v 5.199562 -0.488011 -28.326227
v 5.448024 -0.488011 -28.712719
v 5.769761 -0.488011 -29.063662
v 6.148637 -0.488011 -29.361464
v 6.565654 -0.488011 -29.591187
v 6.999902 -0.488011 -29.741314
v 7.429604 0.488011 -29.804317
v 5.036829 0.488011 -27.923571
v 6.999902 0.488011 -29.741314
v 6.565654 0.488011 -29.591187
v 6.148637 0.488011 -29.361464
v 5.769761 0.488011 -29.063662
v 5.448024 0.488011 -28.712719
v 5.199562 0.488011 -28.326227
vn -0.0428 -0.0000 -0.9991
vn -0.5578 -0.0000 0.8300
vn -0.9607 -0.0000 -0.2776
vn 0.6200 -0.0000 0.7846
vn -0.0000 1.0000 -0.0000
vn 0.9412 -0.0000 -0.3378
vn 0.0608 -0.0000 -0.9981
vn 0.2484 -0.0000 -0.9687
vn 0.4125 -0.0000 -0.9109
vn 0.5578 -0.0000 -0.8300
vn 0.6876 -0.0000 -0.7261
vn 0.8030 -0.0000 -0.5960
vn 0.9012 -0.0000 -0.4334
vn 0.6972 -0.0000 0.7169
vn 0.8185 -0.0000 0.5745
vn 0.9042 -0.0000 0.4272
vn 0.9614 -0.0000 0.2751
vn 0.9933 -0.0000 0.1158
vn 0.9985 -0.0000 -0.0545
vn 0.9709 -0.0000 -0.2395
vn -0.4692 -0.0000 0.8831
vn -0.2948 -0.0000 0.9555
vn -0.1261 -0.0000 0.9920
vn 0.0385 -0.0000 0.9993
vn 0.2021 -0.0000 0.9794
vn 0.3675 -0.0000 0.9300
vn 0.5358 -0.0000 0.8444
vn -0.9842 -0.0000 -0.1770
vn -0.9999 -0.0000 0.0111
vn -0.9831 -0.0000 0.1829
vn -0.9398 -0.0000 0.3419
vn -0.8708 -0.0000 0.4916
vn -0.7733 -0.0000 0.6340
vn -0.6404 -0.0000 0.7680
vn -0.1451 -0.0000 -0.9894
vn -0.3267 -0.0000 -0.9451
vn -0.4825 -0.0000 -0.8759
vn -0.6180 -0.0000 -0.7862
vn -0.7371 -0.0000 -0.6758
vn -0.8412 -0.0000 -0.5408
vn -0.9271 -0.0000 -0.3747
vn -0.0000 -1.0000 -0.0000
vt -1.781084 0.001038
vt -1.781084 0.998177
vt -2.798288 0.998177
vt -2.798289 0.001038
vt 1.004330 0.001038
vt 1.004330 0.998177
vt -0.011163 0.998177
vt -0.011163 0.001038
vt -0.386589 0.001038
vt -0.386590 0.998177
vt -1.406513 0.998177
vt -1.406513 0.001038
vt 2.399680 0.001038
vt 2.399680 0.998177
vt 1.379756 0.998177
vt 1.379756 0.001038
vt 0.993600 0.548113
vt 0.997758 0.567598
vt 0.998192 0.588661
vt 0.994880 0.610245
vt 0.987988 0.631268
vt 0.977862 0.650676
vt 0.965008 0.667495
vt 0.950073 0.680882
vt 0.570638 0.956557
vt 0.553278 0.966616
vt 0.533273 0.973615
vt 0.511626 0.977205
vt 0.489422 0.977205
vt 0.467775 0.973615
vt 0.447770 0.966616
vt 0.430410 0.956557
vt 0.050975 0.680882
vt 0.036040 0.667495
vt 0.023186 0.650676
vt 0.013060 0.631268
vt 0.006168 0.610245
vt 0.002856 0.588661
vt 0.003290 0.567598
vt 0.007448 0.548113
vt 0.152767 0.100868
vt 0.160866 0.082659
vt 0.172924 0.065364
vt 0.188338 0.049849
vt 0.206333 0.036892
vt 0.226008 0.027143
vt 0.246375 0.021091
vt 0.266415 0.019040
vt 0.734633 0.019040
vt 0.754673 0.021091
vt 0.775040 0.027143
vt 0.794715 0.036892
vt 0.812710 0.049849
vt 0.828124 0.065364
vt 0.840182 0.082659
vt 0.848281 0.100868
vt 3.791456 0.001038
vt 3.791456 0.998177
vt 2.774251 0.998177
vt 2.774251 0.001038
vt -2.841515 0.998177
vt -2.841515 0.001038
vt -2.885375 0.998177
vt -2.885375 0.001038
vt -2.927670 0.998177
vt -2.927670 0.001038
vt -2.986254 0.998177
vt -2.986254 0.001038
vt 3.979419 0.001038
vt 3.979419 0.998177
vt 3.878542 0.998177
vt 3.878542 0.001038
vt 3.834682 0.998177
vt 3.834682 0.001038
vt 2.442694 0.001038
vt 2.442694 0.998177
vt 2.486532 0.001038
vt 2.486532 0.998177
vt 2.528994 0.001038
vt 2.528995 0.998177
vt 2.643994 0.001038
vt 2.643994 0.998177
vt 2.686766 0.001038
vt 2.686766 0.998177
vt 2.730922 0.001038
vt 2.730922 0.998177
vt 1.047792 0.001038
vt 1.047793 0.998177
vt 1.091967 0.001038
vt 1.091966 0.998177
vt 1.134638 0.001038
vt 1.134639 0.998177
vt 1.250976 0.001038
vt 1.250976 0.998177
vt 1.293147 0.001038
vt 1.293147 0.998177
vt 1.336804 0.001038
vt 1.336804 0.998177
vt -0.343637 0.001038
vt -0.343637 0.998177
vt -0.299981 0.001038
vt -0.299981 0.998177
vt -0.257810 0.001038
vt -0.257810 0.998177
vt -0.141472 0.001038
vt -0.141472 0.998177
vt -0.098800 0.001038
vt -0.098800 0.998177
vt -0.054626 0.001038
vt -0.054626 0.998177
vt -1.737757 0.001038
vt -1.737757 0.998177
vt -1.693600 0.001038
vt -1.693599 0.998177
vt -1.650827 0.001038
vt -1.650827 0.998177
vt -1.535828 0.001038
vt -1.535828 0.998177
vt -1.493365 0.001038
vt -1.493365 0.998177
vt -1.449527 0.001038
vt -1.449527 0.998177
vt 0.719203 0.467625
vt 0.726828 0.472043
vt 0.735615 0.475117
vt 0.745124 0.476694
vt 0.754876 0.476694
vt 0.764385 0.475117
vt 0.773171 0.472043
vt 0.780797 0.467625
vt 0.947457 0.346539
vt 0.954017 0.340659
vt 0.959663 0.333272
vt 0.964111 0.324747
vt 0.967138 0.315513
vt 0.968592 0.306033
vt 0.968402 0.296781
vt 0.966575 0.288222
vt 0.902747 0.091778
vt 0.899189 0.083780
vt 0.893893 0.076183
vt 0.887123 0.069368
vt 0.879219 0.063677
vt 0.870577 0.059395
vt 0.861631 0.056737
vt 0.852829 0.055836
vt 0.647171 0.055836
vt 0.638369 0.056737
vt 0.629423 0.059395
vt 0.620781 0.063677
vt 0.612877 0.069368
vt 0.606107 0.076183
vt 0.600811 0.083780
vt 0.597253 0.091778
vt 0.533425 0.288222
vt 0.531598 0.296781
vt 0.531407 0.306033
vt 0.532862 0.315513
vt 0.535890 0.324747
vt 0.540337 0.333272
vt 0.545983 0.340659
vt 0.552543 0.346539
s 0
usemtl ground.002
f 225/397/98 227/398/98 228/399/98 229/400/98 230/401/98 231/402/98 232/403/98 226/404/98 209/405/98 211/406/98 212/407/98 213/408/98 214/409/98 215/410/98 216/411/98 210/412/98 273/413/98 275/414/98 276/415/98 277/416/98 278/417/98 279/418/98 280/419/98 274/420/98 257/421/98 259/422/98 260/423/98 261/424/98 262/425/98 263/426/98 264/427/98 258/428/98 241/429/98 243/430/98 244/431/98 245/432/98 246/433/98 247/434/98 248/435/98 242/436/98
f 201/503/135 203/504/135 204/505/135 205/506/135 206/507/135 207/508/135 208/509/135 202/510/135 217/511/135 219/512/135 220/513/135 221/514/135 222/515/135 223/516/135 224/517/135 218/518/135 233/519/135 235/520/135 236/521/135 237/522/135 238/523/135 239/524/135 240/525/135 234/526/135 249/527/135 251/528/135 252/529/135 253/530/135 254/531/135 255/532/135 256/533/135 250/534/135 265/535/135 267/536/135 268/537/135 269/538/135 270/539/135 271/540/135 272/541/135 266/542/135
usemtl cliff.002
f 266/381/94 273/382/94 210/383/94 201/384/94
f 234/385/95 241/386/95 258/387/95 249/388/95
f 250/389/96 257/390/96 274/391/96 265/392/96
f 218/393/97 225/394/97 242/395/97 233/396/97
f 202/437/99 209/438/99 226/439/99 217/440/99
f 201/384/100 210/383/100 216/441/100 203/442/100
f 203/442/101 216/441/101 215/443/101 204/444/101
f 204/444/102 215/443/102 214/445/102 205/446/102
f 205/446/103 214/445/103 213/447/103 206/448/103
f 206/449/104 213/450/104 212/451/104 207/452/104
f 207/452/105 212/451/105 211/453/105 208/454/105
f 208/454/106 211/453/106 209/438/106 202/437/106
f 225/394/107 218/393/107 224/455/107 227/456/107
f 227/456/108 224/455/108 223/457/108 228/458/108
f 228/458/109 223/457/109 222/459/109 229/460/109
f 229/460/110 222/459/110 221/461/110 230/462/110
f 230/462/111 221/461/111 220/463/111 231/464/111
f 231/464/112 220/463/112 219/465/112 232/466/112
f 232/466/113 219/465/113 217/440/113 226/439/113
f 241/386/114 234/385/114 240/467/114 243/468/114
f 243/468/115 240/467/115 239/469/115 244/470/115
f 244/470/116 239/469/116 238/471/116 245/472/116
f 245/472/117 238/471/117 237/473/117 246/474/117
f 246/474/118 237/473/118 236/475/118 247/476/118
f 247/476/119 236/475/119 235/477/119 248/478/119
f 248/478/120 235/477/120 233/396/120 242/395/120
f 257/390/121 250/389/121 256/479/121 259/480/121
f 259/480/122 256/479/122 255/481/122 260/482/122
f 260/482/123 255/481/123 254/483/123 261/484/123
f 261/484/124 254/483/124 253/485/124 262/486/124
f 262/486/125 253/485/125 252/487/125 263/488/125
f 263/488/126 252/487/126 251/489/126 264/490/126
f 264/490/127 251/489/127 249/388/127 258/387/127
f 273/382/128 266/381/128 272/491/128 275/492/128
f 275/492/129 272/491/129 271/493/129 276/494/129
f 276/494/130 271/493/130 270/495/130 277/496/130
f 277/496/131 270/495/131 269/497/131 278/498/131
f 278/498/132 269/497/132 268/499/132 279/500/132
f 279/500/133 268/499/133 267/501/133 280/502/133
f 280/502/134 267/501/134 265/392/134 274/391/134
o Cylinder.004
v -24.908741 0.311394 4.705913
v -25.198305 0.311394 3.844105
v -25.007214 0.311394 4.620266
v -25.092104 0.311394 4.511963
v -25.159157 0.311394 4.386434
v -25.205006 0.311394 4.249974
v -25.227356 0.311394 4.109426
v -25.225084 0.311394 3.971836
v -25.198305 1.531830 3.844105
v -24.908741 1.531830 4.705913
v -25.225084 1.531830 3.971836
v -25.227356 1.531830 4.109426
v -25.205006 1.531830 4.249974
v -25.159157 1.531830 4.386434
v -25.092104 1.531830 4.511963
v -25.007214 1.531830 4.620266
v -24.265369 0.311394 0.935474
v -23.528584 0.311394 0.390213
v -24.212856 0.311394 0.815680
v -24.134678 0.311394 0.701502
v -24.034750 0.311394 0.598666
v -23.918087 0.311394 0.512328
v -23.790537 0.311394 0.446818
v -23.658495 0.311394 0.405421
v -23.528584 1.531830 0.390213
v -24.265369 1.531830 0.935474
v -23.658495 1.531830 0.405421
v -23.790537 1.531830 0.446818
v -23.918087 1.531830 0.512328
v -24.034750 1.531830 0.598666
v -24.134678 1.531830 0.701502
v -24.212856 1.531830 0.815680
v -20.443804 0.311394 0.347649
v -19.699636 0.311394 0.874912
v -20.313707 0.311394 0.359331
v -20.181120 0.311394 0.397257
v -20.052691 0.311394 0.459525
v -19.934856 0.311394 0.543012
v -19.833530 0.311394 0.643533
v -19.753790 0.311394 0.756047
v -19.699636 1.531830 0.874912
v -20.443804 1.531830 0.347649
v -19.753790 1.531830 0.756047
v -19.833530 1.531830 0.643533
v -19.934856 1.531830 0.543012
v -20.052691 1.531830 0.459525
v -20.181120 1.531830 0.397257
v -20.313707 1.531830 0.359331
v -18.732786 0.311394 3.752458
v -19.007599 0.311394 4.622096
v -18.704180 0.311394 3.879907
v -18.699804 0.311394 4.017742
v -18.719875 0.311394 4.159053
v -18.763390 0.311394 4.296753
v -18.828163 0.311394 4.423937
v -18.910952 0.311394 4.534228
v -19.007599 1.531830 4.622096
v -18.732786 1.531830 3.752458
v -18.910952 1.531830 4.534228
v -18.828163 1.531830 4.423937
v -18.763390 1.531830 4.296753
v -18.719875 1.531830 4.159053
v -18.699804 1.531830 4.017742
v -18.704180 1.531830 3.879907
v -21.492226 0.311394 6.450840
v -22.408773 0.311394 6.461094
v -21.604963 0.311394 6.517161
v -21.735212 0.311394 6.563893
v -21.876442 0.311394 6.588693
v -22.021568 0.311394 6.590317
v -22.163319 0.311394 6.568683
v -22.294580 0.311394 6.524877
v -22.408773 1.531830 6.461094
v -21.492226 1.531830 6.450840
v -22.294580 1.531830 6.524877
v -22.163319 1.531830 6.568683
v -22.021568 1.531830 6.590317
v -21.876442 1.531830 6.588693
v -21.735212 1.531830 6.563893
v -21.604963 1.531830 6.517161
vn -0.5746 -0.0000 0.8184
vn 0.9479 -0.0000 -0.3185
vn 0.5928 -0.0000 0.8054
vn -0.0138 -0.0000 -0.9999
vn -0.0000 1.0000 -0.0000
vn -0.9522 -0.0000 -0.3054
vn -0.6563 -0.0000 0.7545
vn -0.7870 -0.0000 0.6169
vn -0.8821 -0.0000 0.4712
vn -0.9479 -0.0000 0.3185
vn -0.9876 -0.0000 0.1570
vn -0.9999 -0.0000 -0.0165
vn -0.9787 -0.0000 -0.2052
vn -0.1163 -0.0000 -0.9932
vn -0.2992 -0.0000 -0.9542
vn -0.4569 -0.0000 -0.8895
vn -0.5949 -0.0000 -0.8038
vn -0.7172 -0.0000 -0.6969
vn -0.8251 -0.0000 -0.5650
vn -0.9159 -0.0000 -0.4015
vn 0.9100 -0.0000 -0.4146
vn 0.8159 -0.0000 -0.5782
vn 0.7043 -0.0000 -0.7099
vn 0.5781 -0.0000 -0.8159
vn 0.4363 -0.0000 -0.8998
vn 0.2750 -0.0000 -0.9614
vn 0.0894 -0.0000 -0.9960
vn 0.6727 -0.0000 0.7399
vn 0.7998 -0.0000 0.6003
vn 0.8911 -0.0000 0.4538
vn 0.9535 -0.0000 0.3013
vn 0.9901 -0.0000 0.1406
vn 0.9995 -0.0000 -0.0317
vn 0.9757 -0.0000 -0.2190
vn -0.4876 -0.0000 0.8730
vn -0.3166 -0.0000 0.9486
vn -0.1509 -0.0000 0.9886
vn 0.0112 -0.0000 0.9999
vn 0.1730 -0.0000 0.9849
vn 0.3377 -0.0000 0.9412
vn 0.5070 -0.0000 0.8619
vn -0.0000 -1.0000 -0.0000
vt -0.500423 0.009454
vt -0.500423 0.981307
vt -0.947211 0.981307
vt -0.947211 0.009454
vt 0.723018 0.009454
vt 0.723018 0.981307
vt 0.276982 0.981307
vt 0.276982 0.009454
vt 0.112083 0.009454
vt 0.112083 0.981307
vt -0.335900 0.981307
vt -0.335900 0.009454
vt 1.335899 0.009454
vt 1.335899 0.981307
vt 0.887917 0.981307
vt 0.887917 0.009454
vt 0.874357 0.542171
vt 0.877391 0.556390
vt 0.877708 0.571759
vt 0.875291 0.587510
vt 0.870262 0.602850
vt 0.862873 0.617012
vt 0.853494 0.629285
vt 0.842595 0.639053
vt 0.565720 0.840215
vt 0.553052 0.847554
vt 0.538455 0.852662
vt 0.522658 0.855281
vt 0.506456 0.855281
vt 0.490660 0.852662
vt 0.476062 0.847554
vt 0.463395 0.840215
vt 0.186520 0.639053
vt 0.175621 0.629285
vt 0.166242 0.617012
vt 0.158853 0.602850
vt 0.153824 0.587510
vt 0.151407 0.571759
vt 0.151724 0.556390
vt 0.154758 0.542171
vt 0.260798 0.215814
vt 0.266707 0.202528
vt 0.275507 0.189907
vt 0.286754 0.178586
vt 0.299885 0.169131
vt 0.314242 0.162017
vt 0.329104 0.157601
vt 0.343727 0.156104
vt 0.685388 0.156104
vt 0.700011 0.157601
vt 0.714873 0.162017
vt 0.729230 0.169131
vt 0.742361 0.178586
vt 0.753608 0.189907
vt 0.762407 0.202528
vt 0.768317 0.215814
vt 1.947211 0.009454
vt 1.947211 0.981307
vt 1.500423 0.981307
vt 1.500423 0.009454
vt -0.966197 0.981307
vt -0.966197 0.009454
vt -0.985462 0.981307
vt -0.985462 0.009454
vt -1.004039 0.981307
vt -1.004039 0.009454
vt -1.029771 0.981307
vt -1.029771 0.009454
vt 2.029771 0.009454
vt 2.029771 0.981307
vt 1.985462 0.981307
vt 1.985462 0.009454
vt 1.966197 0.981307
vt 1.966197 0.009454
vt 1.354793 0.009454
vt 1.354793 0.981307
vt 1.374048 0.009454
vt 1.374048 0.981307
vt 1.392699 0.009454
vt 1.392699 0.981307
vt 1.443210 0.009454
vt 1.443210 0.981307
vt 1.461997 0.009454
vt 1.461997 0.981307
vt 1.481392 0.009454
vt 1.481392 0.981307
vt 0.742108 0.009454
vt 0.742108 0.981307
vt 0.761511 0.009454
vt 0.761511 0.981307
vt 0.780254 0.009454
vt 0.780254 0.981307
vt 0.831353 0.009454
vt 0.831353 0.981307
vt 0.849876 0.009454
vt 0.849876 0.981307
vt 0.869051 0.009454
vt 0.869051 0.981307
vt 0.130949 0.009454
vt 0.130949 0.981307
vt 0.150124 0.009454
vt 0.150124 0.981307
vt 0.168647 0.009454
vt 0.168647 0.981307
vt 0.219746 0.009454
vt 0.219746 0.981307
vt 0.238489 0.009454
vt 0.238489 0.981307
vt 0.257892 0.009454
vt 0.257892 0.981307
vt -0.481392 0.009454
vt -0.481392 0.981307
vt -0.461997 0.009454
vt -0.461997 0.981307
vt -0.443210 0.009454
vt -0.443210 0.981307
vt -0.392699 0.009454
vt -0.392699 0.981307
vt -0.374048 0.009454
vt -0.374048 0.981307
vt -0.354793 0.009454
vt -0.354793 0.981307
vt 0.719203 0.467625
vt 0.726828 0.472043
vt 0.735615 0.475117
vt 0.745124 0.476694
vt 0.754876 0.476694
vt 0.764385 0.475117
vt 0.773171 0.472043
vt 0.780797 0.467625
vt 0.947457 0.346539
vt 0.954017 0.340659
vt 0.959663 0.333272
vt 0.964111 0.324747
vt 0.967138 0.315513
vt 0.968592 0.306033
vt 0.968402 0.296781
vt 0.966575 0.288222
vt 0.902747 0.091778
vt 0.899189 0.083780
vt 0.893893 0.076183
vt 0.887123 0.069368
vt 0.879219 0.063677
vt 0.870577 0.059395
vt 0.861631 0.056737
vt 0.852829 0.055836
vt 0.647171 0.055836
vt 0.638369 0.056737
vt 0.629423 0.059395
vt 0.620781 0.063677
vt 0.612877 0.069368
vt 0.606107 0.076183
vt 0.600811 0.083780
vt 0.597253 0.091778
vt 0.533425 0.288222
vt 0.531598 0.296781
vt 0.531407 0.306033
vt 0.532862 0.315513
vt 0.535890 0.324747
vt 0.540337 0.333272
vt 0.545983 0.340659
vt 0.552543 0.346539
s 0
usemtl ground.002
f 305/559/140 307/560/140 308/561/140 309/562/140 310/563/140 311/564/140 312/565/140 306/566/140 289/567/140 291/568/140 292/569/140 293/570/140 294/571/140 295/572/140 296/573/140 290/574/140 353/575/140 355/576/140 356/577/140 357/578/140 358/579/140 359/580/140 360/581/140 354/582/140 337/583/140 339/584/140 340/585/140 341/586/140 342/587/140 343/588/140 344/589/140 338/590/140 321/591/140 323/592/140 324/593/140 325/594/140 326/595/140 327/596/140 328/597/140 322/598/140
f 281/665/177 283/666/177 284/667/177 285/668/177 286/669/177 287/670/177 288/671/177 282/672/177 297/673/177 299/674/177 300/675/177 301/676/177 302/677/177 303/678/177 304/679/177 298/680/177 313/681/177 315/682/177 316/683/177 317/684/177 318/685/177 319/686/177 320/687/177 314/688/177 329/689/177 331/690/177 332/691/177 333/692/177 334/693/177 335/694/177 336/695/177 330/696/177 345/697/177 347/698/177 348/699/177 349/700/177 350/701/177 351/702/177 352/703/177 346/704/177
usemtl cliff.002
f 346/543/136 353/544/136 290/545/136 281/546/136
f 314/547/137 321/548/137 338/549/137 329/550/137
f 330/551/138 337/552/138 354/553/138 345/554/138
f 298/555/139 305/556/139 322/557/139 313/558/139
f 282/599/141 289/600/141 306/601/141 297/602/141
f 281/546/142 290/545/142 296/603/142 283/604/142
f 283/604/143 296/603/143 295/605/143 284/606/143
f 284/606/144 295/605/144 294/607/144 285/608/144
f 285/608/145 294/607/145 293/609/145 286/610/145
f 286/611/146 293/612/146 292/613/146 287/614/146
f 287/614/147 292/613/147 291/615/147 288/616/147
f 288/616/148 291/615/148 289/600/148 282/599/148
f 305/556/149 298/555/149 304/617/149 307/618/149
f 307/618/150 304/617/150 303/619/150 308/620/150
f 308/620/151 303/619/151 302/621/151 309/622/151
f 309/622/152 302/621/152 301/623/152 310/624/152
f 310/624/153 301/623/153 300/625/153 311/626/153
f 311/626/154 300/625/154 299/627/154 312/628/154
f 312/628/155 299/627/155 297/602/155 306/601/155
f 321/548/156 314/547/156 320/629/156 323/630/156
f 323/630/157 320/629/157 319/631/157 324/632/157
f 324/632/158 319/631/158 318/633/158 325/634/158
f 325/634/159 318/633/159 317/635/159 326/636/159
f 326/636/160 317/635/160 316/637/160 327/638/160
f 327/638/161 316/637/161 315/639/161 328/640/161
f 328/640/162 315/639/162 313/558/162 322/557/162
f 337/552/163 330/551/163 336/641/163 339/642/163
f 339/642/164 336/641/164 335/643/164 340/644/164
f 340/644/165 335/643/165 334/645/165 341/646/165
f 341/646/166 334/645/166 333/647/166 342/648/166
f 342/648/167 333/647/167 332/649/167 343/650/167
f 343/650/168 332/649/168 331/651/168 344/652/168
f 344/652/169 331/651/169 329/550/169 338/549/169
f 353/544/170 346/543/170 352/653/170 355/654/170
f 355/654/171 352/653/171 351/655/171 356/656/171
f 356/656/172 351/655/172 350/657/172 357/658/172
f 357/658/173 350/657/173 349/659/173 358/660/173
f 358/660/174 349/659/174 348/661/174 359/662/174
f 359/662/175 348/661/175 347/663/175 360/664/175
f 360/664/176 347/663/176 345/554/176 354/553/176
o Cylinder.005
v 19.105566 0.362540 -24.884953
v 20.602791 0.362540 -23.878820
v 19.364031 0.362540 -24.869198
v 19.628506 0.362540 -24.801376
v 19.885731 0.362540 -24.684887
v 20.122803 0.362540 -24.525576
v 20.327839 0.362540 -24.331427
v 20.490555 0.362540 -24.112177
v 20.602791 2.110823 -23.878820
v 19.105566 2.110823 -24.884953
v 20.490555 2.110823 -24.112177
v 20.327839 2.110823 -24.331427
v 20.122803 2.110823 -24.525576
v 19.885731 2.110823 -24.684887
v 19.628506 2.110823 -24.801376
v 19.364031 2.110823 -24.869198
v 22.650131 0.362540 -18.174391
v 22.149763 0.362540 -16.425915
v 22.712284 0.362540 -17.922421
v 22.727261 0.362540 -17.648270
v 22.694307 0.362540 -17.365679
v 22.615078 0.362540 -17.088823
v 22.493546 0.362540 -16.831581
v 22.335804 0.362540 -16.606857
v 22.149763 2.110823 -16.425915
v 22.650131 2.110823 -18.174391
v 22.335804 2.110823 -16.606857
v 22.493546 2.110823 -16.831581
v 22.615078 2.110823 -17.088823
v 22.694307 2.110823 -17.365679
v 22.727261 2.110823 -17.648270
v 22.712284 2.110823 -17.922421
v 17.347139 0.362540 -12.630678
v 15.538904 0.362540 -12.560956
v 17.128307 0.362540 -12.491827
v 16.873838 0.362540 -12.391260
v 16.596489 0.362540 -12.334023
v 16.310171 0.362540 -12.322983
v 16.029238 0.362540 -12.358694
v 15.767778 0.362540 -12.439367
v 15.538904 2.110823 -12.560956
v 17.347139 2.110823 -12.630678
v 15.767778 2.110823 -12.439367
v 16.029238 2.110823 -12.358694
v 16.310171 2.110823 -12.322983
v 16.596489 2.110823 -12.334023
v 16.873838 2.110823 -12.391260
v 17.128307 2.110823 -12.491827
v 10.539719 0.362540 -15.920395
v 9.921107 0.362540 -17.620953
v 10.340672 0.362540 -16.086369
v 10.167196 0.362540 -16.297970
v 10.027992 0.362540 -16.544590
v 9.930040 0.362540 -16.813858
v 9.878252 0.362540 -17.092276
v 9.875224 0.362540 -17.365881
v 9.921107 2.110823 -17.620953
v 10.539719 2.110823 -15.920395
v 9.875224 2.110823 -17.365881
v 9.878252 2.110823 -17.092276
v 9.930040 2.110823 -16.813858
v 10.027992 2.110823 -16.544590
v 10.167196 2.110823 -16.297970
v 10.340672 2.110823 -16.086369
v 11.620583 0.362540 -23.501495
v 13.050425 0.362540 -24.625368
v 11.717827 0.362540 -23.742109
v 11.866300 0.362540 -23.973064
v 12.058559 0.362540 -24.182777
v 12.284963 0.362540 -24.360733
v 12.534158 0.362540 -24.498009
v 12.793650 0.362540 -24.587719
v 13.050425 2.110823 -24.625368
v 11.620583 2.110823 -23.501495
v 12.793650 2.110823 -24.587719
v 12.534158 2.110823 -24.498009
v 12.284963 2.110823 -24.360733
v 12.058559 2.110823 -24.182777
v 11.866300 2.110823 -23.973064
v 11.717827 2.110823 -23.742109
vn -0.0428 -0.0000 -0.9991
vn -0.5578 -0.0000 0.8300
vn -0.9607 -0.0000 -0.2776
vn 0.6200 -0.0000 0.7846
vn -0.0000 1.0000 -0.0000
vn 0.9412 -0.0000 -0.3378
vn 0.0608 -0.0000 -0.9981
vn 0.2484 -0.0000 -0.9687
vn 0.4125 -0.0000 -0.9109
vn 0.5578 -0.0000 -0.8300
vn 0.6876 -0.0000 -0.7261
vn 0.8030 -0.0000 -0.5960
vn 0.9012 -0.0000 -0.4334
vn 0.6972 -0.0000 0.7169
vn 0.8185 -0.0000 0.5745
vn 0.9042 -0.0000 0.4272
vn 0.9614 -0.0000 0.2751
vn 0.9933 -0.0000 0.1158
vn 0.9985 -0.0000 -0.0545
vn 0.9709 -0.0000 -0.2395
vn -0.4692 -0.0000 0.8831
vn -0.2948 -0.0000 0.9555
vn -0.1261 -0.0000 0.9920
vn 0.0385 -0.0000 0.9993
vn 0.2021 -0.0000 0.9794
vn 0.3675 -0.0000 0.9300
vn 0.5358 -0.0000 0.8444
vn -0.9842 -0.0000 -0.1770
vn -0.9999 -0.0000 0.0111
vn -0.9831 -0.0000 0.1829
vn -0.9398 -0.0000 0.3419
vn -0.8708 -0.0000 0.4916
vn -0.7733 -0.0000 0.6340
vn -0.6404 -0.0000 0.7680
vn -0.1451 -0.0000 -0.9894
vn -0.3267 -0.0000 -0.9451
vn -0.4825 -0.0000 -0.8759
vn -0.6180 -0.0000 -0.7862
vn -0.7371 -0.0000 -0.6758
vn -0.8412 -0.0000 -0.5408
vn -0.9271 -0.0000 -0.3747
vn -0.0000 -1.0000 -0.0000
vt -1.254992 0.019050
vt -1.254991 0.987520
vt -2.038769 0.987520
vt -2.038769 0.019050
vt 0.891229 0.019050
vt 0.891230 0.987520
vt 0.108770 0.987520
vt 0.108771 0.019050
vt -0.180503 0.019050
vt -0.180504 0.987520
vt -0.966376 0.987520
vt -0.966376 0.019050
vt 1.966376 0.019050
vt 1.966376 0.987520
vt 1.180503 0.987520
vt 1.180503 0.019050
vt 0.994883 0.546394
vt 0.999047 0.565905
vt 0.999482 0.586994
vt 0.996165 0.608606
vt 0.989264 0.629656
vt 0.979125 0.649088
vt 0.966256 0.665928
vt 0.951301 0.679332
vt 0.571382 0.955359
vt 0.554001 0.965431
vt 0.533970 0.972439
vt 0.512295 0.976033
vt 0.490063 0.976033
vt 0.468388 0.972439
vt 0.448357 0.965431
vt 0.430975 0.955359
vt 0.051057 0.679332
vt 0.036102 0.665928
vt 0.023233 0.649088
vt 0.013093 0.629656
vt 0.006192 0.608606
vt 0.002876 0.586994
vt 0.003311 0.565905
vt 0.007474 0.546394
vt 0.152978 0.098579
vt 0.161088 0.080347
vt 0.173162 0.063030
vt 0.188595 0.047495
vt 0.206613 0.034521
vt 0.226313 0.024760
vt 0.246706 0.018701
vt 0.266771 0.016646
vt 0.735587 0.016646
vt 0.755651 0.018701
vt 0.776045 0.024760
vt 0.795745 0.034521
vt 0.813763 0.047495
vt 0.829196 0.063030
vt 0.841270 0.080347
vt 0.849379 0.098579
vt 3.038769 0.019050
vt 3.038769 0.987520
vt 2.254991 0.987520
vt 2.254991 0.019050
vt -2.072076 0.987520
vt -2.072076 0.019050
vt -2.105871 0.987520
vt -2.105871 0.019050
vt -2.138460 0.987520
vt -2.138460 0.019050
vt -2.183600 0.987520
vt -2.183600 0.019050
vt 3.183600 0.019050
vt 3.183600 0.987520
vt 3.105871 0.987520
vt 3.105871 0.019050
vt 3.072076 0.987520
vt 3.072076 0.019050
vt 1.999519 0.019050
vt 1.999519 0.987520
vt 2.033298 0.019050
vt 2.033298 0.987520
vt 2.066016 0.019050
vt 2.066016 0.987520
vt 2.154625 0.019050
vt 2.154625 0.987520
vt 2.187582 0.019050
vt 2.187582 0.987520
vt 2.221606 0.019050
vt 2.221606 0.987520
vt 0.924718 0.019050
vt 0.924719 0.987520
vt 0.958756 0.019050
vt 0.958755 0.987520
vt 0.991635 0.019050
vt 0.991635 0.987520
vt 1.081276 0.019050
vt 1.081276 0.987520
vt 1.113770 0.019050
vt 1.113770 0.987520
vt 1.147408 0.019050
vt 1.147408 0.987520
vt -0.147408 0.019050
vt -0.147408 0.987520
vt -0.113770 0.019050
vt -0.113770 0.987520
vt -0.081276 0.019050
vt -0.081276 0.987520
vt 0.008365 0.019050
vt 0.008365 0.987520
vt 0.041244 0.019050
vt 0.041244 0.987520
vt 0.075282 0.019050
vt 0.075282 0.987520
vt -1.221606 0.019050
vt -1.221606 0.987520
vt -1.187583 0.019050
vt -1.187583 0.987520
vt -1.154626 0.019050
vt -1.154626 0.987520
vt -1.066016 0.019050
vt -1.066016 0.987520
vt -1.033298 0.019050
vt -1.033297 0.987520
vt -0.999519 0.019050
vt -0.999519 0.987520
vt 0.719203 0.467625
vt 0.726828 0.472043
vt 0.735615 0.475117
vt 0.745124 0.476694
vt 0.754876 0.476694
vt 0.764385 0.475117
vt 0.773171 0.472043
vt 0.780797 0.467625
vt 0.947457 0.346539
vt 0.954017 0.340659
vt 0.959663 0.333272
vt 0.964111 0.324747
vt 0.967138 0.315513
vt 0.968592 0.306033
vt 0.968402 0.296781
vt 0.966575 0.288222
vt 0.902747 0.091778
vt 0.899189 0.083780
vt 0.893893 0.076183
vt 0.887123 0.069368
vt 0.879219 0.063677
vt 0.870577 0.059395
vt 0.861631 0.056737
vt 0.852829 0.055836
vt 0.647171 0.055836
vt 0.638369 0.056737
vt 0.629423 0.059395
vt 0.620781 0.063677
vt 0.612877 0.069368
vt 0.606107 0.076183
vt 0.600811 0.083780
vt 0.597253 0.091778
vt 0.533425 0.288222
vt 0.531598 0.296781
vt 0.531407 0.306033
vt 0.532862 0.315513
vt 0.535890 0.324747
vt 0.540337 0.333272
vt 0.545983 0.340659
vt 0.552543 0.346539
s 0
usemtl ground.002
f 385/721/182 387/722/182 388/723/182 389/724/182 390/725/182 391/726/182 392/727/182 386/728/182 369/729/182 371/730/182 372/731/182 373/732/182 374/733/182 375/734/182 376/735/182 370/736/182 433/737/182 435/738/182 436/739/182 437/740/182 438/741/182 439/742/182 440/743/182 434/744/182 417/745/182 419/746/182 420/747/182 421/748/182 422/749/182 423/750/182 424/751/182 418/752/182 401/753/182 403/754/182 404/755/182 405/756/182 406/757/182 407/758/182 408/759/182 402/760/182
f 361/827/219 363/828/219 364/829/219 365/830/219 366/831/219 367/832/219 368/833/219 362/834/219 377/835/219 379/836/219 380/837/219 381/838/219 382/839/219 383/840/219 384/841/219 378/842/219 393/843/219 395/844/219 396/845/219 397/846/219 398/847/219 399/848/219 400/849/219 394/850/219 409/851/219 411/852/219 412/853/219 413/854/219 414/855/219 415/856/219 416/857/219 410/858/219 425/859/219 427/860/219 428/861/219 429/862/219 430/863/219 431/864/219 432/865/219 426/866/219
usemtl cliff.002
f 426/705/178 433/706/178 370/707/178 361/708/178
f 394/709/179 401/710/179 418/711/179 409/712/179
f 410/713/180 417/714/180 434/715/180 425/716/180
f 378/717/181 385/718/181 402/719/181 393/720/181
f 362/761/183 369/762/183 386/763/183 377/764/183
f 361/708/184 370/707/184 376/765/184 363/766/184
f 363/766/185 376/765/185 375/767/185 364/768/185
f 364/768/186 375/767/186 374/769/186 365/770/186
f 365/770/187 374/769/187 373/771/187 366/772/187
f 366/773/188 373/774/188 372/775/188 367/776/188
f 367/776/189 372/775/189 371/777/189 368/778/189
f 368/778/190 371/777/190 369/762/190 362/761/190
f 385/718/191 378/717/191 384/779/191 387/780/191
f 387/780/192 384/779/192 383/781/192 388/782/192
f 388/782/193 383/781/193 382/783/193 389/784/193
f 389/784/194 382/783/194 381/785/194 390/786/194
f 390/786/195 381/785/195 380/787/195 391/788/195
f 391/788/196 380/787/196 379/789/196 392/790/196
f 392/790/197 379/789/197 377/764/197 386/763/197
f 401/710/198 394/709/198 400/791/198 403/792/198
f 403/792/199 400/791/199 399/793/199 404/794/199
f 404/794/200 399/793/200 398/795/200 405/796/200
f 405/796/201 398/795/201 397/797/201 406/798/201
f 406/798/202 397/797/202 396/799/202 407/800/202
f 407/800/203 396/799/203 395/801/203 408/802/203
f 408/802/204 395/801/204 393/720/204 402/719/204
f 417/714/205 410/713/205 416/803/205 419/804/205
f 419/804/206 416/803/206 415/805/206 420/806/206
f 420/806/207 415/805/207 414/807/207 421/808/207
f 421/808/208 414/807/208 413/809/208 422/810/208
f 422/810/209 413/809/209 412/811/209 423/812/209
f 423/812/210 412/811/210 411/813/210 424/814/210
f 424/814/211 411/813/211 409/712/211 418/711/211
f 433/706/212 426/705/212 432/815/212 435/816/212
f 435/816/213 432/815/213 431/817/213 436/818/213
f 436/818/214 431/817/214 430/819/214 437/820/214
f 437/820/215 430/819/215 429/821/215 438/822/215
f 438/822/216 429/821/216 428/823/216 439/824/216
f 439/824/217 428/823/217 427/825/217 440/826/217
f 440/826/218 427/825/218 425/716/218 434/715/218
o Cylinder.006
v 19.412127 1.959890 -22.167183
v 20.334957 1.959890 -21.547043
v 19.571434 1.959890 -22.157473
v 19.734446 1.959890 -22.115669
v 19.892988 1.959890 -22.043871
v 20.039112 1.959890 -21.945677
v 20.165487 1.959890 -21.826012
v 20.265779 1.959890 -21.690874
v 20.334957 3.179093 -21.547043
v 19.412127 3.179093 -22.167183
v 20.265779 3.179093 -21.690874
v 20.165487 3.179093 -21.826012
v 20.039112 3.179093 -21.945677
v 19.892988 3.179093 -22.043871
v 19.734446 3.179093 -22.115669
v 19.571434 3.179093 -22.157473
v 21.596857 1.959890 -18.031055
v 21.288450 1.959890 -16.953362
v 21.635166 1.959890 -17.875751
v 21.644398 1.959890 -17.706774
v 21.624086 1.959890 -17.532597
v 21.575253 1.959890 -17.361954
v 21.500345 1.959890 -17.203400
v 21.403118 1.959890 -17.064888
v 21.288450 3.179093 -16.953362
v 21.596857 3.179093 -18.031055
v 21.403118 3.179093 -17.064888
v 21.500345 3.179093 -17.203400
v 21.575253 3.179093 -17.361954
v 21.624086 3.179093 -17.532597
v 21.644398 3.179093 -17.706774
v 21.635166 3.179093 -17.875751
v 18.328300 1.959890 -14.614127
v 17.213776 1.959890 -14.571153
v 18.193420 1.959890 -14.528544
v 18.036575 1.959890 -14.466558
v 17.865629 1.959890 -14.431280
v 17.689154 1.959890 -14.424475
v 17.515997 1.959890 -14.446486
v 17.354843 1.959890 -14.496210
v 17.213776 3.179093 -14.571153
v 18.328300 3.179093 -14.614127
v 17.354843 3.179093 -14.496210
v 17.515997 3.179093 -14.446486
v 17.689154 3.179093 -14.424475
v 17.865629 3.179093 -14.431280
v 18.036575 3.179093 -14.466558
v 18.193420 3.179093 -14.528544
v 14.132472 1.959890 -16.641781
v 13.751184 1.959890 -17.689938
v 14.009787 1.959890 -16.744080
v 13.902864 1.959890 -16.874502
v 13.817063 1.959890 -17.026508
v 13.756689 1.959890 -17.192476
v 13.724770 1.959890 -17.364082
v 13.722902 1.959890 -17.532721
v 13.751184 3.179093 -17.689938
v 14.132472 3.179093 -16.641781
v 13.722902 3.179093 -17.532721
v 13.724770 3.179093 -17.364082
v 13.756689 3.179093 -17.192476
v 13.817063 3.179093 -17.026508
v 13.902864 3.179093 -16.874502
v 14.009787 3.179093 -16.744080
v 14.798674 1.959890 -21.314476
v 15.679974 1.959890 -22.007185
v 14.858611 1.959890 -21.462780
v 14.950125 1.959890 -21.605131
v 15.068625 1.959890 -21.734390
v 15.208172 1.959890 -21.844074
v 15.361766 1.959890 -21.928686
v 15.521707 1.959890 -21.983980
v 15.679974 3.179093 -22.007185
v 14.798674 3.179093 -21.314476
v 15.521707 3.179093 -21.983980
v 15.361766 3.179093 -21.928686
v 15.208172 3.179093 -21.844074
v 15.068625 3.179093 -21.734390
v 14.950125 3.179093 -21.605131
v 14.858611 3.179093 -21.462780
vn -0.0428 -0.0000 -0.9991
vn -0.5578 -0.0000 0.8300
vn -0.9607 -0.0000 -0.2776
vn 0.6200 -0.0000 0.7846
vn -0.0000 1.0000 -0.0000
vn 0.9412 -0.0000 -0.3378
vn 0.0608 -0.0000 -0.9981
vn 0.2484 -0.0000 -0.9687
vn 0.4125 -0.0000 -0.9109
vn 0.5578 -0.0000 -0.8300
vn 0.6876 -0.0000 -0.7261
vn 0.8030 -0.0000 -0.5960
vn 0.9012 -0.0000 -0.4334
vn 0.6972 -0.0000 0.7169
vn 0.8185 -0.0000 0.5745
vn 0.9042 -0.0000 0.4272
vn 0.9614 -0.0000 0.2751
vn 0.9933 -0.0000 0.1158
vn 0.9985 -0.0000 -0.0545
vn 0.9709 -0.0000 -0.2395
vn -0.4692 -0.0000 0.8831
vn -0.2948 -0.0000 0.9555
vn -0.1261 -0.0000 0.9920
vn 0.0385 -0.0000 0.9993
vn 0.2021 -0.0000 0.9794
vn 0.3675 -0.0000 0.9300
vn 0.5358 -0.0000 0.8444
vn -0.9842 -0.0000 -0.1770
vn -0.9999 -0.0000 0.0111
vn -0.9831 -0.0000 0.1829
vn -0.9398 -0.0000 0.3419
vn -0.8708 -0.0000 0.4916
vn -0.7733 -0.0000 0.6340
vn -0.6404 -0.0000 0.7680
vn -0.1451 -0.0000 -0.9894
vn -0.3267 -0.0000 -0.9451
vn -0.4825 -0.0000 -0.8759
vn -0.6180 -0.0000 -0.7862
vn -0.7371 -0.0000 -0.6758
vn -0.8412 -0.0000 -0.5408
vn -0.9271 -0.0000 -0.3747
vn -0.0000 -1.0000 -0.0000
vt -0.678542 0.025362
vt -0.678541 0.981208
vt -1.204877 0.981208
vt -1.204877 0.025362
vt 0.762725 0.025362
vt 0.762725 0.981208
vt 0.237275 0.981208
vt 0.237275 0.025362
vt 0.043017 0.025362
vt 0.043017 0.981208
vt -0.484726 0.981208
vt -0.484726 0.025362
vt 1.484726 0.025362
vt 1.484726 0.981208
vt 0.956983 0.981208
vt 0.956983 0.025362
vt 0.863198 0.550520
vt 0.866445 0.565737
vt 0.866784 0.582185
vt 0.864198 0.599040
vt 0.858815 0.615456
vt 0.850908 0.630612
vt 0.840871 0.643745
vt 0.829208 0.654199
vt 0.532908 0.869474
vt 0.519352 0.877328
vt 0.503730 0.882794
vt 0.486825 0.885598
vt 0.469486 0.885598
vt 0.452582 0.882794
vt 0.436960 0.877328
vt 0.423404 0.869474
vt 0.127104 0.654199
vt 0.115441 0.643745
vt 0.105404 0.630612
vt 0.097496 0.615456
vt 0.092114 0.599040
vt 0.089528 0.582185
vt 0.089866 0.565737
vt 0.093114 0.550520
vt 0.206593 0.201267
vt 0.212917 0.187048
vt 0.222334 0.173543
vt 0.234370 0.161427
vt 0.248422 0.151309
vt 0.263786 0.143696
vt 0.279692 0.138970
vt 0.295340 0.137368
vt 0.660971 0.137368
vt 0.676620 0.138970
vt 0.692525 0.143696
vt 0.707889 0.151309
vt 0.721941 0.161427
vt 0.733978 0.173543
vt 0.743394 0.187048
vt 0.749719 0.201267
vt 2.204877 0.025362
vt 2.204877 0.981208
vt 1.678542 0.981208
vt 1.678542 0.025362
vt -1.227244 0.981208
vt -1.227244 0.025362
vt -1.249939 0.981208
vt -1.249939 0.025362
vt -1.271823 0.981208
vt -1.271823 0.025362
vt -1.302137 0.981208
vt -1.302137 0.025362
vt 2.302137 0.025362
vt 2.302137 0.981208
vt 2.249939 0.981208
vt 2.249939 0.025362
vt 2.227244 0.981208
vt 2.227244 0.025362
vt 1.506983 0.025362
vt 1.506983 0.981208
vt 1.529666 0.025362
vt 1.529666 0.981208
vt 1.551638 0.025362
vt 1.551638 0.981208
vt 1.611142 0.025362
vt 1.611142 0.981208
vt 1.633274 0.025362
vt 1.633274 0.981208
vt 1.656122 0.025362
vt 1.656122 0.981208
vt 0.785214 0.025362
vt 0.785214 0.981208
vt 0.808071 0.025362
vt 0.808071 0.981208
vt 0.830151 0.025362
vt 0.830151 0.981208
vt 0.890348 0.025362
vt 0.890348 0.981208
vt 0.912169 0.025362
vt 0.912169 0.981208
vt 0.934758 0.025362
vt 0.934758 0.981208
vt 0.065241 0.025362
vt 0.065242 0.981208
vt 0.087831 0.025362
vt 0.087831 0.981208
vt 0.109651 0.025362
vt 0.109651 0.981208
vt 0.169849 0.025362
vt 0.169849 0.981208
vt 0.191929 0.025362
vt 0.191929 0.981208
vt 0.214786 0.025362
vt 0.214786 0.981208
vt -0.656123 0.025362
vt -0.656122 0.981208
vt -0.633274 0.025362
vt -0.633274 0.981208
vt -0.611142 0.025362
vt -0.611142 0.981208
vt -0.551638 0.025362
vt -0.551638 0.981208
vt -0.529666 0.025362
vt -0.529666 0.981208
vt -0.506983 0.025362
vt -0.506983 0.981208
vt 0.719203 0.467625
vt 0.726828 0.472043
vt 0.735615 0.475117
vt 0.745124 0.476694
vt 0.754876 0.476694
vt 0.764385 0.475117
vt 0.773171 0.472043
vt 0.780797 0.467625
vt 0.947457 0.346539
vt 0.954017 0.340659
vt 0.959663 0.333272
vt 0.964111 0.324747
vt 0.967138 0.315513
vt 0.968592 0.306033
vt 0.968402 0.296781
vt 0.966575 0.288222
vt 0.902747 0.091778
vt 0.899189 0.083780
vt 0.893893 0.076183
vt 0.887123 0.069368
vt 0.879219 0.063677
vt 0.870577 0.059395
vt 0.861631 0.056737
vt 0.852829 0.055836
vt 0.647171 0.055836
vt 0.638369 0.056737
vt 0.629423 0.059395
vt 0.620781 0.063677
vt 0.612877 0.069368
vt 0.606107 0.076183
vt 0.600811 0.083780
vt 0.597253 0.091778
vt 0.533425 0.288222
vt 0.531598 0.296781
vt 0.531407 0.306033
vt 0.532862 0.315513
vt 0.535890 0.324747
vt 0.540337 0.333272
vt 0.545983 0.340659
vt 0.552543 0.346539
s 0
usemtl ground.002
f 465/883/224 467/884/224 468/885/224 469/886/224 470/887/224 471/888/224 472/889/224 466/890/224 449/891/224 451/892/224 452/893/224 453/894/224 454/895/224 455/896/224 456/897/224 450/898/224 513/899/224 515/900/224 516/901/224 517/902/224 518/903/224 519/904/224 520/905/224 514/906/224 497/907/224 499/908/224 500/909/224 501/910/224 502/911/224 503/912/224 504/913/224 498/914/224 481/915/224 483/916/224 484/917/224 485/918/224 486/919/224 487/920/224 488/921/224 482/922/224
f 441/989/261 443/990/261 444/991/261 445/992/261 446/993/261 447/994/261 448/995/261 442/996/261 457/997/261 459/998/261 460/999/261 461/1000/261 462/1001/261 463/1002/261 464/1003/261 458/1004/261 473/1005/261 475/1006/261 476/1007/261 477/1008/261 478/1009/261 479/1010/261 480/1011/261 474/1012/261 489/1013/261 491/1014/261 492/1015/261 493/1016/261 494/1017/261 495/1018/261 496/1019/261 490/1020/261 505/1021/261 507/1022/261 508/1023/261 509/1024/261 510/1025/261 511/1026/261 512/1027/261 506/1028/261
usemtl cliff.002
f 506/867/220 513/868/220 450/869/220 441/870/220
f 474/871/221 481/872/221 498/873/221 489/874/221
f 490/875/222 497/876/222 514/877/222 505/878/222
f 458/879/223 465/880/223 482/881/223 473/882/223
f 442/923/225 449/924/225 466/925/225 457/926/225
f 441/870/226 450/869/226 456/927/226 443/928/226
f 443/928/227 456/927/227 455/929/227 444/930/227
f 444/930/228 455/929/228 454/931/228 445/932/228
f 445/932/229 454/931/229 453/933/229 446/934/229
f 446/935/230 453/936/230 452/937/230 447/938/230
f 447/938/231 452/937/231 451/939/231 448/940/231
f 448/940/232 451/939/232 449/924/232 442/923/232
f 465/880/233 458/879/233 464/941/233 467/942/233
f 467/942/234 464/941/234 463/943/234 468/944/234
f 468/944/235 463/943/235 462/945/235 469/946/235
f 469/946/236 462/945/236 461/947/236 470/948/236
f 470/948/237 461/947/237 460/949/237 471/950/237
f 471/950/238 460/949/238 459/951/238 472/952/238
f 472/952/239 459/951/239 457/926/239 466/925/239
f 481/872/240 474/871/240 480/953/240 483/954/240
f 483/954/241 480/953/241 479/955/241 484/956/241
f 484/956/242 479/955/242 478/957/242 485/958/242
f 485/958/243 478/957/243 477/959/243 486/960/243
f 486/960/244 477/959/244 476/961/244 487/962/244
f 487/962/245 476/961/245 475/963/245 488/964/245
f 488/964/246 475/963/246 473/882/246 482/881/246
f 497/876/247 490/875/247 496/965/247 499/966/247
f 499/966/248 496/965/248 495/967/248 500/968/248
f 500/968/249 495/967/249 494/969/249 501/970/249
f 501/970/250 494/969/250 493/971/250 502/972/250
f 502/972/251 493/971/251 492/973/251 503/974/251
f 503/974/252 492/973/252 491/975/252 504/976/252
f 504/976/253 491/975/253 489/874/253 498/873/253
f 513/868/254 506/867/254 512/977/254 515/978/254
f 515/978/255 512/977/255 511/979/255 516/980/255
f 516/980/256 511/979/256 510/981/256 517/982/256
f 517/982/257 510/981/257 509/983/257 518/984/257
f 518/984/258 509/983/258 508/985/258 519/986/258
f 519/986/259 508/985/259 507/987/259 520/988/259
f 520/988/260 507/987/260 505/878/260 514/877/260
o Cylinder.001
v -19.302544 0.393791 6.287597
v -19.767471 0.393791 4.903875
v -19.460653 0.393791 6.150082
v -19.596954 0.393791 5.976191
v -19.704613 0.393791 5.774641
v -19.778231 0.393791 5.555540
v -19.814116 0.393791 5.329875
v -19.810469 0.393791 5.108960
v -19.767471 2.123948 4.903875
v -19.302544 2.123948 6.287597
v -19.810469 2.123948 5.108960
v -19.814116 2.123948 5.329875
v -19.778231 2.123948 5.555540
v -19.704613 2.123948 5.774641
v -19.596954 2.123948 5.976191
v -19.460653 2.123948 6.150082
v -18.269545 0.393791 0.233767
v -17.086559 0.393791 -0.641708
v -18.185232 0.393791 0.041424
v -18.059706 0.393791 -0.141901
v -17.899263 0.393791 -0.307015
v -17.711946 0.393791 -0.445639
v -17.507153 0.393791 -0.550822
v -17.295145 0.393791 -0.617289
v -17.086559 2.123948 -0.641708
v -18.269545 2.123948 0.233767
v -17.295145 2.123948 -0.617289
v -17.507153 2.123948 -0.550822
v -17.711946 2.123948 -0.445639
v -17.899263 2.123948 -0.307015
v -18.059706 2.123948 -0.141901
v -18.185232 2.123948 0.041424
v -12.133624 0.393791 -0.710049
v -10.938786 0.393791 0.136527
v -11.924742 0.393791 -0.691292
v -11.711859 0.393791 -0.630398
v -11.505651 0.393791 -0.530420
v -11.316458 0.393791 -0.396372
v -11.153768 0.393791 -0.234975
v -11.025737 0.393791 -0.054323
v -10.938786 2.123948 0.136527
v -12.133624 2.123948 -0.710049
v -11.025737 2.123948 -0.054323
v -11.153768 2.123948 -0.234975
v -11.316458 2.123948 -0.396372
v -11.505651 2.123948 -0.530420
v -11.711859 2.123948 -0.630398
v -11.924742 2.123948 -0.691292
v -9.386410 0.393791 4.756726
v -9.827648 0.393791 6.153020
v -9.340479 0.393791 4.961359
v -9.333451 0.393791 5.182668
v -9.365679 0.393791 5.409557
v -9.435545 0.393791 5.630649
v -9.539547 0.393791 5.834856
v -9.672470 0.393791 6.011940
v -9.827648 2.123948 6.153020
v -9.386410 2.123948 4.756726
v -9.672470 2.123948 6.011940
v -9.539547 2.123948 5.834856
v -9.435545 2.123948 5.630649
v -9.365679 2.123948 5.409557
v -9.333451 2.123948 5.182668
v -9.340479 2.123948 4.961359
v -13.816976 0.393791 9.089260
v -15.288587 0.393791 9.105723
v -13.997988 0.393791 9.195745
v -14.207115 0.393791 9.270779
v -14.433874 0.393791 9.310596
v -14.666891 0.393791 9.313204
v -14.894484 0.393791 9.278468
v -15.105238 0.393791 9.208133
v -15.288587 2.123948 9.105723
v -13.816976 2.123948 9.089260
v -15.105238 2.123948 9.208133
v -14.894484 2.123948 9.278468
v -14.666891 2.123948 9.313204
v -14.433874 2.123948 9.310596
v -14.207115 2.123948 9.270779
v -13.997988 2.123948 9.195745
vn -0.5746 -0.0000 0.8184
vn 0.9479 -0.0000 -0.3185
vn 0.5928 -0.0000 0.8054
vn -0.0138 -0.0000 -0.9999
vn -0.0000 1.0000 -0.0000
vn -0.9522 -0.0000 -0.3054
vn -0.6563 -0.0000 0.7545
vn -0.7870 -0.0000 0.6169
vn -0.8821 -0.0000 0.4712
vn -0.9479 -0.0000 0.3185
vn -0.9876 -0.0000 0.1570
vn -0.9999 -0.0000 -0.0165
vn -0.9787 -0.0000 -0.2052
vn -0.1163 -0.0000 -0.9932
vn -0.2992 -0.0000 -0.9542
vn -0.4569 -0.0000 -0.8895
vn -0.5949 -0.0000 -0.8038
vn -0.7172 -0.0000 -0.6969
vn -0.8251 -0.0000 -0.5650
vn -0.9159 -0.0000 -0.4015
vn 0.9100 -0.0000 -0.4146
vn 0.8159 -0.0000 -0.5782
vn 0.7043 -0.0000 -0.7099
vn 0.5781 -0.0000 -0.8159
vn 0.4363 -0.0000 -0.8998
vn 0.2750 -0.0000 -0.9614
vn 0.0894 -0.0000 -0.9960
vn 0.6727 -0.0000 0.7399
vn 0.7998 -0.0000 0.6003
vn 0.8911 -0.0000 0.4538
vn 0.9535 -0.0000 0.3013
vn 0.9901 -0.0000 0.1406
vn 0.9995 -0.0000 -0.0317
vn 0.9757 -0.0000 -0.2190
vn -0.4876 -0.0000 0.8730
vn -0.3166 -0.0000 0.9486
vn -0.1509 -0.0000 0.9886
vn 0.0112 -0.0000 0.9999
vn 0.1730 -0.0000 0.9849
vn 0.3377 -0.0000 0.9412
vn 0.5070 -0.0000 0.8619
vn -0.0000 -1.0000 -0.0000
vt -0.634440 0.006118
vt -0.634440 0.993068
vt -1.142745 0.993068
vt -1.142745 0.006118
vt 0.757453 0.006118
vt 0.757453 0.993068
vt 0.250003 0.993068
vt 0.250003 0.006118
vt 0.062400 0.006118
vt 0.062400 0.993068
vt -0.447264 0.993068
vt -0.447264 0.006118
vt 1.454719 0.006118
vt 1.454719 0.993068
vt 0.945056 0.993068
vt 0.945056 0.006118
vt 0.987872 0.548032
vt 0.992008 0.567413
vt 0.992440 0.588364
vt 0.989145 0.609833
vt 0.982290 0.630743
vt 0.972218 0.650047
vt 0.959433 0.666776
vt 0.944578 0.680091
vt 0.567170 0.954294
vt 0.549904 0.964298
vt 0.530005 0.971260
vt 0.508474 0.974831
vt 0.486388 0.974831
vt 0.464857 0.971260
vt 0.444958 0.964298
vt 0.427691 0.954294
vt 0.050284 0.680091
vt 0.035429 0.666776
vt 0.022644 0.650047
vt 0.012572 0.630743
vt 0.005717 0.609833
vt 0.002422 0.588364
vt 0.002854 0.567413
vt 0.006990 0.548032
vt 0.151532 0.103177
vt 0.159588 0.085066
vt 0.171582 0.067863
vt 0.186913 0.052431
vt 0.204812 0.039543
vt 0.224382 0.029847
vt 0.244640 0.023827
vt 0.264573 0.021786
vt 0.730289 0.021786
vt 0.750221 0.023827
vt 0.770480 0.029846
vt 0.790050 0.039543
vt 0.807949 0.052431
vt 0.823280 0.067863
vt 0.835274 0.085066
vt 0.843330 0.103177
vt 2.150200 0.006118
vt 2.150200 0.993068
vt 1.641896 0.993068
vt 1.641896 0.006118
vt -1.164345 0.993068
vt -1.164346 0.006118
vt -1.186263 0.993068
vt -1.186263 0.006118
vt -1.207398 0.993068
vt -1.207398 0.006118
vt -1.236672 0.993068
vt -1.236672 0.006118
vt 2.244128 0.006118
vt 2.244128 0.993068
vt 2.193718 0.993068
vt 2.193718 0.006118
vt 2.171801 0.993068
vt 2.171801 0.006118
vt 1.476214 0.006118
vt 1.476214 0.993068
vt 1.498120 0.006118
vt 1.498120 0.993068
vt 1.519339 0.006118
vt 1.519339 0.993068
vt 1.576805 0.006118
vt 1.576805 0.993068
vt 1.598179 0.006118
vt 1.598179 0.993068
vt 1.620245 0.006118
vt 1.620245 0.993068
vt 0.779171 0.006118
vt 0.779171 0.993068
vt 0.801246 0.006118
vt 0.801245 0.993068
vt 0.822569 0.006118
vt 0.822569 0.993068
vt 0.880704 0.006118
vt 0.880704 0.993068
vt 0.901777 0.006118
vt 0.901777 0.993068
vt 0.923592 0.006118
vt 0.923592 0.993068
vt 0.083863 0.006118
vt 0.083863 0.993068
vt 0.105678 0.006118
vt 0.105678 0.993068
vt 0.126752 0.006118
vt 0.126752 0.993068
vt 0.184887 0.006118
vt 0.184887 0.993068
vt 0.206210 0.006118
vt 0.206210 0.993068
vt 0.228284 0.006118
vt 0.228284 0.993068
vt -0.612789 0.006118
vt -0.612789 0.993068
vt -0.590723 0.006118
vt -0.590723 0.993068
vt -0.569350 0.006118
vt -0.569350 0.993068
vt -0.511883 0.006118
vt -0.511883 0.993068
vt -0.490665 0.006118
vt -0.490664 0.993068
vt -0.468758 0.006118
vt -0.468758 0.993068
vt 0.719203 0.467625
vt 0.726828 0.472043
vt 0.735615 0.475117
vt 0.745124 0.476694
vt 0.754876 0.476694
vt 0.764385 0.475117
vt 0.773171 0.472043
vt 0.780797 0.467625
vt 0.947457 0.346539
vt 0.954017 0.340659
vt 0.959663 0.333272
vt 0.964111 0.324747
vt 0.967138 0.315513
vt 0.968592 0.306033
vt 0.968402 0.296781
vt 0.966575 0.288222
vt 0.902747 0.091778
vt 0.899189 0.083780
vt 0.893893 0.076183
vt 0.887123 0.069368
vt 0.879219 0.063677
vt 0.870577 0.059395
vt 0.861631 0.056737
vt 0.852829 0.055836
vt 0.647171 0.055836
vt 0.638369 0.056737
vt 0.629423 0.059395
vt 0.620781 0.063677
vt 0.612877 0.069368
vt 0.606107 0.076183
vt 0.600811 0.083780
vt 0.597253 0.091778
vt 0.533425 0.288222
vt 0.531598 0.296781
vt 0.531407 0.306033
vt 0.532862 0.315513
vt 0.535890 0.324747
vt 0.540337 0.333272
vt 0.545983 0.340659
vt 0.552543 0.346539
s 0
usemtl ground.002
f 545/1045/266 547/1046/266 548/1047/266 549/1048/266 550/1049/266 551/1050/266 552/1051/266 546/1052/266 529/1053/266 531/1054/266 532/1055/266 533/1056/266 534/1057/266 535/1058/266 536/1059/266 530/1060/266 593/1061/266 595/1062/266 596/1063/266 597/1064/266 598/1065/266 599/1066/266 600/1067/266 594/1068/266 577/1069/266 579/1070/266 580/1071/266 581/1072/266 582/1073/266 583/1074/266 584/1075/266 578/1076/266 561/1077/266 563/1078/266 564/1079/266 565/1080/266 566/1081/266 567/1082/266 568/1083/266 562/1084/266
f 521/1151/303 523/1152/303 524/1153/303 525/1154/303 526/1155/303 527/1156/303 528/1157/303 522/1158/303 537/1159/303 539/1160/303 540/1161/303 541/1162/303 542/1163/303 543/1164/303 544/1165/303 538/1166/303 553/1167/303 555/1168/303 556/1169/303 557/1170/303 558/1171/303 559/1172/303 560/1173/303 554/1174/303 569/1175/303 571/1176/303 572/1177/303 573/1178/303 574/1179/303 575/1180/303 576/1181/303 570/1182/303 585/1183/303 587/1184/303 588/1185/303 589/1186/303 590/1187/303 591/1188/303 592/1189/303 586/1190/303
usemtl cliff.002
f 586/1029/262 593/1030/262 530/1031/262 521/1032/262
f 554/1033/263 561/1034/263 578/1035/263 569/1036/263
f 570/1037/264 577/1038/264 594/1039/264 585/1040/264
f 538/1041/265 545/1042/265 562/1043/265 553/1044/265
f 522/1085/267 529/1086/267 546/1087/267 537/1088/267
f 521/1032/268 530/1031/268 536/1089/268 523/1090/268
f 523/1090/269 536/1089/269 535/1091/269 524/1092/269
f 524/1092/270 535/1091/270 534/1093/270 525/1094/270
f 525/1094/271 534/1093/271 533/1095/271 526/1096/271
f 526/1097/272 533/1098/272 532/1099/272 527/1100/272
f 527/1100/273 532/1099/273 531/1101/273 528/1102/273
f 528/1102/274 531/1101/274 529/1086/274 522/1085/274
f 545/1042/275 538/1041/275 544/1103/275 547/1104/275
f 547/1104/276 544/1103/276 543/1105/276 548/1106/276
f 548/1106/277 543/1105/277 542/1107/277 549/1108/277
f 549/1108/278 542/1107/278 541/1109/278 550/1110/278
f 550/1110/279 541/1109/279 540/1111/279 551/1112/279
f 551/1112/280 540/1111/280 539/1113/280 552/1114/280
f 552/1114/281 539/1113/281 537/1088/281 546/1087/281
f 561/1034/282 554/1033/282 560/1115/282 563/1116/282
f 563/1116/283 560/1115/283 559/1117/283 564/1118/283
f 564/1118/284 559/1117/284 558/1119/284 565/1120/284
f 565/1120/285 558/1119/285 557/1121/285 566/1122/285
f 566/1122/286 557/1121/286 556/1123/286 567/1124/286
f 567/1124/287 556/1123/287 555/1125/287 568/1126/287
f 568/1126/288 555/1125/288 553/1044/288 562/1043/288
f 577/1038/289 570/1037/289 576/1127/289 579/1128/289
f 579/1128/290 576/1127/290 575/1129/290 580/1130/290
f 580/1130/291 575/1129/291 574/1131/291 581/1132/291
f 581/1132/292 574/1131/292 573/1133/292 582/1134/292
f 582/1134/293 573/1133/293 572/1135/293 583/1136/293
f 583/1136/294 572/1135/294 571/1137/294 584/1138/294
f 584/1138/295 571/1137/295 569/1036/295 578/1035/295
f 593/1030/296 586/1029/296 592/1139/296 595/1140/296
f 595/1140/297 592/1139/297 591/1141/297 596/1142/297
f 596/1142/298 591/1141/298 590/1143/298 597/1144/298
f 597/1144/299 590/1143/299 589/1145/299 598/1146/299
f 598/1146/300 589/1145/300 588/1147/300 599/1148/300
f 599/1148/301 588/1147/301 587/1149/301 600/1150/301
f 600/1150/302 587/1149/302 585/1040/302 594/1039/302
o Cylinder.007
v -0.917069 0.410081 0.352545
v -0.848896 3.127502 0.722570
v -0.701879 0.410081 0.334422
v -0.707204 3.127502 0.710637
v -0.487288 0.410081 0.358629
v -0.565907 3.127502 0.726576
v -0.281543 0.410081 0.424235
v -0.430434 3.127502 0.769775
v -0.092550 0.410081 0.528720
v -0.305992 3.127502 0.838572
v 0.072427 0.410081 0.668067
v -0.197362 3.127502 0.930326
v 0.207050 0.410081 0.836923
v -0.108720 3.127502 1.041509
v 0.306143 0.410081 1.028797
v -0.043472 3.127502 1.167848
v 0.365899 0.410081 1.236317
v -0.004126 3.127502 1.304490
v 0.384022 0.410081 1.451507
v 0.007807 3.127502 1.446182
v 0.359816 0.410081 1.666098
v -0.008131 3.127502 1.587479
v 0.294210 0.410081 1.871843
v -0.051330 3.127502 1.722952
v 0.189725 0.410081 2.060836
v -0.120128 3.127502 1.847394
v 0.050378 0.410081 2.225813
v -0.211881 3.127502 1.956024
v -0.118478 0.410081 2.360435
v -0.323064 3.127502 2.044666
v -0.310352 0.410081 2.459529
v -0.449404 3.127502 2.109914
v -0.517872 0.410081 2.519285
v -0.586045 3.127502 2.149260
v -0.733062 0.410081 2.537408
v -0.727737 3.127502 2.161193
v -0.947653 0.410081 2.513202
v -0.869034 3.127502 2.145255
v -1.153399 0.410081 2.447596
v -1.004507 3.127502 2.102056
v -1.342391 0.410081 2.343111
v -1.128950 3.127502 2.033258
v -1.507369 0.410081 2.203763
v -1.237579 3.127502 1.941505
v -1.641991 0.410081 2.034908
v -1.326221 3.127502 1.830322
v -1.741084 0.410081 1.843034
v -1.391469 3.127502 1.703982
v -1.800840 0.410081 1.635514
v -1.430815 3.127502 1.567341
v -1.818964 0.410081 1.420324
v -1.442749 3.127502 1.425649
v -1.794757 0.410081 1.205733
v -1.426810 3.127502 1.284352
v -1.729151 0.410081 0.999987
v -1.383611 3.127502 1.148879
v -1.624666 0.410081 0.810995
v -1.314814 3.127502 1.024436
v -1.485319 0.410081 0.646017
v -1.223060 3.127502 0.915807
v -1.316463 0.410081 0.511395
v -1.111877 3.127502 0.827165
v -1.124589 0.410081 0.412302
v -0.985538 3.127502 0.761917
vn -0.0831 0.1365 -0.9871
vn 0.1110 0.1365 -0.9844
vn 0.3010 0.1365 -0.9438
vn 0.4793 0.1365 -0.8670
vn 0.6392 0.1365 -0.7568
vn 0.7746 0.1365 -0.6176
vn 0.8802 0.1365 -0.4546
vn 0.9520 0.1365 -0.2741
vn 0.9871 0.1365 -0.0831
vn 0.9844 0.1365 0.1110
vn 0.9438 0.1365 0.3010
vn 0.8670 0.1365 0.4793
vn 0.7568 0.1365 0.6392
vn 0.6176 0.1365 0.7746
vn 0.4546 0.1365 0.8802
vn 0.2741 0.1365 0.9520
vn 0.0831 0.1365 0.9871
vn -0.1110 0.1365 0.9844
vn -0.3010 0.1365 0.9438
vn -0.4793 0.1365 0.8670
vn -0.6392 0.1365 0.7568
vn -0.7746 0.1365 0.6176
vn -0.8802 0.1365 0.4546
vn -0.9520 0.1365 0.2741
vn -0.9871 0.1365 0.0831
vn -0.9844 0.1365 -0.1110
vn -0.9438 0.1365 -0.3010
vn -0.8670 0.1365 -0.4793
vn -0.7568 0.1365 -0.6392
vn -0.6176 0.1365 -0.7746
vn -0.0000 1.0000 -0.0000
vn -0.4546 0.1365 -0.8802
vn -0.2741 0.1365 -0.9520
vn -0.0000 -1.0000 -0.0000
vt 1.000000 0.006361
vt 1.000000 0.982363
vt 0.968750 0.982363
vt 0.968750 0.006361
vt 0.937500 0.982363
vt 0.937500 0.006361
vt 0.906250 0.982363
vt 0.906250 0.006361
vt 0.875000 0.982363
vt 0.875000 0.006361
vt 0.843750 0.982363
vt 0.843750 0.006361
vt 0.812500 0.982363
vt 0.812500 0.006361
vt 0.781250 0.982363
vt 0.781250 0.006361
vt 0.750000 0.982363
vt 0.750000 0.006361
vt 0.718750 0.982363
vt 0.718750 0.006361
vt 0.687500 0.982363
vt 0.687500 0.006361
vt 0.656250 0.982363
vt 0.656250 0.006361
vt 0.625000 0.982363
vt 0.625000 0.006361
vt 0.593750 0.982363
vt 0.593750 0.006361
vt 0.562500 0.982363
vt 0.562500 0.006361
vt 0.531250 0.982363
vt 0.531250 0.006361
vt 0.500000 0.982363
vt 0.500000 0.006361
vt 0.468750 0.982363
vt 0.468750 0.006361
vt 0.437500 0.982363
vt 0.437500 0.006361
vt 0.406250 0.982363
vt 0.406250 0.006361
vt 0.375000 0.982363
vt 0.375000 0.006361
vt 0.343750 0.982363
vt 0.343750 0.006361
vt 0.312500 0.982363
vt 0.312500 0.006361
vt 0.281250 0.982363
vt 0.281250 0.006361
vt 0.250000 0.982363
vt 0.250000 0.006361
vt 0.218750 0.982363
vt 0.218750 0.006361
vt 0.187500 0.982363
vt 0.187500 0.006361
vt 0.156250 0.982363
vt 0.156250 0.006361
vt 0.125000 0.982363
vt 0.125000 0.006361
vt 0.093750 0.982363
vt 0.093750 0.006361
vt 0.062500 0.982363
vt 0.062500 0.006361
vt 0.296822 0.485388
vt 0.250000 0.490000
vt 0.203178 0.485388
vt 0.158156 0.471731
vt 0.116663 0.449553
vt 0.080294 0.419706
vt 0.050447 0.383337
vt 0.028269 0.341844
vt 0.014612 0.296822
vt 0.010000 0.250000
vt 0.014612 0.203178
vt 0.028269 0.158156
vt 0.050447 0.116663
vt 0.080294 0.080294
vt 0.116663 0.050447
vt 0.158156 0.028269
vt 0.203178 0.014612
vt 0.250000 0.010000
vt 0.296822 0.014612
vt 0.341844 0.028269
vt 0.383337 0.050447
vt 0.419706 0.080294
vt 0.449553 0.116663
vt 0.471731 0.158156
vt 0.485388 0.203178
vt 0.490000 0.250000
vt 0.485388 0.296822
vt 0.471731 0.341844
vt 0.449553 0.383337
vt 0.419706 0.419706
vt 0.383337 0.449553
vt 0.341844 0.471731
vt 0.031250 0.982363
vt 0.031250 0.006361
vt 0.000000 0.982363
vt 0.000000 0.006361
vt 0.750000 0.490000
vt 0.796822 0.485388
vt 0.841844 0.471731
vt 0.883337 0.449553
vt 0.919706 0.419706
vt 0.949553 0.383337
vt 0.971731 0.341844
vt 0.985388 0.296822
vt 0.990000 0.250000
vt 0.985388 0.203178
vt 0.971731 0.158156
vt 0.949553 0.116663
vt 0.919706 0.080294
vt 0.883337 0.050447
vt 0.841844 0.028269
vt 0.796822 0.014612
vt 0.750000 0.010000
vt 0.703178 0.014612
vt 0.658156 0.028269
vt 0.616663 0.050447
vt 0.580294 0.080294
vt 0.550447 0.116663
vt 0.528269 0.158156
vt 0.514612 0.203178
vt 0.510000 0.250000
vt 0.514612 0.296822
vt 0.528269 0.341844
vt 0.550447 0.383337
vt 0.580294 0.419706
vt 0.616663 0.449553
vt 0.658156 0.471731
vt 0.703178 0.485388
s 0
usemtl Material
f 601/1191/304 602/1192/304 604/1193/304 603/1194/304
f 603/1194/305 604/1193/305 606/1195/305 605/1196/305
f 605/1196/306 606/1195/306 608/1197/306 607/1198/306
f 607/1198/307 608/1197/307 610/1199/307 609/1200/307
f 609/1200/308 610/1199/308 612/1201/308 611/1202/308
f 611/1202/309 612/1201/309 614/1203/309 613/1204/309
f 613/1204/310 614/1203/310 616/1205/310 615/1206/310
f 615/1206/311 616/1205/311 618/1207/311 617/1208/311
f 617/1208/312 618/1207/312 620/1209/312 619/1210/312
f 619/1210/313 620/1209/313 622/1211/313 621/1212/313
f 621/1212/314 622/1211/314 624/1213/314 623/1214/314
f 623/1214/315 624/1213/315 626/1215/315 625/1216/315
f 625/1216/316 626/1215/316 628/1217/316 627/1218/316
f 627/1218/317 628/1217/317 630/1219/317 629/1220/317
f 629/1220/318 630/1219/318 632/1221/318 631/1222/318
f 631/1222/319 632/1221/319 634/1223/319 633/1224/319
f 633/1224/320 634/1223/320 636/1225/320 635/1226/320
f 635/1226/321 636/1225/321 638/1227/321 637/1228/321
f 637/1228/322 638/1227/322 640/1229/322 639/1230/322
f 639/1230/323 640/1229/323 642/1231/323 641/1232/323
f 641/1232/324 642/1231/324 644/1233/324 643/1234/324
f 643/1234/325 644/1233/325 646/1235/325 645/1236/325
f 645/1236/326 646/1235/326 648/1237/326 647/1238/326
f 647/1238/327 648/1237/327 650/1239/327 649/1240/327
f 649/1240/328 650/1239/328 652/1241/328 651/1242/328
f 651/1242/329 652/1241/329 654/1243/329 653/1244/329
f 653/1244/330 654/1243/330 656/1245/330 655/1246/330
f 655/1246/331 656/1245/331 658/1247/331 657/1248/331
f 657/1248/332 658/1247/332 660/1249/332 659/1250/332
f 659/1250/333 660/1249/333 662/1251/333 661/1252/333
f 604/1253/334 602/1254/334 664/1255/334 662/1256/334 660/1257/334 658/1258/334 656/1259/334 654/1260/334 652/1261/334 650/1262/334 648/1263/334 646/1264/334 644/1265/334 642/1266/334 640/1267/334 638/1268/334 636/1269/334 634/1270/334 632/1271/334 630/1272/334 628/1273/334 626/1274/334 624/1275/334 622/1276/334 620/1277/334 618/1278/334 616/1279/334 614/1280/334 612/1281/334 610/1282/334 608/1283/334 606/1284/334
f 661/1252/335 662/1251/335 664/1285/335 663/1286/335
f 663/1286/336 664/1285/336 602/1287/336 601/1288/336
f 601/1289/337 603/1290/337 605/1291/337 607/1292/337 609/1293/337 611/1294/337 613/1295/337 615/1296/337 617/1297/337 619/1298/337 621/1299/337 623/1300/337 625/1301/337 627/1302/337 629/1303/337 631/1304/337 633/1305/337 635/1306/337 637/1307/337 639/1308/337 641/1309/337 643/1310/337 645/1311/337 647/1312/337 649/1313/337 651/1314/337 653/1315/337 655/1316/337 657/1317/337 659/1318/337 661/1319/337 663/1320/337
o Sphere
v -1.665828 4.690197 1.068916
v -1.720130 4.399213 0.671856
v -1.740501 3.977490 0.412989
v -1.736773 3.737141 0.348706
v -1.723841 3.489233 0.331726
v -1.672685 3.008773 0.440437
v -1.537550 4.808476 1.539598
v -1.533597 4.776409 1.292880
v -1.528247 4.696844 1.057179
v -1.521707 4.572840 0.841554
v -1.514226 4.409162 0.654291
v -1.506094 4.212100 0.502586
v -1.497622 3.989226 0.392270
v -1.489135 3.749107 0.327581
v -1.480961 3.500969 0.311006
v -1.473413 3.254348 0.343182
v -1.466781 3.018722 0.422871
v -1.461321 2.803146 0.547013
v -1.457241 2.615904 0.710836
v -1.454699 2.464192 0.908044
v -1.453792 2.353840 1.131058
v -1.489299 4.809247 1.544864
v -1.438950 4.777920 1.303208
v -1.390841 4.699038 1.072173
v -1.346821 4.575632 0.860637
v -1.308582 4.412444 0.676731
v -1.277594 4.215747 0.527520
v -1.255048 3.993098 0.418739
v -1.241809 3.753054 0.354569
v -1.238387 3.504841 0.337475
v -1.244914 3.257995 0.368115
v -1.261137 3.022005 0.445311
v -1.286435 2.805938 0.566096
v -1.319834 2.618098 0.725829
v -1.360051 2.465703 0.918371
v -1.405542 2.354610 1.136324
v -1.442964 4.808423 1.559313
v -1.348059 4.776304 1.331551
v -1.258888 4.696692 1.113321
v -1.178877 4.572646 0.913009
v -1.111101 4.408933 0.738313
v -1.058165 4.211845 0.595946
v -1.022102 3.988957 0.491381
v -1.004300 3.748832 0.428634
v -1.005442 3.500699 0.410117
v -1.025484 3.254094 0.436542
v -1.063656 3.018494 0.506894
v -1.118490 2.802952 0.618468
v -1.187881 2.615752 0.766977
v -1.269161 2.464087 0.946715
v -1.359206 2.353787 1.150773
v -1.400324 4.806037 1.582391
v -1.264418 4.771623 1.376821
v -1.137459 4.689897 1.179042
v -1.024328 4.563997 0.996656
v -0.929370 4.398764 0.836672
v -0.856237 4.200546 0.705237
v -0.807737 3.976961 0.607403
v -0.785735 3.736601 0.546929
v -0.791076 3.488703 0.526139
v -0.823556 3.242795 0.545832
v -0.881925 3.008324 0.605252
v -0.963941 2.794303 0.702115
v -1.066453 2.608957 0.832699
v -1.185519 2.459406 0.991984
v -1.316566 2.351401 1.173851
v -1.363018 4.802180 1.613211
v -1.191240 4.764058 1.437277
v -1.031222 4.678914 1.266811
v -0.889113 4.550019 1.108364
v -0.770375 4.382327 0.968027
v -0.679571 4.182282 0.851190
v -0.620189 3.957572 0.762346
v -0.594513 3.716833 0.704908
v -0.603529 3.469315 0.681082
v -0.646890 3.224531 0.691786
v -0.722930 2.991887 0.736607
v -0.828727 2.780325 0.813823
v -0.960215 2.597974 0.920467
v -1.112342 2.451841 1.052440
v -1.279260 2.347544 1.204671
v -1.539955 4.791814 1.787854
v -1.332481 4.797001 1.650589
v -1.131339 4.753899 1.510596
v -0.944259 4.664165 1.373254
v -0.778430 4.531248 1.243840
v -0.640225 4.360254 1.127330
v -0.534956 4.157756 1.028199
v -0.466667 3.931536 0.950257
v -0.437983 3.690286 0.896500
v -0.450007 3.443278 0.868994
v -0.502275 3.200005 0.868794
v -0.592780 2.969815 0.895911
v -0.718044 2.761554 0.949300
v -0.873252 2.583225 1.026910
v -1.052440 2.441682 1.125760
v -1.248723 2.342365 1.242049
v -1.309885 4.790699 1.693088
v -1.087015 4.741537 1.593961
v -0.879911 4.646218 1.494281
v -0.696531 4.508405 1.397879
v -0.543922 4.333394 1.308460
v -0.427950 4.127911 1.229459
v -0.353070 3.899852 1.163914
v -0.322161 3.657981 1.114343
v -0.336409 3.411594 1.082651
v -0.395269 3.170159 1.070055
v -0.496477 2.942954 1.077040
v -0.636145 2.738711 1.103338
v -0.808904 2.565278 1.147937
v -1.008117 2.429320 1.209124
v -1.226127 2.336062 1.284548
v -1.296099 4.783515 1.739075
v -1.059973 4.727446 1.684168
v -0.840652 4.625761 1.625241
v -0.646564 4.482368 1.564559
v -0.485167 4.302778 1.504455
v -0.362664 4.093892 1.447238
v -0.283763 3.863738 1.395107
v -0.251496 3.621160 1.350065
v -0.267103 3.375480 1.313843
v -0.329983 3.136141 1.287833
v -0.437722 2.912338 1.273036
v -0.586177 2.712674 1.270018
v -0.769645 2.544821 1.278897
v -0.981075 2.415229 1.299331
v -1.212341 2.328879 1.330535
v -1.291653 4.775726 1.786783
v -1.051252 4.712168 1.777750
v -0.827990 4.603581 1.761101
v -0.630448 4.454138 1.737476
v -0.466217 4.269583 1.707784
v -0.341608 4.057008 1.673165
v -0.261410 3.824582 1.634950
v -0.228706 3.581237 1.594607
v -0.244750 3.336324 1.553686
v -0.308928 3.099257 1.513761
v -0.418772 2.879143 1.476365
v -0.570062 2.684444 1.442935
v -0.756984 2.522641 1.414757
v -0.972353 2.399951 1.392913
v -1.207895 2.321090 1.378243
v -1.296717 4.767632 1.834378
v -1.061186 4.696290 1.871111
v -0.842412 4.580530 1.896640
v -0.648804 4.424800 1.909985
v -0.487801 4.235085 1.910633
v -0.365591 4.018676 1.898559
v -0.286871 3.783889 1.874227
v -0.254665 3.539747 1.838571
v -0.270210 3.295631 1.792963
v -0.332911 3.060925 1.739154
v -0.440356 2.844646 1.679214
v -0.588418 2.655106 1.615444
v -0.771406 2.499590 1.550297
v -0.982287 2.384074 1.486275
v -1.212959 2.312996 1.425838
v -1.311097 4.759543 1.880031
v -1.089394 4.680423 1.960663
v -0.883364 4.557494 2.026650
v -0.700926 4.395481 2.075457
v -0.549090 4.200610 2.105207
v -0.433692 3.980369 2.114758
v -0.359166 3.743222 2.103742
v -0.328376 3.498283 2.072583
v -0.342505 3.254965 2.022478
v -0.401011 3.022618 1.955353
v -0.501645 2.810170 1.873788
v -0.640540 2.625787 1.780916
v -0.812357 2.476554 1.680307
v -1.010495 2.368206 1.575827
v -1.227340 2.304907 1.471491
v -1.334241 4.751770 1.921989
v -1.134792 4.665176 2.042965
v -0.949272 4.535359 2.146134
v -0.784810 4.367308 2.227531
v -0.647728 4.167482 2.284028
v -0.543292 3.943559 2.313452
v -0.475517 3.704145 2.314675
v -0.447007 3.458441 2.287649
v -0.458856 3.215888 2.233412
v -0.510611 2.985808 2.154048
v -0.600283 2.777042 2.052608
v -0.724424 2.597614 1.932990
v -0.878265 2.454419 1.799791
v -1.055893 2.352959 1.658129
v -1.250483 2.297134 1.513449
v -1.365259 4.744612 1.958637
v -1.195635 4.651135 2.114855
v -1.037602 4.514975 2.250501
v -0.897234 4.341364 2.360365
v -0.779924 4.136974 2.440224
v -0.690180 3.909661 2.487008
v -0.631453 3.668159 2.498921
v -0.605998 3.421750 2.475504
v -0.614792 3.179902 2.417657
v -0.657500 2.951910 2.327604
v -0.732479 2.746535 2.208804
v -0.836848 2.571670 2.065824
v -0.966596 2.434034 1.904158
v -1.116737 2.338918 1.730018
v -1.281501 2.289976 1.550097
v -1.402958 4.738344 1.988569
v -1.269585 4.638840 2.173568
v -1.144962 4.497124 2.335740
v -1.033876 4.318645 2.468853
v -0.940598 4.110260 2.567792
v -0.868712 3.879977 2.628755
v -0.820981 3.636647 2.649399
v -0.799239 3.389620 2.628929
v -0.804321 3.148390 2.568135
v -0.836032 2.922226 2.469350
v -0.893153 2.719820 2.336373
v -0.973490 2.548951 2.174312
v -1.073955 2.416184 1.989396
v -1.190687 2.326623 1.788732
v -1.319200 2.283708 1.580029
v -1.445891 4.733207 2.010634
v -1.353801 4.628762 2.216849
v -1.267224 4.482494 2.398575
v -1.189486 4.300025 2.548827
v -1.123577 4.088365 2.661831
v -1.072027 3.855649 2.733245
v -1.036819 3.610820 2.760325
v -1.019305 3.363287 2.742029
v -1.020158 3.122563 2.679061
v -1.039346 2.897897 2.573841
v -1.076132 2.697925 2.430412
v -1.129100 2.530331 2.254286
v -1.196217 2.401555 2.052231
v -1.274903 2.316545 1.832013
v -1.362133 2.278571 1.602094
v -1.492407 4.729398 2.023983
v -1.445045 4.621290 2.243035
v -1.399690 4.471647 2.436591
v -1.358084 4.286219 2.597212
v -1.321827 4.072131 2.718726
v -1.292310 3.837610 2.796464
v -1.270671 3.591671 2.827437
v -1.257738 3.343763 2.810456
v -1.254010 3.103413 2.746174
v -1.259630 2.879859 2.637060
v -1.274382 2.681691 2.487307
v -1.297698 2.516525 2.302671
v -1.328684 2.390707 2.090247
v -1.366147 2.309074 1.858199
v -1.408649 2.274762 1.615443
v -1.540719 4.727063 2.028105
v -1.539812 4.616711 2.251120
v -1.537270 4.464999 2.448328
v -1.533191 4.277757 2.612150
v -1.527730 4.062181 2.736292
v -1.521098 3.826555 2.815982
v -1.513550 3.579935 2.848157
v -1.505376 3.331797 2.831582
v -1.496890 3.091677 2.766893
v -1.488417 2.868804 2.656577
v -1.480285 2.671741 2.504872
v -1.472804 2.508063 2.317609
v -1.466264 2.384059 2.101984
v -1.460914 2.304494 1.866283
v -1.456961 2.272427 1.619565
v -1.588970 4.726293 2.022840
v -1.634460 4.615201 2.240792
v -1.674677 4.462806 2.433334
v -1.708076 4.274966 2.593067
v -1.733374 4.058899 2.713852
v -1.749597 3.822908 2.791048
v -1.756124 3.576063 2.821688
v -1.752702 3.327849 2.804594
v -1.739463 3.087806 2.740424
v -1.716917 2.865157 2.631643
v -1.685929 2.668459 2.482433
v -1.647690 2.505272 2.298526
v -1.603671 2.381866 2.086990
v -1.555562 2.302984 1.855956
v -1.505212 2.271657 1.614300
v -1.635305 4.727117 2.008390
v -1.725350 4.616817 2.212449
v -1.806630 4.465152 2.392186
v -1.876021 4.277952 2.540695
v -1.930856 4.062410 2.652269
v -1.969027 3.826809 2.722621
v -1.989069 3.580204 2.749046
v -1.990211 3.332072 2.730529
v -1.972409 3.091947 2.667782
v -1.936346 2.869058 2.563217
v -1.883410 2.671970 2.420850
v -1.815635 2.508258 2.246154
v -1.735624 2.384212 2.045842
v -1.646452 2.304600 1.827612
v -1.551547 2.272481 1.599850
v -1.677945 4.729503 1.985312
v -1.808992 4.621497 2.167179
v -1.928058 4.471947 2.326464
v -2.030570 4.286600 2.457048
v -2.112586 4.072579 2.553911
v -2.170955 3.838109 2.613331
v -2.203435 3.592200 2.633024
v -2.208776 3.344302 2.612234
v -2.186774 3.103943 2.551761
v -2.138274 2.880358 2.453927
v -2.065141 2.682140 2.322491
v -1.970183 2.516906 2.162507
v -1.857052 2.391007 1.980121
v -1.730094 2.309280 1.782343
v -1.594187 2.274867 1.576772
v -1.454556 2.289089 1.371310
v -1.715251 4.733359 1.954492
v -1.882169 4.629062 2.106723
v -2.034296 4.482930 2.238696
v -2.165784 4.300579 2.345340
v -2.271581 4.089016 2.422556
v -2.347621 3.856373 2.467377
v -2.390982 3.611589 2.478081
v -2.399998 3.364071 2.454255
v -2.374322 3.123331 2.396817
v -2.314940 2.898621 2.307973
v -2.224136 2.698576 2.191137
v -2.105398 2.530885 2.050799
v -1.963289 2.401990 1.892352
v -1.803271 2.316845 1.721887
v -1.631493 2.278723 1.545952
v -1.745788 4.738539 1.917114
v -1.942070 4.639221 2.033404
v -2.121259 4.497678 2.132253
v -2.276467 4.319350 2.209864
v -2.401731 4.111089 2.263253
v -2.492236 3.880899 2.290369
v -2.544504 3.637625 2.290169
v -2.556528 3.390618 2.262662
v -2.527844 3.149368 2.208906
v -2.459555 2.923147 2.130965
v -2.354285 2.720649 2.031833
v -2.216081 2.549656 1.915323
v -2.050252 2.416739 1.785909
v -1.863172 2.327004 1.648568
v -1.662030 2.283903 1.508574
v -1.768384 4.744841 1.874615
v -1.986394 4.651584 1.950039
v -2.185606 4.515626 2.011226
v -2.358366 4.342193 2.055826
v -2.498034 4.137949 2.082123
v -2.599242 3.910744 2.089108
v -2.658102 3.669309 2.076513
v -2.672350 3.422922 2.044820
v -2.641441 3.181052 1.995249
v -2.566561 2.952993 1.929704
v -2.450588 2.747510 1.850704
v -2.297980 2.572499 1.761285
v -2.114600 2.434686 1.664882
v -1.907496 2.339367 1.565203
v -1.684626 2.290205 1.466075
v -1.782170 4.752025 1.828628
v -2.013436 4.665674 1.859832
v -2.224865 4.536083 1.880266
v -2.408334 4.368229 1.889145
v -2.556789 4.168565 1.886128
v -2.664527 3.944763 1.871330
v -2.727408 3.705423 1.845320
v -2.743014 3.459744 1.809098
v -2.710748 3.217166 1.764057
v -2.631847 2.987011 1.711926
v -2.509344 2.778126 1.654708
v -2.347947 2.598536 1.594604
v -2.153859 2.455143 1.533923
v -1.934538 2.353458 1.474996
v -1.698412 2.297388 1.420088
v -1.786616 4.759813 1.780921
v -2.022158 4.680952 1.766250
v -2.237527 4.558263 1.744406
v -2.424449 4.396460 1.716228
v -2.575738 4.201760 1.682799
v -2.685583 3.981647 1.645403
v -2.749761 3.744579 1.605477
v -2.765805 3.499667 1.564556
v -2.733100 3.256321 1.524213
v -2.652903 3.023895 1.485998
v -2.528294 2.811320 1.451379
v -2.364063 2.626765 1.421687
v -2.166521 2.477323 1.398062
v -1.943259 2.368736 1.381414
v -1.702858 2.305177 1.372380
v -1.781552 4.767907 1.733325
v -2.012223 4.696830 1.672889
v -2.223105 4.581314 1.608867
v -2.406093 4.425797 1.543719
v -2.554154 4.236258 1.479949
v -2.661600 4.019979 1.420009
v -2.724300 3.785272 1.366200
v -2.739846 3.541157 1.320592
v -2.707640 3.297015 1.284937
v -2.628919 3.062227 1.260605
v -2.506709 2.845818 1.248530
v -2.345707 2.656103 1.249178
v -2.152098 2.500373 1.262523
v -1.933325 2.384613 1.288053
v -1.697794 2.313271 1.324785
v -1.767172 4.775996 1.687672
v -1.984015 4.712697 1.583337
v -2.182153 4.604349 1.478857
v -2.353971 4.455116 1.378248
v -2.492866 4.270733 1.285376
v -2.593500 4.058286 1.203810
v -2.652006 3.825938 1.136685
v -2.666134 3.582620 1.086581
v -2.635345 3.337681 1.055422
v -2.560819 3.100534 1.044406
v -2.445421 2.880294 1.053957
v -2.293585 2.685422 1.083707
v -2.111147 2.523409 1.132513
v -1.905117 2.400481 1.198500
v -1.683414 2.321360 1.279132
v -1.744028 4.783770 1.645715
v -1.938618 4.727944 1.501034
v -2.116246 4.626485 1.359373
v -2.270087 4.483289 1.226173
v -2.394228 4.303861 1.106555
v -2.483900 4.095096 1.005116
v -2.535655 3.865016 0.925752
v -2.547504 3.622463 0.871515
v -2.518994 3.376758 0.844488
v -2.451219 3.137344 0.845711
v -2.346783 2.913422 0.875136
v -2.209701 2.713595 0.931632
v -2.045239 2.545545 1.013029
v -1.859719 2.415728 1.116198
v -1.660270 2.329133 1.237175
v -1.713010 4.790927 1.609066
v -1.877774 4.741985 1.429145
v -2.027915 4.646869 1.255006
v -2.157663 4.509234 1.093339
v -2.262032 4.334369 0.950359
v -2.337011 4.128994 0.831560
v -2.379718 3.901002 0.741506
v -2.388513 3.659154 0.683660
v -2.363058 3.412744 0.660243
v -2.304330 3.171242 0.672155
v -2.214587 2.943929 0.718940
v -2.097277 2.739540 0.798799
v -1.956908 2.565929 0.908662
v -1.798876 2.429769 1.044309
v -1.629252 2.336291 1.200526
v -1.675311 4.797195 1.579134
v -1.803824 4.754281 1.370432
v -1.920556 4.664719 1.169767
v -2.021021 4.531953 0.984851
v -2.101357 4.361083 0.822791
v -2.158479 4.158678 0.689813
v -2.190190 3.932514 0.591029
v -2.195271 3.691283 0.530235
v -2.173529 3.444256 0.509765
v -2.125798 3.200926 0.530409
v -2.053912 2.970644 0.591372
v -1.960635 2.762259 0.690310
v -1.849549 2.583779 0.823424
v -1.724926 2.442064 0.985596
v -1.591553 2.342559 1.170594
v -1.632378 4.802333 1.557070
v -1.719608 4.764358 1.327151
v -1.798294 4.679349 1.106933
v -1.865411 4.550573 0.904878
v -1.918379 4.382978 0.728752
v -1.955165 4.183006 0.585323
v -1.974352 3.958341 0.480103
v -1.975205 3.717616 0.417135
v -1.957692 3.470083 0.398839
v -1.922484 3.225255 0.425918
v -1.870934 2.992539 0.497333
v -1.805025 2.780879 0.610337
v -1.727287 2.598409 0.760589
v -1.640710 2.452141 0.942314
v -1.548620 2.347697 1.148530
v -1.585862 4.806142 1.543720
v -1.628364 4.771830 1.300965
v -1.696813 4.564379 0.856492
v -1.734881 4.201045 0.522104
v -1.702200 3.243293 0.362700
v -1.636427 2.794685 0.561951
v -1.594821 2.609256 0.722573
v -1.549466 2.459613 0.916128
v -1.502104 2.351506 1.135180
vn 0.0055 -0.8963 -0.4435
vn -0.0944 0.2559 -0.9621
vn -0.0425 0.9969 0.0665
vn 0.0245 -0.9653 -0.2601
vn -0.0879 0.0635 -0.9941
vn -0.0589 0.9898 -0.1296
vn -0.0780 -0.1313 -0.9883
vn -0.0730 0.9444 -0.3205
vn -0.0651 -0.3213 -0.9447
vn -0.0842 0.8627 -0.4987
vn -0.0497 -0.4994 -0.8650
vn -0.0922 0.7479 -0.6574
vn -0.0323 -0.6585 -0.7519
vn -0.0967 0.6046 -0.7906
vn -0.0137 -0.7926 -0.6096
vn -0.0974 0.4385 -0.8934
vn 0.0763 0.6102 -0.7886
vn 0.0790 -0.7896 -0.6085
vn 0.0902 0.4445 -0.8912
vn 0.0626 -0.8944 -0.4428
vn 0.1005 0.2621 -0.9598
vn -0.0232 0.9975 0.0667
vn 0.0438 -0.9647 -0.2598
vn 0.1071 0.0698 -0.9918
vn -0.0018 0.9917 -0.1289
vn 0.1096 -0.1253 -0.9860
vn 0.0197 0.9474 -0.3194
vn 0.1079 -0.3158 -0.9427
vn 0.0404 0.8667 -0.4972
vn 0.1021 -0.4945 -0.8632
vn 0.0595 0.7528 -0.6556
vn 0.0923 -0.6545 -0.7504
vn 0.2933 -0.1254 -0.9478
vn 0.1105 0.9474 -0.3004
vn 0.2773 -0.3159 -0.9074
vn 0.1625 0.8666 -0.4718
vn 0.2507 -0.4946 -0.8322
vn 0.2082 0.7527 -0.6246
vn 0.2144 -0.6546 -0.7249
vn 0.2457 0.6101 -0.7532
vn 0.1698 -0.7897 -0.5896
vn 0.2739 0.4444 -0.8529
vn 0.1186 -0.8944 -0.4312
vn 0.2915 0.2620 -0.9200
vn -0.0043 0.9975 0.0707
vn 0.0627 -0.9647 -0.2559
vn 0.2981 0.0697 -0.9520
vn 0.0542 0.9916 -0.1173
vn 0.2552 -0.7928 -0.5535
vn 0.4467 0.4382 -0.7800
vn 0.1712 -0.8963 -0.4090
vn 0.4712 0.2555 -0.8442
vn 0.0135 0.9968 0.0782
vn 0.0804 -0.9653 -0.2484
vn 0.4778 0.0632 -0.8762
vn 0.1068 0.9897 -0.0951
vn 0.4661 -0.1316 -0.8749
vn 0.1960 0.9443 -0.2644
vn 0.4367 -0.3216 -0.8401
vn 0.2774 0.8625 -0.4233
vn 0.3905 -0.4996 -0.7732
vn 0.3480 0.7476 -0.5656
vn 0.3293 -0.6587 -0.6765
vn 0.4051 0.6044 -0.6860
vn 0.5799 -0.3328 -0.7436
vn 0.3806 0.8544 -0.3537
vn 0.5162 -0.5094 -0.6885
vn 0.4736 0.7378 -0.4809
vn 0.4325 -0.6668 -0.6069
vn 0.5483 0.5932 -0.5895
vn 0.3320 -0.7988 -0.5018
vn 0.6020 0.4261 -0.6753
vn 0.2185 -0.9000 -0.3771
vn 0.6326 0.2429 -0.7354
vn 0.0295 0.9956 0.0889
vn 0.0964 -0.9666 -0.2376
vn 0.6392 0.0506 -0.7674
vn 0.1541 0.9860 -0.0632
vn 0.6214 -0.1438 -0.7702
vn 0.2727 0.9383 -0.2127
vn 0.2586 -0.9054 -0.3367
vn 0.7696 0.2247 -0.5977
vn 0.0430 0.9938 0.1026
vn 0.1100 -0.9684 -0.2240
vn 0.7762 0.0323 -0.6297
vn 0.1943 0.9807 -0.0228
vn 0.7532 -0.1613 -0.6377
vn 0.3378 0.9296 -0.1472
vn 0.7014 -0.3490 -0.6214
vn 0.4681 0.8428 -0.2657
vn 0.6228 -0.5236 -0.5814
vn 0.5802 0.7236 -0.3738
vn 0.5201 -0.6785 -0.5189
vn 0.6698 0.5770 -0.4673
vn 0.3971 -0.8074 -0.4363
vn 0.7338 0.4085 -0.5429
vn 0.5367 0.8279 -0.1626
vn 0.7063 -0.5417 -0.4558
vn 0.6637 0.7056 -0.2482
vn 0.5886 -0.6933 -0.4158
vn 0.7650 0.5564 -0.3242
vn 0.4481 -0.8185 -0.3596
vn 0.8370 0.3862 -0.3877
vn 0.2900 -0.9122 -0.2895
vn 0.8769 0.2015 -0.4364
vn 0.0536 0.9915 0.1185
vn 0.1206 -0.9707 -0.2081
vn 0.8835 0.0092 -0.4684
vn 0.2257 0.9739 0.0244
vn 0.8564 -0.1836 -0.4826
vn 0.3888 0.9186 -0.0705
vn 0.7966 -0.3696 -0.4784
vn 0.9504 0.1743 -0.2577
vn 0.0609 0.9888 0.1362
vn 0.1279 -0.9734 -0.1904
vn 0.9569 -0.0181 -0.2897
vn 0.2472 0.9659 0.0768
vn 0.9271 -0.2098 -0.3107
vn 0.4238 0.9057 0.0144
vn 0.8618 -0.3937 -0.3198
vn 0.5837 0.8105 -0.0484
vn 0.7634 -0.5629 -0.3168
vn 0.7209 0.6844 -0.1092
vn 0.6356 -0.7107 -0.3016
vn 0.8302 0.5323 -0.1657
vn 0.4830 -0.8314 -0.2747
vn 0.9076 0.3600 -0.2158
vn 0.3116 -0.9202 -0.2371
vn 0.7921 -0.5864 -0.1696
vn 0.7495 0.6609 0.0380
vn 0.6591 -0.7300 -0.1806
vn 0.8629 0.5055 0.0021
vn 0.5005 -0.8458 -0.1847
vn 0.9430 0.3310 -0.0339
vn 0.3224 -0.9290 -0.1817
vn 0.9872 0.1440 -0.0685
vn 0.0645 0.9858 0.1549
vn 0.1315 -0.9763 -0.1716
vn 0.9938 -0.0483 -0.1005
vn 0.2580 0.9571 0.1322
vn 0.9625 -0.2389 -0.1287
vn 0.4413 0.8913 0.1044
vn 0.8944 -0.4205 -0.1520
vn 0.6072 0.7912 0.0726
vn 0.0644 0.9826 0.1740
vn 0.1314 -0.9795 -0.1526
vn 0.9925 -0.0804 0.0919
vn 0.2576 0.9477 0.1886
vn 0.9613 -0.2697 0.0564
vn 0.4407 0.8760 0.1959
vn 0.8933 -0.4490 0.0187
vn 0.6064 0.7707 0.1956
vn 0.7911 -0.6113 -0.0198
vn 0.7486 0.6359 0.1878
vn 0.6583 -0.7505 -0.0576
vn 0.8617 0.4770 0.1728
vn 0.5000 -0.8610 -0.0932
vn 0.9418 0.3001 0.1513
vn 0.3220 -0.9384 -0.1253
vn 0.9860 0.1120 0.1240
vn 0.7180 0.6105 0.3343
vn 0.6332 -0.7714 0.0628
vn 0.8269 0.4480 0.3398
vn 0.4813 -0.8766 -0.0037
vn 0.9041 0.2687 0.3324
vn 0.3105 -0.9480 -0.0702
vn 0.9467 0.0793 0.3122
vn 0.0605 0.9794 0.1926
vn 0.1275 -0.9828 -0.1340
vn 0.9533 -0.1131 0.2802
vn 0.2461 0.9381 0.2437
vn 0.9235 -0.3012 0.2375
vn 0.4220 0.8605 0.2854
vn 0.8585 -0.4780 0.1857
vn 0.5813 0.7498 0.3160
vn 0.7606 -0.6368 0.1267
vn 0.8775 -0.1451 0.4571
vn 0.2239 0.9287 0.2956
vn 0.8506 -0.3320 0.4077
vn 0.3860 0.8453 0.3695
vn 0.7913 -0.5064 0.3427
vn 0.5329 0.7293 0.4291
vn 0.7016 -0.6617 0.2644
vn 0.6590 0.5856 0.4720
vn 0.5848 -0.7919 0.1759
vn 0.7597 0.4196 0.4968
vn 0.4453 -0.8918 0.0804
vn 0.8312 0.2379 0.5025
vn 0.2883 -0.9574 -0.0183
vn 0.8709 0.0473 0.4892
vn 0.0530 0.9762 0.2101
vn 0.1200 -0.9859 -0.1165
vn 0.5149 -0.8112 0.2773
vn 0.6627 0.3929 0.6376
vn 0.3933 -0.9061 0.1559
vn 0.7260 0.2089 0.6552
vn 0.2563 -0.9662 0.0282
vn 0.7616 0.0171 0.6479
vn 0.0422 0.9733 0.2258
vn 0.1092 -0.9889 -0.1008
vn 0.7681 -0.1752 0.6159
vn 0.1919 0.9199 0.3421
vn 0.7454 -0.3610 0.5604
vn 0.3340 0.8309 0.4450
vn 0.6943 -0.5331 0.4835
vn 0.4630 0.7101 0.5305
vn 0.6165 -0.6852 0.3879
vn 0.5739 0.5621 0.5955
vn 0.6120 -0.3871 0.6897
vn 0.2680 0.8180 0.5089
vn 0.5712 -0.5572 0.6027
vn 0.3743 0.6927 0.6165
vn 0.5085 -0.7063 0.4926
vn 0.4659 0.5410 0.7002
vn 0.4262 -0.8285 0.3633
vn 0.5396 0.3688 0.7569
vn 0.3273 -0.9190 0.2198
vn 0.5925 0.1828 0.7846
vn 0.2156 -0.9741 0.0676
vn 0.6228 -0.0100 0.7823
vn 0.0285 0.9706 0.2391
vn 0.0954 -0.9916 -0.0875
vn 0.6294 -0.2023 0.7503
vn 0.1512 0.9119 0.3815
vn 0.2499 -0.9300 0.2697
vn 0.4359 0.1606 0.8855
vn 0.1679 -0.9809 0.0983
vn 0.4600 -0.0330 0.8873
vn 0.0124 0.9683 0.2495
vn 0.0793 -0.9939 -0.0771
vn 0.4665 -0.2254 0.8553
vn 0.1035 0.9052 0.4122
vn 0.4553 -0.4092 0.7907
vn 0.1906 0.8071 0.5588
vn 0.4268 -0.5776 0.6959
vn 0.2702 0.6780 0.6836
vn 0.3818 -0.7242 0.5743
vn 0.3392 0.5231 0.7819
vn 0.3221 -0.8432 0.4304
vn 0.3952 0.3484 0.8500
vn 0.1047 0.7985 0.5928
vn 0.2665 -0.5936 0.7593
vn 0.1547 0.6665 0.7293
vn 0.2412 -0.7382 0.6299
vn 0.1987 0.5090 0.8375
vn 0.2066 -0.8548 0.4761
vn 0.2349 0.3323 0.9134
vn 0.1640 -0.9385 0.3037
vn 0.2622 0.1433 0.9543
vn 0.1150 -0.9862 0.1193
vn 0.2794 -0.0511 0.9588
vn -0.0055 0.9665 0.2566
vn 0.0614 -0.9957 -0.0700
vn 0.2859 -0.2434 0.9268
vn 0.0506 0.8999 0.4332
vn 0.2816 -0.4266 0.8595
vn 0.0780 0.1313 0.9883
vn 0.0589 -0.9898 0.1296
vn 0.0879 -0.0635 0.9941
vn -0.0245 0.9653 0.2601
vn 0.0425 -0.9969 -0.0665
vn 0.0944 -0.2559 0.9621
vn -0.0055 0.8963 0.4435
vn 0.0974 -0.4385 0.8934
vn 0.0137 0.7926 0.6096
vn 0.0967 -0.6046 0.7906
vn 0.0323 0.6585 0.7519
vn 0.0922 -0.7479 0.6574
vn 0.0497 0.4994 0.8650
vn 0.0842 -0.8627 0.4987
vn 0.0651 0.3213 0.9447
vn 0.0730 -0.9444 0.3205
vn -0.0763 -0.6102 0.7886
vn -0.0923 0.6545 0.7504
vn -0.0595 -0.7528 0.6556
vn -0.1021 0.4945 0.8632
vn -0.0404 -0.8667 0.4972
vn -0.1079 0.3158 0.9427
vn -0.0197 -0.9474 0.3194
vn -0.1096 0.1253 0.9860
vn 0.0018 -0.9917 0.1289
vn -0.1071 -0.0698 0.9918
vn -0.0438 0.9647 0.2599
vn 0.0232 -0.9975 -0.0667
vn -0.1005 -0.2621 0.9598
vn -0.0626 0.8944 0.4428
vn -0.0902 -0.4445 0.8912
vn -0.0790 0.7896 0.6085
vn -0.0542 -0.9916 0.1173
vn -0.2981 -0.0697 0.9520
vn -0.0627 0.9647 0.2559
vn 0.0043 -0.9975 -0.0707
vn -0.2915 -0.2620 0.9200
vn -0.1186 0.8944 0.4312
vn -0.2739 -0.4444 0.8529
vn -0.1698 0.7897 0.5896
vn -0.2457 -0.6101 0.7532
vn -0.2144 0.6546 0.7249
vn -0.2082 -0.7527 0.6246
vn -0.2507 0.4946 0.8322
vn -0.1625 -0.8666 0.4718
vn -0.2773 0.3159 0.9074
vn -0.1105 -0.9474 0.3004
vn -0.2933 0.1254 0.9478
vn -0.3293 0.6587 0.6765
vn -0.3480 -0.7476 0.5656
vn -0.3905 0.4996 0.7732
vn -0.2774 -0.8625 0.4233
vn -0.4367 0.3216 0.8401
vn -0.1960 -0.9443 0.2644
vn -0.4661 0.1316 0.8749
vn -0.1068 -0.9897 0.0951
vn -0.4778 -0.0632 0.8762
vn -0.0804 0.9653 0.2484
vn -0.0135 -0.9968 -0.0782
vn -0.4712 -0.2555 0.8442
vn -0.1712 0.8963 0.4090
vn -0.4467 -0.4382 0.7800
vn -0.2552 0.7928 0.5535
vn -0.4051 -0.6044 0.6860
vn -0.6392 -0.0506 0.7674
vn -0.0964 0.9666 0.2376
vn -0.0295 -0.9956 -0.0889
vn -0.6326 -0.2429 0.7354
vn -0.2185 0.9000 0.3771
vn -0.6020 -0.4261 0.6753
vn -0.3320 0.7988 0.5018
vn -0.5483 -0.5932 0.5895
vn -0.4325 0.6668 0.6069
vn -0.4736 -0.7378 0.4809
vn -0.5162 0.5094 0.6885
vn -0.3806 -0.8544 0.3537
vn -0.5799 0.3328 0.7436
vn -0.2727 -0.9383 0.2127
vn -0.6214 0.1438 0.7702
vn -0.1541 -0.9860 0.0632
vn -0.5802 -0.7236 0.3738
vn -0.6228 0.5236 0.5814
vn -0.4681 -0.8428 0.2657
vn -0.7014 0.3490 0.6214
vn -0.3378 -0.9296 0.1472
vn -0.7532 0.1613 0.6377
vn -0.1943 -0.9807 0.0228
vn -0.7762 -0.0323 0.6297
vn -0.1100 0.9684 0.2240
vn -0.0430 -0.9938 -0.1026
vn -0.7696 -0.2247 0.5977
vn -0.2586 0.9054 0.3367
vn -0.7338 -0.4085 0.5429
vn -0.3971 0.8074 0.4363
vn -0.6698 -0.5770 0.4673
vn -0.5201 0.6785 0.5189
vn -0.0536 -0.9915 -0.1185
vn -0.8769 -0.2015 0.4364
vn -0.2900 0.9122 0.2895
vn -0.8370 -0.3862 0.3877
vn -0.4481 0.8185 0.3596
vn -0.7650 -0.5564 0.3242
vn -0.5886 0.6933 0.4158
vn -0.6637 -0.7056 0.2482
vn -0.7063 0.5417 0.4558
vn -0.5367 -0.8279 0.1626
vn -0.7966 0.3696 0.4784
vn -0.3888 -0.9186 0.0705
vn -0.8564 0.1836 0.4826
vn -0.2257 -0.9739 -0.0244
vn -0.8835 -0.0092 0.4684
vn -0.1206 0.9707 0.2081
vn -0.5837 -0.8105 0.0484
vn -0.8618 0.3937 0.3198
vn -0.4238 -0.9057 -0.0144
vn -0.9271 0.2098 0.3107
vn -0.2472 -0.9659 -0.0768
vn -0.9569 0.0181 0.2897
vn -0.1278 0.9734 0.1904
vn -0.0609 -0.9888 -0.1362
vn -0.9504 -0.1743 0.2577
vn -0.3116 0.9202 0.2371
vn -0.9076 -0.3600 0.2158
vn -0.4830 0.8314 0.2747
vn -0.8302 -0.5323 0.1657
vn -0.6356 0.7107 0.3016
vn -0.7209 -0.6844 0.1092
vn -0.7634 0.5629 0.3168
vn -0.3224 0.9290 0.1817
vn -0.9430 -0.3310 0.0339
vn -0.5005 0.8458 0.1847
vn -0.8629 -0.5055 -0.0021
vn -0.6591 0.7300 0.1806
vn -0.7495 -0.6609 -0.0380
vn -0.7921 0.5864 0.1696
vn -0.6072 -0.7912 -0.0726
vn -0.8944 0.4205 0.1520
vn -0.4413 -0.8913 -0.1044
vn -0.9625 0.2389 0.1287
vn -0.2580 -0.9571 -0.1322
vn -0.9938 0.0483 0.1005
vn -0.1315 0.9763 0.1716
vn -0.0645 -0.9858 -0.1549
vn -0.9872 -0.1440 0.0685
vn -0.8933 0.4490 -0.0187
vn -0.4407 -0.8760 -0.1959
vn -0.9613 0.2697 -0.0564
vn -0.2576 -0.9477 -0.1886
vn -0.9925 0.0804 -0.0919
vn -0.1314 0.9795 0.1526
vn -0.0644 -0.9826 -0.1740
vn -0.9860 -0.1120 -0.1240
vn -0.3220 0.9384 0.1253
vn -0.9418 -0.3001 -0.1513
vn -0.5000 0.8610 0.0932
vn -0.8617 -0.4770 -0.1728
vn -0.6583 0.7505 0.0576
vn -0.7486 -0.6359 -0.1878
vn -0.7911 0.6113 0.0198
vn -0.6064 -0.7707 -0.1956
vn -0.9041 -0.2687 -0.3324
vn -0.4813 0.8766 0.0037
vn -0.8269 -0.4480 -0.3398
vn -0.6332 0.7714 -0.0628
vn -0.7180 -0.6105 -0.3343
vn -0.7606 0.6368 -0.1267
vn -0.5813 -0.7498 -0.3160
vn -0.8585 0.4780 -0.1857
vn -0.4220 -0.8605 -0.2854
vn -0.9235 0.3012 -0.2375
vn -0.2461 -0.9381 -0.2437
vn -0.9533 0.1131 -0.2802
vn -0.1275 0.9828 0.1340
vn -0.0605 -0.9794 -0.1926
vn -0.9467 -0.0793 -0.3122
vn -0.3105 0.9480 0.0702
vn -0.3860 -0.8453 -0.3695
vn -0.8506 0.3320 -0.4077
vn -0.2239 -0.9287 -0.2956
vn -0.8775 0.1451 -0.4571
vn -0.1200 0.9859 0.1165
vn -0.0530 -0.9762 -0.2101
vn -0.8709 -0.0473 -0.4892
vn -0.2883 0.9574 0.0183
vn -0.8312 -0.2379 -0.5025
vn -0.4453 0.8918 -0.0804
vn -0.7597 -0.4196 -0.4968
vn -0.5848 0.7919 -0.1759
vn -0.6590 -0.5856 -0.4720
vn -0.7016 0.6617 -0.2644
vn -0.5329 -0.7293 -0.4291
vn -0.7913 0.5064 -0.3427
vn -0.3933 0.9061 -0.1559
vn -0.6627 -0.3929 -0.6376
vn -0.5149 0.8112 -0.2773
vn -0.5739 -0.5621 -0.5955
vn -0.6165 0.6852 -0.3879
vn -0.4630 -0.7101 -0.5305
vn -0.6943 0.5331 -0.4835
vn -0.3340 -0.8309 -0.4450
vn -0.7454 0.3610 -0.5604
vn -0.1919 -0.9199 -0.3421
vn -0.7681 0.1752 -0.6159
vn -0.1092 0.9889 0.1008
vn -0.0422 -0.9733 -0.2258
vn -0.7616 -0.0171 -0.6479
vn -0.2563 0.9662 -0.0282
vn -0.7260 -0.2089 -0.6552
vn -0.6120 0.3871 -0.6897
vn -0.1512 -0.9119 -0.3815
vn -0.6294 0.2023 -0.7503
vn -0.0954 0.9916 0.0875
vn -0.0285 -0.9706 -0.2391
vn -0.6228 0.0100 -0.7823
vn -0.2156 0.9741 -0.0676
vn -0.5925 -0.1828 -0.7846
vn -0.3273 0.9190 -0.2198
vn -0.5396 -0.3688 -0.7569
vn -0.4262 0.8285 -0.3633
vn -0.4659 -0.5410 -0.7002
vn -0.5085 0.7063 -0.4926
vn -0.3743 -0.6927 -0.6165
vn -0.5712 0.5572 -0.6027
vn -0.2680 -0.8180 -0.5089
vn -0.3952 -0.3484 -0.8500
vn -0.3221 0.8432 -0.4304
vn -0.3392 -0.5231 -0.7819
vn -0.3818 0.7242 -0.5743
vn -0.2702 -0.6780 -0.6836
vn -0.4268 0.5776 -0.6959
vn -0.1906 -0.8071 -0.5588
vn -0.4553 0.4092 -0.7907
vn -0.1035 -0.9052 -0.4122
vn -0.4665 0.2254 -0.8553
vn -0.0793 0.9939 0.0771
vn -0.0124 -0.9683 -0.2495
vn -0.4600 0.0330 -0.8873
vn -0.1679 0.9809 -0.0983
vn -0.4359 -0.1606 -0.8855
vn -0.2499 0.9300 -0.2697
vn -0.0506 -0.8999 -0.4332
vn -0.2859 0.2434 -0.9268
vn -0.0615 0.9957 0.0700
vn 0.0055 -0.9665 -0.2566
vn -0.2794 0.0511 -0.9588
vn -0.1150 0.9862 -0.1193
vn -0.2622 -0.1433 -0.9543
vn -0.1640 0.9385 -0.3037
vn -0.2349 -0.3323 -0.9134
vn -0.2066 0.8548 -0.4761
vn -0.1987 -0.5090 -0.8375
vn -0.2412 0.7382 -0.6299
vn -0.1547 -0.6665 -0.7293
vn -0.2665 0.5936 -0.7593
vn -0.1047 -0.7985 -0.5928
vn -0.2816 0.4266 -0.8595
vt 0.750000 0.062500
vt 0.750000 0.125000
vt 0.718750 0.125000
vt 0.718750 0.062500
vt 0.750000 0.500000
vt 0.750000 0.562500
vt 0.718750 0.562500
vt 0.718750 0.500000
vt 0.750000 0.937500
vt 0.734375 1.000000
vt 0.718750 0.937500
vt 0.734375 0.000000
vt 0.750000 0.437500
vt 0.718750 0.437500
vt 0.750000 0.875000
vt 0.718750 0.875000
vt 0.750000 0.375000
vt 0.718750 0.375000
vt 0.750000 0.812500
vt 0.718750 0.812500
vt 0.750000 0.312500
vt 0.718750 0.312500
vt 0.750000 0.750000
vt 0.718750 0.750000
vt 0.750000 0.250000
vt 0.718750 0.250000
vt 0.750000 0.687500
vt 0.718750 0.687500
vt 0.750000 0.187500
vt 0.718750 0.187500
vt 0.750000 0.625000
vt 0.718750 0.625000
vt 0.687500 0.687500
vt 0.687500 0.625000
vt 0.687500 0.187500
vt 0.687500 0.125000
vt 0.687500 0.562500
vt 0.687500 0.062500
vt 0.687500 0.500000
vt 0.703125 1.000000
vt 0.687500 0.937500
vt 0.703125 0.000000
vt 0.687500 0.437500
vt 0.687500 0.875000
vt 0.687500 0.375000
vt 0.687500 0.812500
vt 0.687500 0.312500
vt 0.687500 0.750000
vt 0.687500 0.250000
vt 0.656250 0.437500
vt 0.656250 0.375000
vt 0.656250 0.875000
vt 0.656250 0.812500
vt 0.656250 0.312500
vt 0.656250 0.750000
vt 0.656250 0.250000
vt 0.656250 0.687500
vt 0.656250 0.187500
vt 0.656250 0.625000
vt 0.656250 0.125000
vt 0.656250 0.562500
vt 0.656250 0.062500
vt 0.656250 0.500000
vt 0.671875 1.000000
vt 0.656250 0.937500
vt 0.671875 0.000000
vt 0.625000 0.187500
vt 0.625000 0.125000
vt 0.625000 0.625000
vt 0.625000 0.562500
vt 0.625000 0.062500
vt 0.625000 0.500000
vt 0.640625 1.000000
vt 0.625000 0.937500
vt 0.640625 0.000000
vt 0.625000 0.437500
vt 0.625000 0.875000
vt 0.625000 0.375000
vt 0.625000 0.812500
vt 0.625000 0.312500
vt 0.625000 0.750000
vt 0.625000 0.250000
vt 0.625000 0.687500
vt 0.593750 0.375000
vt 0.593750 0.312500
vt 0.593750 0.812500
vt 0.593750 0.750000
vt 0.593750 0.250000
vt 0.593750 0.687500
vt 0.593750 0.187500
vt 0.593750 0.625000
vt 0.593750 0.125000
vt 0.593750 0.562500
vt 0.593750 0.062500
vt 0.593750 0.500000
vt 0.609375 1.000000
vt 0.593750 0.937500
vt 0.609375 0.000000
vt 0.593750 0.437500
vt 0.593750 0.875000
vt 0.562500 0.125000
vt 0.562500 0.062500
vt 0.562500 0.562500
vt 0.562500 0.500000
vt 0.578125 1.000000
vt 0.562500 0.937500
vt 0.578125 0.000000
vt 0.562500 0.437500
vt 0.562500 0.875000
vt 0.562500 0.375000
vt 0.562500 0.812500
vt 0.562500 0.312500
vt 0.562500 0.750000
vt 0.562500 0.250000
vt 0.562500 0.687500
vt 0.562500 0.187500
vt 0.562500 0.625000
vt 0.531250 0.812500
vt 0.531250 0.750000
vt 0.531250 0.312500
vt 0.531250 0.250000
vt 0.531250 0.687500
vt 0.531250 0.187500
vt 0.531250 0.625000
vt 0.531250 0.125000
vt 0.531250 0.562500
vt 0.531250 0.062500
vt 0.531250 0.500000
vt 0.546875 1.000000
vt 0.531250 0.937500
vt 0.546875 0.000000
vt 0.531250 0.437500
vt 0.531250 0.875000
vt 0.531250 0.375000
vt 0.500000 0.562500
vt 0.500000 0.500000
vt 0.515625 1.000000
vt 0.500000 0.937500
vt 0.515625 0.000000
vt 0.500000 0.062500
vt 0.500000 0.437500
vt 0.500000 0.875000
vt 0.500000 0.375000
vt 0.500000 0.812500
vt 0.500000 0.312500
vt 0.500000 0.750000
vt 0.500000 0.250000
vt 0.500000 0.687500
vt 0.500000 0.187500
vt 0.500000 0.625000
vt 0.500000 0.125000
vt 0.468750 0.312500
vt 0.468750 0.250000
vt 0.468750 0.750000
vt 0.468750 0.687500
vt 0.468750 0.187500
vt 0.468750 0.625000
vt 0.468750 0.125000
vt 0.468750 0.562500
vt 0.468750 0.062500
vt 0.468750 0.500000
vt 0.484375 1.000000
vt 0.468750 0.937500
vt 0.484375 0.000000
vt 0.468750 0.437500
vt 0.468750 0.875000
vt 0.468750 0.375000
vt 0.468750 0.812500
vt 0.453125 1.000000
vt 0.437500 0.937500
vt 0.453125 0.000000
vt 0.437500 0.062500
vt 0.437500 0.500000
vt 0.437500 0.437500
vt 0.437500 0.875000
vt 0.437500 0.375000
vt 0.437500 0.812500
vt 0.437500 0.312500
vt 0.437500 0.750000
vt 0.437500 0.250000
vt 0.437500 0.687500
vt 0.437500 0.187500
vt 0.437500 0.625000
vt 0.437500 0.125000
vt 0.437500 0.562500
vt 0.406250 0.750000
vt 0.406250 0.687500
vt 0.406250 0.250000
vt 0.406250 0.187500
vt 0.406250 0.625000
vt 0.406250 0.125000
vt 0.406250 0.562500
vt 0.406250 0.062500
vt 0.406250 0.500000
vt 0.421875 1.000000
vt 0.406250 0.937500
vt 0.421875 0.000000
vt 0.406250 0.437500
vt 0.406250 0.875000
vt 0.406250 0.375000
vt 0.406250 0.812500
vt 0.406250 0.312500
vt 0.375000 0.500000
vt 0.375000 0.437500
vt 0.375000 0.937500
vt 0.375000 0.875000
vt 0.375000 0.375000
vt 0.375000 0.812500
vt 0.375000 0.312500
vt 0.375000 0.750000
vt 0.375000 0.250000
vt 0.375000 0.687500
vt 0.375000 0.187500
vt 0.375000 0.625000
vt 0.375000 0.125000
vt 0.375000 0.562500
vt 0.375000 0.062500
vt 0.390625 1.000000
vt 0.390625 0.000000
vt 0.343750 0.250000
vt 0.343750 0.187500
vt 0.343750 0.687500
vt 0.343750 0.625000
vt 0.343750 0.125000
vt 0.343750 0.562500
vt 0.343750 0.062500
vt 0.343750 0.500000
vt 0.359375 1.000000
vt 0.343750 0.937500
vt 0.359375 0.000000
vt 0.343750 0.437500
vt 0.343750 0.875000
vt 0.343750 0.375000
vt 0.343750 0.812500
vt 0.343750 0.312500
vt 0.343750 0.750000
vt 0.312500 0.437500
vt 0.312500 0.375000
vt 0.312500 0.875000
vt 0.312500 0.812500
vt 0.312500 0.312500
vt 0.312500 0.750000
vt 0.312500 0.250000
vt 0.312500 0.687500
vt 0.312500 0.187500
vt 0.312500 0.625000
vt 0.312500 0.125000
vt 0.312500 0.562500
vt 0.312500 0.062500
vt 0.312500 0.500000
vt 0.328125 1.000000
vt 0.312500 0.937500
vt 0.328125 0.000000
vt 0.281250 0.187500
vt 0.281250 0.125000
vt 0.281250 0.625000
vt 0.281250 0.562500
vt 0.281250 0.062500
vt 0.281250 0.500000
vt 0.296875 1.000000
vt 0.281250 0.937500
vt 0.296875 0.000000
vt 0.281250 0.437500
vt 0.281250 0.875000
vt 0.281250 0.375000
vt 0.281250 0.812500
vt 0.281250 0.312500
vt 0.281250 0.750000
vt 0.281250 0.250000
vt 0.281250 0.687500
vt 0.250000 0.875000
vt 0.250000 0.812500
vt 0.250000 0.375000
vt 0.250000 0.312500
vt 0.250000 0.750000
vt 0.250000 0.250000
vt 0.250000 0.687500
vt 0.250000 0.187500
vt 0.250000 0.625000
vt 0.250000 0.125000
vt 0.250000 0.562500
vt 0.250000 0.062500
vt 0.250000 0.500000
vt 0.265625 1.000000
vt 0.250000 0.937500
vt 0.265625 0.000000
vt 0.250000 0.437500
vt 0.218750 0.625000
vt 0.218750 0.562500
vt 0.218750 0.125000
vt 0.218750 0.062500
vt 0.218750 0.500000
vt 0.234375 1.000000
vt 0.218750 0.937500
vt 0.234375 0.000000
vt 0.218750 0.437500
vt 0.218750 0.875000
vt 0.218750 0.375000
vt 0.218750 0.812500
vt 0.218750 0.312500
vt 0.218750 0.750000
vt 0.218750 0.250000
vt 0.218750 0.687500
vt 0.218750 0.187500
vt 0.187500 0.375000
vt 0.187500 0.312500
vt 0.187500 0.812500
vt 0.187500 0.750000
vt 0.187500 0.250000
vt 0.187500 0.687500
vt 0.187500 0.187500
vt 0.187500 0.625000
vt 0.187500 0.125000
vt 0.187500 0.562500
vt 0.187500 0.062500
vt 0.187500 0.500000
vt 0.203125 1.000000
vt 0.187500 0.937500
vt 0.203125 0.000000
vt 0.187500 0.437500
vt 0.187500 0.875000
vt 0.156250 0.125000
vt 0.156250 0.062500
vt 0.156250 0.562500
vt 0.156250 0.500000
vt 0.171875 1.000000
vt 0.156250 0.937500
vt 0.171875 0.000000
vt 0.156250 0.437500
vt 0.156250 0.875000
vt 0.156250 0.375000
vt 0.156250 0.812500
vt 0.156250 0.312500
vt 0.156250 0.750000
vt 0.156250 0.250000
vt 0.156250 0.687500
vt 0.156250 0.187500
vt 0.156250 0.625000
vt 0.125000 0.812500
vt 0.125000 0.750000
vt 0.125000 0.312500
vt 0.125000 0.250000
vt 0.125000 0.687500
vt 0.125000 0.187500
vt 0.125000 0.625000
vt 0.125000 0.125000
vt 0.125000 0.562500
vt 0.125000 0.062500
vt 0.125000 0.500000
vt 0.140625 1.000000
vt 0.125000 0.937500
vt 0.140625 0.000000
vt 0.125000 0.437500
vt 0.125000 0.875000
vt 0.125000 0.375000
vt 0.093750 0.562500
vt 0.093750 0.500000
vt 0.109375 1.000000
vt 0.093750 0.937500
vt 0.109375 0.000000
vt 0.093750 0.062500
vt 0.093750 0.437500
vt 0.093750 0.875000
vt 0.093750 0.375000
vt 0.093750 0.812500
vt 0.093750 0.312500
vt 0.093750 0.750000
vt 0.093750 0.250000
vt 0.093750 0.687500
vt 0.093750 0.187500
vt 0.093750 0.625000
vt 0.093750 0.125000
vt 0.062500 0.312500
vt 0.062500 0.250000
vt 0.062500 0.750000
vt 0.062500 0.687500
vt 0.062500 0.187500
vt 0.062500 0.625000
vt 0.062500 0.125000
vt 0.062500 0.562500
vt 0.062500 0.062500
vt 0.062500 0.500000
vt 0.078125 1.000000
vt 0.062500 0.937500
vt 0.078125 0.000000
vt 0.062500 0.437500
vt 0.062500 0.875000
vt 0.062500 0.375000
vt 0.062500 0.812500
vt 0.046875 0.000000
vt 0.031250 0.062500
vt 0.031250 0.500000
vt 0.031250 0.437500
vt 0.031250 0.937500
vt 0.031250 0.875000
vt 0.031250 0.375000
vt 0.031250 0.812500
vt 0.031250 0.312500
vt 0.031250 0.750000
vt 0.031250 0.250000
vt 0.031250 0.687500
vt 0.031250 0.187500
vt 0.031250 0.625000
vt 0.031250 0.125000
vt 0.031250 0.562500
vt 0.046875 1.000000
vt 0.000000 0.250000
vt 0.000000 0.187500
vt 0.000000 0.687500
vt 0.000000 0.625000
vt 0.000000 0.125000
vt 0.000000 0.562500
vt 0.000000 0.062500
vt 0.000000 0.500000
vt 0.015625 1.000000
vt 0.000000 0.937500
vt 0.015625 0.000000
vt 0.000000 0.437500
vt 0.000000 0.875000
vt 0.000000 0.375000
vt 0.000000 0.812500
vt 0.000000 0.312500
vt 0.000000 0.750000
vt 1.000000 0.875000
vt 1.000000 0.937500
vt 0.968750 0.937500
vt 0.968750 0.875000
vt 1.000000 0.375000
vt 1.000000 0.437500
vt 0.968750 0.437500
vt 0.968750 0.375000
vt 1.000000 0.812500
vt 0.968750 0.812500
vt 1.000000 0.312500
vt 0.968750 0.312500
vt 1.000000 0.750000
vt 0.968750 0.750000
vt 1.000000 0.250000
vt 0.968750 0.250000
vt 1.000000 0.687500
vt 0.968750 0.687500
vt 1.000000 0.187500
vt 0.968750 0.187500
vt 1.000000 0.625000
vt 0.968750 0.625000
vt 1.000000 0.125000
vt 0.968750 0.125000
vt 1.000000 0.562500
vt 0.968750 0.562500
vt 1.000000 0.062500
vt 0.968750 0.062500
vt 1.000000 0.500000
vt 0.968750 0.500000
vt 0.984375 1.000000
vt 0.984375 0.000000
vt 0.937500 0.687500
vt 0.937500 0.625000
vt 0.937500 0.187500
vt 0.937500 0.125000
vt 0.937500 0.562500
vt 0.937500 0.062500
vt 0.937500 0.500000
vt 0.953125 1.000000
vt 0.937500 0.937500
vt 0.953125 0.000000
vt 0.937500 0.437500
vt 0.937500 0.875000
vt 0.937500 0.375000
vt 0.937500 0.812500
vt 0.937500 0.312500
vt 0.937500 0.750000
vt 0.937500 0.250000
vt 0.906250 0.437500
vt 0.906250 0.375000
vt 0.906250 0.875000
vt 0.906250 0.812500
vt 0.906250 0.312500
vt 0.906250 0.750000
vt 0.906250 0.250000
vt 0.906250 0.687500
vt 0.906250 0.187500
vt 0.906250 0.625000
vt 0.906250 0.125000
vt 0.906250 0.562500
vt 0.906250 0.062500
vt 0.906250 0.500000
vt 0.921875 1.000000
vt 0.906250 0.937500
vt 0.921875 0.000000
vt 0.875000 0.187500
vt 0.875000 0.125000
vt 0.875000 0.625000
vt 0.875000 0.562500
vt 0.875000 0.062500
vt 0.875000 0.500000
vt 0.890625 1.000000
vt 0.875000 0.937500
vt 0.890625 0.000000
vt 0.875000 0.437500
vt 0.875000 0.875000
vt 0.875000 0.375000
vt 0.875000 0.812500
vt 0.875000 0.312500
vt 0.875000 0.750000
vt 0.875000 0.250000
vt 0.875000 0.687500
vt 0.843750 0.875000
vt 0.843750 0.812500
vt 0.843750 0.375000
vt 0.843750 0.312500
vt 0.843750 0.750000
vt 0.843750 0.250000
vt 0.843750 0.687500
vt 0.843750 0.187500
vt 0.843750 0.625000
vt 0.843750 0.125000
vt 0.843750 0.562500
vt 0.843750 0.062500
vt 0.843750 0.500000
vt 0.859375 1.000000
vt 0.843750 0.937500
vt 0.859375 0.000000
vt 0.843750 0.437500
vt 0.812500 0.625000
vt 0.812500 0.562500
vt 0.812500 0.125000
vt 0.812500 0.062500
vt 0.812500 0.500000
vt 0.828125 1.000000
vt 0.812500 0.937500
vt 0.828125 0.000000
vt 0.812500 0.437500
vt 0.812500 0.875000
vt 0.812500 0.375000
vt 0.812500 0.812500
vt 0.812500 0.312500
vt 0.812500 0.750000
vt 0.812500 0.250000
vt 0.812500 0.687500
vt 0.812500 0.187500
vt 0.781250 0.375000
vt 0.781250 0.312500
vt 0.781250 0.812500
vt 0.781250 0.750000
vt 0.781250 0.250000
vt 0.781250 0.687500
vt 0.781250 0.187500
vt 0.781250 0.625000
vt 0.781250 0.125000
vt 0.781250 0.562500
vt 0.781250 0.062500
vt 0.781250 0.500000
vt 0.796875 1.000000
vt 0.781250 0.937500
vt 0.796875 0.000000
vt 0.781250 0.437500
vt 0.781250 0.875000
vt 0.765625 1.000000
vt 0.765625 0.000000
s 0
usemtl tree
f 1146/1321/338 1145/1322/338 684/1323/338 685/1324/338
f 668/1325/339 667/1326/339 677/1327/339 678/1328/339
f 1138/1329/340 746/1330/340 671/1331/340
f 972/1332/341 1146/1321/341 685/1324/341
f 669/1333/342 668/1325/342 678/1328/342 679/1334/342
f 1139/1335/343 1138/1329/343 671/1331/343 672/1336/343
f 1142/1337/344 669/1333/344 679/1334/344 680/1338/344
f 665/1339/345 1139/1335/345 672/1336/345 673/1340/345
f 670/1341/346 1142/1337/346 680/1338/346 681/1342/346
f 1140/1343/347 665/1339/347 673/1340/347 674/1344/347
f 1143/1345/348 670/1341/348 681/1342/348 682/1346/348
f 666/1347/349 1140/1343/349 674/1344/349 675/1348/349
f 1144/1349/350 1143/1345/350 682/1346/350 683/1350/350
f 1141/1351/351 666/1347/351 675/1348/351 676/1352/351
f 1145/1322/352 1144/1349/352 683/1350/352 684/1323/352
f 667/1326/353 1141/1351/353 676/1352/353 677/1327/353
f 676/1352/354 675/1348/354 690/1353/354 691/1354/354
f 684/1323/355 683/1350/355 698/1355/355 699/1356/355
f 677/1327/356 676/1352/356 691/1354/356 692/1357/356
f 685/1324/357 684/1323/357 699/1356/357 700/1358/357
f 678/1328/358 677/1327/358 692/1357/358 693/1359/358
f 671/1331/359 746/1360/359 686/1361/359
f 972/1362/360 685/1324/360 700/1358/360
f 679/1334/361 678/1328/361 693/1359/361 694/1363/361
f 672/1336/362 671/1331/362 686/1361/362 687/1364/362
f 680/1338/363 679/1334/363 694/1363/363 695/1365/363
f 673/1340/364 672/1336/364 687/1364/364 688/1366/364
f 681/1342/365 680/1338/365 695/1365/365 696/1367/365
f 674/1344/366 673/1340/366 688/1366/366 689/1368/366
f 682/1346/367 681/1342/367 696/1367/367 697/1369/367
f 675/1348/368 674/1344/368 689/1368/368 690/1353/368
f 683/1350/369 682/1346/369 697/1369/369 698/1355/369
f 695/1365/370 694/1363/370 709/1370/370 710/1371/370
f 688/1366/371 687/1364/371 702/1372/371 703/1373/371
f 696/1367/372 695/1365/372 710/1371/372 711/1374/372
f 689/1368/373 688/1366/373 703/1373/373 704/1375/373
f 697/1369/374 696/1367/374 711/1374/374 712/1376/374
f 690/1353/375 689/1368/375 704/1375/375 705/1377/375
f 698/1355/376 697/1369/376 712/1376/376 713/1378/376
f 691/1354/377 690/1353/377 705/1377/377 706/1379/377
f 699/1356/378 698/1355/378 713/1378/378 714/1380/378
f 692/1357/379 691/1354/379 706/1379/379 707/1381/379
f 700/1358/380 699/1356/380 714/1380/380 715/1382/380
f 693/1359/381 692/1357/381 707/1381/381 708/1383/381
f 686/1361/382 746/1384/382 701/1385/382
f 972/1386/383 700/1358/383 715/1382/383
f 694/1363/384 693/1359/384 708/1383/384 709/1370/384
f 687/1364/385 686/1361/385 701/1385/385 702/1372/385
f 714/1380/386 713/1378/386 728/1387/386 729/1388/386
f 707/1381/387 706/1379/387 721/1389/387 722/1390/387
f 715/1382/388 714/1380/388 729/1388/388 730/1391/388
f 708/1383/389 707/1381/389 722/1390/389 723/1392/389
f 701/1385/390 746/1393/390 716/1394/390
f 972/1395/391 715/1382/391 730/1391/391
f 709/1370/392 708/1383/392 723/1392/392 724/1396/392
f 702/1372/393 701/1385/393 716/1394/393 717/1397/393
f 710/1371/394 709/1370/394 724/1396/394 725/1398/394
f 703/1373/395 702/1372/395 717/1397/395 718/1399/395
f 711/1374/396 710/1371/396 725/1398/396 726/1400/396
f 704/1375/397 703/1373/397 718/1399/397 719/1401/397
f 712/1376/398 711/1374/398 726/1400/398 727/1402/398
f 705/1377/399 704/1375/399 719/1401/399 720/1403/399
f 713/1378/400 712/1376/400 727/1402/400 728/1387/400
f 706/1379/401 705/1377/401 720/1403/401 721/1389/401
f 726/1400/402 725/1398/402 740/1404/402 741/1405/402
f 719/1401/403 718/1399/403 733/1406/403 734/1407/403
f 727/1402/404 726/1400/404 741/1405/404 742/1408/404
f 720/1403/405 719/1401/405 734/1407/405 735/1409/405
f 728/1387/406 727/1402/406 742/1408/406 743/1410/406
f 721/1389/407 720/1403/407 735/1409/407 736/1411/407
f 729/1388/408 728/1387/408 743/1410/408 744/1412/408
f 722/1390/409 721/1389/409 736/1411/409 737/1413/409
f 730/1391/410 729/1388/410 744/1412/410 745/1414/410
f 723/1392/411 722/1390/411 737/1413/411 738/1415/411
f 716/1394/412 746/1416/412 731/1417/412
f 972/1418/413 730/1391/413 745/1414/413
f 724/1396/414 723/1392/414 738/1415/414 739/1419/414
f 717/1397/415 716/1394/415 731/1417/415 732/1420/415
f 725/1398/416 724/1396/416 739/1419/416 740/1404/416
f 718/1399/417 717/1397/417 732/1420/417 733/1406/417
f 745/1414/418 744/1412/418 760/1421/418 761/1422/418
f 738/1415/419 737/1413/419 753/1423/419 754/1424/419
f 731/1417/420 746/1425/420 747/1426/420
f 972/1427/421 745/1414/421 761/1422/421
f 739/1419/422 738/1415/422 754/1424/422 755/1428/422
f 732/1420/423 731/1417/423 747/1426/423 748/1429/423
f 740/1404/424 739/1419/424 755/1428/424 756/1430/424
f 733/1406/425 732/1420/425 748/1429/425 749/1431/425
f 741/1405/426 740/1404/426 756/1430/426 757/1432/426
f 734/1407/427 733/1406/427 749/1431/427 750/1433/427
f 742/1408/428 741/1405/428 757/1432/428 758/1434/428
f 735/1409/429 734/1407/429 750/1433/429 751/1435/429
f 743/1410/430 742/1408/430 758/1434/430 759/1436/430
f 736/1411/431 735/1409/431 751/1435/431 752/1437/431
f 744/1412/432 743/1410/432 759/1436/432 760/1421/432
f 737/1413/433 736/1411/433 752/1437/433 753/1423/433
f 750/1433/434 749/1431/434 764/1438/434 765/1439/434
f 758/1434/435 757/1432/435 772/1440/435 773/1441/435
f 751/1435/436 750/1433/436 765/1439/436 766/1442/436
f 759/1436/437 758/1434/437 773/1441/437 774/1443/437
f 752/1437/438 751/1435/438 766/1442/438 767/1444/438
f 760/1421/439 759/1436/439 774/1443/439 775/1445/439
f 753/1423/440 752/1437/440 767/1444/440 768/1446/440
f 761/1422/441 760/1421/441 775/1445/441 776/1447/441
f 754/1424/442 753/1423/442 768/1446/442 769/1448/442
f 747/1426/443 746/1449/443 762/1450/443
f 972/1451/444 761/1422/444 776/1447/444
f 755/1428/445 754/1424/445 769/1448/445 770/1452/445
f 748/1429/446 747/1426/446 762/1450/446 763/1453/446
f 756/1430/447 755/1428/447 770/1452/447 771/1454/447
f 749/1431/448 748/1429/448 763/1453/448 764/1438/448
f 757/1432/449 756/1430/449 771/1454/449 772/1440/449
f 769/1448/450 768/1446/450 783/1455/450 784/1456/450
f 762/1450/451 746/1457/451 777/1458/451
f 972/1459/452 776/1447/452 791/1460/452
f 770/1452/453 769/1448/453 784/1456/453 785/1461/453
f 763/1453/454 762/1450/454 777/1458/454 778/1462/454
f 771/1454/455 770/1452/455 785/1461/455 786/1463/455
f 764/1438/456 763/1453/456 778/1462/456 779/1464/456
f 772/1440/457 771/1454/457 786/1463/457 787/1465/457
f 765/1439/458 764/1438/458 779/1464/458 780/1466/458
f 773/1441/459 772/1440/459 787/1465/459 788/1467/459
f 766/1442/460 765/1439/460 780/1466/460 781/1468/460
f 774/1443/461 773/1441/461 788/1467/461 789/1469/461
f 767/1444/462 766/1442/462 781/1468/462 782/1470/462
f 775/1445/463 774/1443/463 789/1469/463 790/1471/463
f 768/1446/464 767/1444/464 782/1470/464 783/1455/464
f 776/1447/465 775/1445/465 790/1471/465 791/1460/465
f 788/1467/466 787/1465/466 802/1472/466 803/1473/466
f 781/1468/467 780/1466/467 795/1474/467 796/1475/467
f 789/1469/468 788/1467/468 803/1473/468 804/1476/468
f 782/1470/469 781/1468/469 796/1475/469 797/1477/469
f 790/1471/470 789/1469/470 804/1476/470 805/1478/470
f 783/1455/471 782/1470/471 797/1477/471 798/1479/471
f 791/1460/472 790/1471/472 805/1478/472 806/1480/472
f 784/1456/473 783/1455/473 798/1479/473 799/1481/473
f 777/1458/474 746/1482/474 792/1483/474
f 972/1484/475 791/1460/475 806/1480/475
f 785/1461/476 784/1456/476 799/1481/476 800/1485/476
f 778/1462/477 777/1458/477 792/1483/477 793/1486/477
f 786/1463/478 785/1461/478 800/1485/478 801/1487/478
f 779/1464/479 778/1462/479 793/1486/479 794/1488/479
f 787/1465/480 786/1463/480 801/1487/480 802/1472/480
f 780/1466/481 779/1464/481 794/1488/481 795/1474/481
f 792/1483/482 746/1489/482 807/1490/482
f 972/1491/483 806/1480/483 821/1492/483
f 800/1485/484 799/1481/484 814/1493/484 815/1494/484
f 793/1486/485 792/1483/485 807/1490/485 808/1495/485
f 801/1487/486 800/1485/486 815/1494/486 816/1496/486
f 794/1488/487 793/1486/487 808/1495/487 809/1497/487
f 802/1472/488 801/1487/488 816/1496/488 817/1498/488
f 795/1474/489 794/1488/489 809/1497/489 810/1499/489
f 803/1473/490 802/1472/490 817/1498/490 818/1500/490
f 796/1475/491 795/1474/491 810/1499/491 811/1501/491
f 804/1476/492 803/1473/492 818/1500/492 819/1502/492
f 797/1477/493 796/1475/493 811/1501/493 812/1503/493
f 805/1478/494 804/1476/494 819/1502/494 820/1504/494
f 798/1479/495 797/1477/495 812/1503/495 813/1505/495
f 806/1480/496 805/1478/496 820/1504/496 821/1492/496
f 799/1481/497 798/1479/497 813/1505/497 814/1493/497
f 811/1501/498 810/1499/498 825/1506/498 826/1507/498
f 819/1502/499 818/1500/499 833/1508/499 834/1509/499
f 812/1503/500 811/1501/500 826/1507/500 827/1510/500
f 820/1504/501 819/1502/501 834/1509/501 835/1511/501
f 813/1505/502 812/1503/502 827/1510/502 828/1512/502
f 821/1492/503 820/1504/503 835/1511/503 836/1513/503
f 814/1493/504 813/1505/504 828/1512/504 829/1514/504
f 807/1490/505 746/1515/505 822/1516/505
f 972/1517/506 821/1492/506 836/1513/506
f 815/1494/507 814/1493/507 829/1514/507 830/1518/507
f 808/1495/508 807/1490/508 822/1516/508 823/1519/508
f 816/1496/509 815/1494/509 830/1518/509 831/1520/509
f 809/1497/510 808/1495/510 823/1519/510 824/1521/510
f 817/1498/511 816/1496/511 831/1520/511 832/1522/511
f 810/1499/512 809/1497/512 824/1521/512 825/1506/512
f 818/1500/513 817/1498/513 832/1522/513 833/1508/513
f 830/1518/514 829/1514/514 844/1523/514 845/1524/514
f 823/1519/515 822/1516/515 837/1525/515 838/1526/515
f 831/1520/516 830/1518/516 845/1524/516 846/1527/516
f 824/1521/517 823/1519/517 838/1526/517 839/1528/517
f 832/1522/518 831/1520/518 846/1527/518 847/1529/518
f 825/1506/519 824/1521/519 839/1528/519 840/1530/519
f 833/1508/520 832/1522/520 847/1529/520 848/1531/520
f 826/1507/521 825/1506/521 840/1530/521 841/1532/521
f 834/1509/522 833/1508/522 848/1531/522 849/1533/522
f 827/1510/523 826/1507/523 841/1532/523 842/1534/523
f 835/1511/524 834/1509/524 849/1533/524 850/1535/524
f 828/1512/525 827/1510/525 842/1534/525 843/1536/525
f 836/1513/526 835/1511/526 850/1535/526 851/1537/526
f 829/1514/527 828/1512/527 843/1536/527 844/1523/527
f 822/1516/528 746/1538/528 837/1525/528
f 972/1539/529 836/1513/529 851/1537/529
f 849/1533/530 848/1531/530 863/1540/530 864/1541/530
f 842/1534/531 841/1532/531 856/1542/531 857/1543/531
f 850/1535/532 849/1533/532 864/1541/532 865/1544/532
f 843/1536/533 842/1534/533 857/1543/533 858/1545/533
f 851/1537/534 850/1535/534 865/1544/534 866/1546/534
f 844/1523/535 843/1536/535 858/1545/535 859/1547/535
f 837/1525/536 746/1548/536 852/1549/536
f 972/1550/537 851/1537/537 866/1546/537
f 845/1524/538 844/1523/538 859/1547/538 860/1551/538
f 838/1526/539 837/1525/539 852/1549/539 853/1552/539
f 846/1527/540 845/1524/540 860/1551/540 861/1553/540
f 839/1528/541 838/1526/541 853/1552/541 854/1554/541
f 847/1529/542 846/1527/542 861/1553/542 862/1555/542
f 840/1530/543 839/1528/543 854/1554/543 855/1556/543
f 848/1531/544 847/1529/544 862/1555/544 863/1540/544
f 841/1532/545 840/1530/545 855/1556/545 856/1542/545
f 861/1553/546 860/1551/546 875/1557/546 876/1558/546
f 854/1554/547 853/1552/547 868/1559/547 869/1560/547
f 862/1555/548 861/1553/548 876/1558/548 877/1561/548
f 855/1556/549 854/1554/549 869/1560/549 870/1562/549
f 863/1540/550 862/1555/550 877/1561/550 878/1563/550
f 856/1542/551 855/1556/551 870/1562/551 871/1564/551
f 864/1541/552 863/1540/552 878/1563/552 879/1565/552
f 857/1543/553 856/1542/553 871/1564/553 872/1566/553
f 865/1544/554 864/1541/554 879/1565/554 880/1567/554
f 858/1545/555 857/1543/555 872/1566/555 873/1568/555
f 866/1546/556 865/1544/556 880/1567/556 881/1569/556
f 859/1547/557 858/1545/557 873/1568/557 874/1570/557
f 852/1549/558 746/1571/558 867/1572/558
f 972/1573/559 866/1546/559 881/1569/559
f 860/1551/560 859/1547/560 874/1570/560 875/1557/560
f 853/1552/561 852/1549/561 867/1572/561 868/1559/561
f 880/1567/562 879/1565/562 894/1574/562 895/1575/562
f 873/1568/563 872/1566/563 887/1576/563 888/1577/563
f 881/1569/564 880/1567/564 895/1575/564 896/1578/564
f 874/1570/565 873/1568/565 888/1577/565 889/1579/565
f 867/1572/566 746/1580/566 882/1581/566
f 972/1582/567 881/1569/567 896/1578/567
f 875/1557/568 874/1570/568 889/1579/568 890/1583/568
f 868/1559/569 867/1572/569 882/1581/569 883/1584/569
f 876/1558/570 875/1557/570 890/1583/570 891/1585/570
f 869/1560/571 868/1559/571 883/1584/571 884/1586/571
f 877/1561/572 876/1558/572 891/1585/572 892/1587/572
f 870/1562/573 869/1560/573 884/1586/573 885/1588/573
f 878/1563/574 877/1561/574 892/1587/574 893/1589/574
f 871/1564/575 870/1562/575 885/1588/575 886/1590/575
f 879/1565/576 878/1563/576 893/1589/576 894/1574/576
f 872/1566/577 871/1564/577 886/1590/577 887/1576/577
f 884/1586/578 883/1584/578 898/1591/578 899/1592/578
f 892/1587/579 891/1585/579 906/1593/579 907/1594/579
f 885/1588/580 884/1586/580 899/1592/580 900/1595/580
f 893/1589/581 892/1587/581 907/1594/581 908/1596/581
f 886/1590/582 885/1588/582 900/1595/582 901/1597/582
f 894/1574/583 893/1589/583 908/1596/583 909/1598/583
f 887/1576/584 886/1590/584 901/1597/584 902/1599/584
f 895/1575/585 894/1574/585 909/1598/585 910/1600/585
f 888/1577/586 887/1576/586 902/1599/586 903/1601/586
f 896/1578/587 895/1575/587 910/1600/587 911/1602/587
f 889/1579/588 888/1577/588 903/1601/588 904/1603/588
f 882/1581/589 746/1604/589 897/1605/589
f 972/1606/590 896/1578/590 911/1602/590
f 890/1583/591 889/1579/591 904/1603/591 905/1607/591
f 883/1584/592 882/1581/592 897/1605/592 898/1591/592
f 891/1585/593 890/1583/593 905/1607/593 906/1593/593
f 903/1601/594 902/1599/594 917/1608/594 918/1609/594
f 911/1602/595 910/1600/595 925/1610/595 926/1611/595
f 904/1603/596 903/1601/596 918/1609/596 919/1612/596
f 897/1605/597 746/1613/597 912/1614/597
f 972/1615/598 911/1602/598 926/1611/598
f 905/1607/599 904/1603/599 919/1612/599 920/1616/599
f 898/1591/600 897/1605/600 912/1614/600 913/1617/600
f 906/1593/601 905/1607/601 920/1616/601 921/1618/601
f 899/1592/602 898/1591/602 913/1617/602 914/1619/602
f 907/1594/603 906/1593/603 921/1618/603 922/1620/603
f 900/1595/604 899/1592/604 914/1619/604 915/1621/604
f 908/1596/605 907/1594/605 922/1620/605 923/1622/605
f 901/1597/606 900/1595/606 915/1621/606 916/1623/606
f 909/1598/607 908/1596/607 923/1622/607 924/1624/607
f 902/1599/608 901/1597/608 916/1623/608 917/1608/608
f 910/1600/609 909/1598/609 924/1624/609 925/1610/609
f 922/1620/610 921/1618/610 936/1625/610 937/1626/610
f 915/1621/611 914/1619/611 929/1627/611 930/1628/611
f 923/1622/612 922/1620/612 937/1626/612 938/1629/612
f 916/1623/613 915/1621/613 930/1628/613 931/1630/613
f 924/1624/614 923/1622/614 938/1629/614 939/1631/614
f 917/1608/615 916/1623/615 931/1630/615 932/1632/615
f 925/1610/616 924/1624/616 939/1631/616 940/1633/616
f 918/1609/617 917/1608/617 932/1632/617 933/1634/617
f 926/1611/618 925/1610/618 940/1633/618 941/1635/618
f 919/1612/619 918/1609/619 933/1634/619 934/1636/619
f 912/1614/620 746/1637/620 927/1638/620
f 972/1639/621 926/1611/621 941/1635/621
f 920/1616/622 919/1612/622 934/1636/622 935/1640/622
f 913/1617/623 912/1614/623 927/1638/623 928/1641/623
f 921/1618/624 920/1616/624 935/1640/624 936/1625/624
f 914/1619/625 913/1617/625 928/1641/625 929/1627/625
f 941/1635/626 940/1633/626 955/1642/626 956/1643/626
f 934/1636/627 933/1634/627 948/1644/627 949/1645/627
f 927/1638/628 746/1646/628 942/1647/628
f 972/1648/629 941/1635/629 956/1643/629
f 935/1640/630 934/1636/630 949/1645/630 950/1649/630
f 928/1641/631 927/1638/631 942/1647/631 943/1650/631
f 936/1625/632 935/1640/632 950/1649/632 951/1651/632
f 929/1627/633 928/1641/633 943/1650/633 944/1652/633
f 937/1626/634 936/1625/634 951/1651/634 952/1653/634
f 930/1628/635 929/1627/635 944/1652/635 945/1654/635
f 938/1629/636 937/1626/636 952/1653/636 953/1655/636
f 931/1630/637 930/1628/637 945/1654/637 946/1656/637
f 939/1631/638 938/1629/638 953/1655/638 954/1657/638
f 932/1632/639 931/1630/639 946/1656/639 947/1658/639
f 940/1633/640 939/1631/640 954/1657/640 955/1642/640
f 933/1634/641 932/1632/641 947/1658/641 948/1644/641
f 945/1654/642 944/1652/642 959/1659/642 960/1660/642
f 953/1655/643 952/1653/643 967/1661/643 968/1662/643
f 946/1656/644 945/1654/644 960/1660/644 961/1663/644
f 954/1657/645 953/1655/645 968/1662/645 969/1664/645
f 947/1658/646 946/1656/646 961/1663/646 962/1665/646
f 955/1642/647 954/1657/647 969/1664/647 970/1666/647
f 948/1644/648 947/1658/648 962/1665/648 963/1667/648
f 956/1643/649 955/1642/649 970/1666/649 971/1668/649
f 949/1645/650 948/1644/650 963/1667/650 964/1669/650
f 942/1647/651 746/1670/651 957/1671/651
f 972/1672/652 956/1643/652 971/1668/652
f 950/1649/653 949/1645/653 964/1669/653 965/1673/653
f 943/1650/654 942/1647/654 957/1671/654 958/1674/654
f 951/1651/655 950/1649/655 965/1673/655 966/1675/655
f 944/1652/656 943/1650/656 958/1674/656 959/1659/656
f 952/1653/657 951/1651/657 966/1675/657 967/1661/657
f 964/1669/658 963/1667/658 979/1676/658 980/1677/658
f 957/1671/659 746/1678/659 973/1679/659
f 972/1680/660 971/1668/660 987/1681/660
f 965/1673/661 964/1669/661 980/1677/661 981/1682/661
f 958/1674/662 957/1671/662 973/1679/662 974/1683/662
f 966/1675/663 965/1673/663 981/1682/663 982/1684/663
f 959/1659/664 958/1674/664 974/1683/664 975/1685/664
f 967/1661/665 966/1675/665 982/1684/665 983/1686/665
f 960/1660/666 959/1659/666 975/1685/666 976/1687/666
f 968/1662/667 967/1661/667 983/1686/667 984/1688/667
f 961/1663/668 960/1660/668 976/1687/668 977/1689/668
f 969/1664/669 968/1662/669 984/1688/669 985/1690/669
f 962/1665/670 961/1663/670 977/1689/670 978/1691/670
f 970/1666/671 969/1664/671 985/1690/671 986/1692/671
f 963/1667/672 962/1665/672 978/1691/672 979/1676/672
f 971/1668/673 970/1666/673 986/1692/673 987/1681/673
f 984/1688/674 983/1686/674 998/1693/674 999/1694/674
f 977/1689/675 976/1687/675 991/1695/675 992/1696/675
f 985/1690/676 984/1688/676 999/1694/676 1000/1697/676
f 978/1691/677 977/1689/677 992/1696/677 993/1698/677
f 986/1692/678 985/1690/678 1000/1697/678 1001/1699/678
f 979/1676/679 978/1691/679 993/1698/679 994/1700/679
f 987/1681/680 986/1692/680 1001/1699/680 1002/1701/680
f 980/1677/681 979/1676/681 994/1700/681 995/1702/681
f 973/1679/682 746/1703/682 988/1704/682
f 972/1705/683 987/1681/683 1002/1701/683
f 981/1682/684 980/1677/684 995/1702/684 996/1706/684
f 974/1683/685 973/1679/685 988/1704/685 989/1707/685
f 982/1684/686 981/1682/686 996/1706/686 997/1708/686
f 975/1685/687 974/1683/687 989/1707/687 990/1709/687
f 983/1686/688 982/1684/688 997/1708/688 998/1693/688
f 976/1687/689 975/1685/689 990/1709/689 991/1695/689
f 972/1710/690 1002/1701/690 1017/1711/690
f 996/1706/691 995/1702/691 1010/1712/691 1011/1713/691
f 989/1707/692 988/1704/692 1003/1714/692 1004/1715/692
f 997/1708/693 996/1706/693 1011/1713/693 1012/1716/693
f 990/1709/694 989/1707/694 1004/1715/694 1005/1717/694
f 998/1693/695 997/1708/695 1012/1716/695 1013/1718/695
f 991/1695/696 990/1709/696 1005/1717/696 1006/1719/696
f 999/1694/697 998/1693/697 1013/1718/697 1014/1720/697
f 992/1696/698 991/1695/698 1006/1719/698 1007/1721/698
f 1000/1697/699 999/1694/699 1014/1720/699 1015/1722/699
f 993/1698/700 992/1696/700 1007/1721/700 1008/1723/700
f 1001/1699/701 1000/1697/701 1015/1722/701 1016/1724/701
f 994/1700/702 993/1698/702 1008/1723/702 1009/1725/702
f 1002/1701/703 1001/1699/703 1016/1724/703 1017/1711/703
f 995/1702/704 994/1700/704 1009/1725/704 1010/1712/704
f 988/1704/705 746/1726/705 1003/1714/705
f 1015/1722/706 1014/1720/706 1029/1727/706 1030/1728/706
f 1008/1723/707 1007/1721/707 1022/1729/707 1023/1730/707
f 1016/1724/708 1015/1722/708 1030/1728/708 1031/1731/708
f 1009/1725/709 1008/1723/709 1023/1730/709 1024/1732/709
f 1017/1711/710 1016/1724/710 1031/1731/710 1032/1733/710
f 1010/1712/711 1009/1725/711 1024/1732/711 1025/1734/711
f 1003/1714/712 746/1735/712 1018/1736/712
f 972/1737/713 1017/1711/713 1032/1733/713
f 1011/1713/714 1010/1712/714 1025/1734/714 1026/1738/714
f 1004/1715/715 1003/1714/715 1018/1736/715 1019/1739/715
f 1012/1716/716 1011/1713/716 1026/1738/716 1027/1740/716
f 1005/1717/717 1004/1715/717 1019/1739/717 1020/1741/717
f 1013/1718/718 1012/1716/718 1027/1740/718 1028/1742/718
f 1006/1719/719 1005/1717/719 1020/1741/719 1021/1743/719
f 1014/1720/720 1013/1718/720 1028/1742/720 1029/1727/720
f 1007/1721/721 1006/1719/721 1021/1743/721 1022/1729/721
f 1019/1744/722 1018/1745/722 1033/1746/722 1034/1747/722
f 1027/1748/723 1026/1749/723 1041/1750/723 1042/1751/723
f 1020/1752/724 1019/1744/724 1034/1747/724 1035/1753/724
f 1028/1754/725 1027/1748/725 1042/1751/725 1043/1755/725
f 1021/1756/726 1020/1752/726 1035/1753/726 1036/1757/726
f 1029/1758/727 1028/1754/727 1043/1755/727 1044/1759/727
f 1022/1760/728 1021/1756/728 1036/1757/728 1037/1761/728
f 1030/1762/729 1029/1758/729 1044/1759/729 1045/1763/729
f 1023/1764/730 1022/1760/730 1037/1761/730 1038/1765/730
f 1031/1766/731 1030/1762/731 1045/1763/731 1046/1767/731
f 1024/1768/732 1023/1764/732 1038/1765/732 1039/1769/732
f 1032/1770/733 1031/1766/733 1046/1767/733 1047/1771/733
f 1025/1772/734 1024/1768/734 1039/1769/734 1040/1773/734
f 1018/1745/735 746/1774/735 1033/1746/735
f 972/1775/736 1032/1770/736 1047/1771/736
f 1026/1749/737 1025/1772/737 1040/1773/737 1041/1750/737
f 1038/1765/738 1037/1761/738 1052/1776/738 1053/1777/738
f 1046/1767/739 1045/1763/739 1060/1778/739 1061/1779/739
f 1039/1769/740 1038/1765/740 1053/1777/740 1054/1780/740
f 1047/1771/741 1046/1767/741 1061/1779/741 1062/1781/741
f 1040/1773/742 1039/1769/742 1054/1780/742 1055/1782/742
f 1033/1746/743 746/1783/743 1048/1784/743
f 972/1785/744 1047/1771/744 1062/1781/744
f 1041/1750/745 1040/1773/745 1055/1782/745 1056/1786/745
f 1034/1747/746 1033/1746/746 1048/1784/746 1049/1787/746
f 1042/1751/747 1041/1750/747 1056/1786/747 1057/1788/747
f 1035/1753/748 1034/1747/748 1049/1787/748 1050/1789/748
f 1043/1755/749 1042/1751/749 1057/1788/749 1058/1790/749
f 1036/1757/750 1035/1753/750 1050/1789/750 1051/1791/750
f 1044/1759/751 1043/1755/751 1058/1790/751 1059/1792/751
f 1037/1761/752 1036/1757/752 1051/1791/752 1052/1776/752
f 1045/1763/753 1044/1759/753 1059/1792/753 1060/1778/753
f 1057/1788/754 1056/1786/754 1071/1793/754 1072/1794/754
f 1050/1789/755 1049/1787/755 1064/1795/755 1065/1796/755
f 1058/1790/756 1057/1788/756 1072/1794/756 1073/1797/756
f 1051/1791/757 1050/1789/757 1065/1796/757 1066/1798/757
f 1059/1792/758 1058/1790/758 1073/1797/758 1074/1799/758
f 1052/1776/759 1051/1791/759 1066/1798/759 1067/1800/759
f 1060/1778/760 1059/1792/760 1074/1799/760 1075/1801/760
f 1053/1777/761 1052/1776/761 1067/1800/761 1068/1802/761
f 1061/1779/762 1060/1778/762 1075/1801/762 1076/1803/762
f 1054/1780/763 1053/1777/763 1068/1802/763 1069/1804/763
f 1062/1781/764 1061/1779/764 1076/1803/764 1077/1805/764
f 1055/1782/765 1054/1780/765 1069/1804/765 1070/1806/765
f 1048/1784/766 746/1807/766 1063/1808/766
f 972/1809/767 1062/1781/767 1077/1805/767
f 1056/1786/768 1055/1782/768 1070/1806/768 1071/1793/768
f 1049/1787/769 1048/1784/769 1063/1808/769 1064/1795/769
f 1076/1803/770 1075/1801/770 1090/1810/770 1091/1811/770
f 1069/1804/771 1068/1802/771 1083/1812/771 1084/1813/771
f 1077/1805/772 1076/1803/772 1091/1811/772 1092/1814/772
f 1070/1806/773 1069/1804/773 1084/1813/773 1085/1815/773
f 1063/1808/774 746/1816/774 1078/1817/774
f 972/1818/775 1077/1805/775 1092/1814/775
f 1071/1793/776 1070/1806/776 1085/1815/776 1086/1819/776
f 1064/1795/777 1063/1808/777 1078/1817/777 1079/1820/777
f 1072/1794/778 1071/1793/778 1086/1819/778 1087/1821/778
f 1065/1796/779 1064/1795/779 1079/1820/779 1080/1822/779
f 1073/1797/780 1072/1794/780 1087/1821/780 1088/1823/780
f 1066/1798/781 1065/1796/781 1080/1822/781 1081/1824/781
f 1074/1799/782 1073/1797/782 1088/1823/782 1089/1825/782
f 1067/1800/783 1066/1798/783 1081/1824/783 1082/1826/783
f 1075/1801/784 1074/1799/784 1089/1825/784 1090/1810/784
f 1068/1802/785 1067/1800/785 1082/1826/785 1083/1812/785
f 1080/1822/786 1079/1820/786 1094/1827/786 1095/1828/786
f 1088/1823/787 1087/1821/787 1102/1829/787 1103/1830/787
f 1081/1824/788 1080/1822/788 1095/1828/788 1096/1831/788
f 1089/1825/789 1088/1823/789 1103/1830/789 1104/1832/789
f 1082/1826/790 1081/1824/790 1096/1831/790 1097/1833/790
f 1090/1810/791 1089/1825/791 1104/1832/791 1105/1834/791
f 1083/1812/792 1082/1826/792 1097/1833/792 1098/1835/792
f 1091/1811/793 1090/1810/793 1105/1834/793 1106/1836/793
f 1084/1813/794 1083/1812/794 1098/1835/794 1099/1837/794
f 1092/1814/795 1091/1811/795 1106/1836/795 1107/1838/795
f 1085/1815/796 1084/1813/796 1099/1837/796 1100/1839/796
f 1078/1817/797 746/1840/797 1093/1841/797
f 972/1842/798 1092/1814/798 1107/1838/798
f 1086/1819/799 1085/1815/799 1100/1839/799 1101/1843/799
f 1079/1820/800 1078/1817/800 1093/1841/800 1094/1827/800
f 1087/1821/801 1086/1819/801 1101/1843/801 1102/1829/801
f 1099/1837/802 1098/1835/802 1113/1844/802 1114/1845/802
f 1107/1838/803 1106/1836/803 1121/1846/803 1122/1847/803
f 1100/1839/804 1099/1837/804 1114/1845/804 1115/1848/804
f 1093/1841/805 746/1849/805 1108/1850/805
f 972/1851/806 1107/1838/806 1122/1847/806
f 1101/1843/807 1100/1839/807 1115/1848/807 1116/1852/807
f 1094/1827/808 1093/1841/808 1108/1850/808 1109/1853/808
f 1102/1829/809 1101/1843/809 1116/1852/809 1117/1854/809
f 1095/1828/810 1094/1827/810 1109/1853/810 1110/1855/810
f 1103/1830/811 1102/1829/811 1117/1854/811 1118/1856/811
f 1096/1831/812 1095/1828/812 1110/1855/812 1111/1857/812
f 1104/1832/813 1103/1830/813 1118/1856/813 1119/1858/813
f 1097/1833/814 1096/1831/814 1111/1857/814 1112/1859/814
f 1105/1834/815 1104/1832/815 1119/1858/815 1120/1860/815
f 1098/1835/816 1097/1833/816 1112/1859/816 1113/1844/816
f 1106/1836/817 1105/1834/817 1120/1860/817 1121/1846/817
f 1118/1856/818 1117/1854/818 1132/1861/818 1133/1862/818
f 1111/1857/819 1110/1855/819 1125/1863/819 1126/1864/819
f 1119/1858/820 1118/1856/820 1133/1862/820 1134/1865/820
f 1112/1859/821 1111/1857/821 1126/1864/821 1127/1866/821
f 1120/1860/822 1119/1858/822 1134/1865/822 1135/1867/822
f 1113/1844/823 1112/1859/823 1127/1866/823 1128/1868/823
f 1121/1846/824 1120/1860/824 1135/1867/824 1136/1869/824
f 1114/1845/825 1113/1844/825 1128/1868/825 1129/1870/825
f 1122/1847/826 1121/1846/826 1136/1869/826 1137/1871/826
f 1115/1848/827 1114/1845/827 1129/1870/827 1130/1872/827
f 1108/1850/828 746/1873/828 1123/1874/828
f 972/1875/829 1122/1847/829 1137/1871/829
f 1116/1852/830 1115/1848/830 1130/1872/830 1131/1876/830
f 1109/1853/831 1108/1850/831 1123/1874/831 1124/1877/831
f 1117/1854/832 1116/1852/832 1131/1876/832 1132/1861/832
f 1110/1855/833 1109/1853/833 1124/1877/833 1125/1863/833
f 1137/1871/834 1136/1869/834 1145/1322/834 1146/1321/834
f 1130/1872/835 1129/1870/835 667/1326/835 668/1325/835
f 1123/1874/836 746/1878/836 1138/1329/836
f 972/1879/837 1137/1871/837 1146/1321/837
f 1131/1876/838 1130/1872/838 668/1325/838 669/1333/838
f 1124/1877/839 1123/1874/839 1138/1329/839 1139/1335/839
f 1132/1861/840 1131/1876/840 669/1333/840 1142/1337/840
f 1125/1863/841 1124/1877/841 1139/1335/841 665/1339/841
f 1133/1862/842 1132/1861/842 1142/1337/842 670/1341/842
f 1126/1864/843 1125/1863/843 665/1339/843 1140/1343/843
f 1134/1865/844 1133/1862/844 670/1341/844 1143/1345/844
f 1127/1866/845 1126/1864/845 1140/1343/845 666/1347/845
f 1135/1867/846 1134/1865/846 1143/1345/846 1144/1349/846
f 1128/1868/847 1127/1866/847 666/1347/847 1141/1351/847
f 1136/1869/848 1135/1867/848 1144/1349/848 1145/1322/848
f 1129/1870/849 1128/1868/849 1141/1351/849 667/1326/849
o Sphere.001
v 0.242740 4.666143 0.672336
v 0.144253 4.360618 0.295200
v 0.060941 3.930229 0.064762
v 0.029085 3.688204 0.016564
v 0.005486 3.440501 0.016104
v -0.013669 2.965989 0.156633
v 0.389517 4.795248 1.134695
v 0.387387 4.746690 0.890663
v 0.379745 4.651777 0.660778
v 0.366883 4.514157 0.453874
v 0.349295 4.339118 0.277902
v 0.327659 4.133387 0.139626
v 0.302805 3.904869 0.044358
v 0.275687 3.662347 -0.004240
v 0.247350 3.415140 -0.004300
v 0.218880 3.172750 0.044179
v 0.191373 2.944489 0.139335
v 0.165886 2.739132 0.277511
v 0.143398 2.564569 0.453398
v 0.124773 2.427508 0.660234
v 0.110726 2.333217 0.890073
v 0.437388 4.789289 1.140105
v 0.481291 4.735003 0.901276
v 0.516071 4.634809 0.676185
v 0.540394 4.492561 0.473484
v 0.553323 4.313724 0.300962
v 0.554362 4.105170 0.165248
v 0.543471 3.874914 0.071558
v 0.521069 3.631805 0.023493
v 0.488016 3.385186 0.022900
v 0.445583 3.144533 0.069801
v 0.395401 2.919095 0.162395
v 0.339397 2.717536 0.297122
v 0.279724 2.547601 0.468805
v 0.218676 2.415820 0.670847
v 0.158598 2.327259 0.895484
v 0.483182 4.782646 1.154777
v 0.571118 4.721971 0.930056
v 0.646481 4.615891 0.717967
v 0.706374 4.468482 0.526662
v 0.748494 4.285410 0.363493
v 0.771225 4.073709 0.234728
v 0.773692 3.841516 0.145318
v 0.755800 3.597753 0.098699
v 0.718237 3.351788 0.096660
v 0.662446 3.113073 0.139282
v 0.590572 2.890782 0.224926
v 0.505377 2.693457 0.350300
v 0.410134 2.528682 0.510587
v 0.308504 2.402789 0.699627
v 0.204392 2.320615 0.910156
v 0.525138 4.775573 1.178146
v 0.653418 4.708097 0.975896
v 0.765962 4.595749 0.784517
v 0.858444 4.442847 0.611364
v 0.927310 4.255266 0.463092
v 0.969914 4.040215 0.345397
v 0.984619 3.805959 0.262803
v 0.970860 3.561499 0.218485
v 0.929165 3.316230 0.214145
v 0.861136 3.079578 0.249950
v 0.769388 2.860637 0.324525
v 0.657447 2.667822 0.435002
v 0.529615 2.508540 0.577137
v 0.390804 2.388915 0.745468
v 0.246348 2.313542 0.933525
v 0.561644 4.768342 1.209315
v 0.725028 4.693913 1.037035
v 0.869923 4.575158 0.873278
v 0.990761 4.416639 0.724335
v 1.082898 4.224449 0.595931
v 1.142795 4.005973 0.493001
v 1.168148 3.769608 0.419499
v 1.157984 3.524436 0.378250
v 1.112693 3.279879 0.370840
v 1.034016 3.045336 0.397554
v 0.924976 2.829821 0.457364
v 0.789764 2.641614 0.547973
v 0.633576 2.487949 0.665898
v 0.462413 2.374732 0.806607
v 0.282854 2.306312 0.964694
v 0.386051 4.795584 1.383496
v 0.591297 4.761232 1.247085
v 0.783195 4.679966 1.111124
v 0.954368 4.554909 0.980838
v 1.098239 4.390867 0.861234
v 1.209280 4.194144 0.756907
v 1.283222 3.972300 0.671867
v 1.317225 3.733860 0.609382
v 1.309982 3.487988 0.571854
v 1.261770 3.244132 0.560724
v 1.174444 3.011663 0.576420
v 1.051358 2.799515 0.618340
v 0.897243 2.615842 0.684871
v 0.718021 2.467700 0.773458
v 0.520580 2.360784 0.880696
v 0.312507 2.299201 1.002464
v 0.612958 4.754515 1.290006
v 0.825684 4.666790 1.195316
v 1.016052 4.535780 1.103065
v 1.176749 4.366520 1.016798
v 1.301597 4.165515 0.939832
v 1.385800 3.940490 0.875122
v 1.426121 3.700090 0.825157
v 1.421011 3.453557 0.791856
v 1.370666 3.210362 0.776499
v 1.277021 2.979853 0.779676
v 1.143675 2.770887 0.801265
v 0.975752 2.591495 0.840436
v 0.779705 2.448571 0.895685
v 0.563069 2.347607 0.964887
v 0.334168 2.292484 1.045384
v 0.625794 4.748449 1.336426
v 0.850862 4.654891 1.286374
v 1.052606 4.518506 1.235261
v 1.223273 4.344535 1.185052
v 1.356303 4.139663 1.137677
v 1.446587 3.911764 1.094956
v 1.490652 3.669596 1.058531
v 1.486806 3.422465 1.029802
v 1.435197 3.179868 1.009873
v 1.337808 2.951128 0.999509
v 1.198381 2.745035 0.999110
v 1.022276 2.569510 1.008690
v 0.816259 2.431297 1.027881
v 0.588247 2.335709 1.055945
v 0.347004 2.286418 1.091805
v 0.629312 4.743268 1.384564
v 0.857763 4.644728 1.380799
v 1.062624 4.503751 1.372345
v 1.236023 4.325756 1.359528
v 1.371296 4.117581 1.342839
v 1.463245 3.887228 1.322919
v 1.508337 3.643548 1.300536
v 1.504837 3.395907 1.276548
v 1.452882 3.153820 1.251878
v 1.354467 2.926591 1.227473
v 1.213374 2.722953 1.204272
v 1.035026 2.550730 1.183165
v 0.826277 2.416542 1.164965
v 0.595148 2.325546 1.150371
v 0.350522 2.281237 1.139943
v 0.623376 4.739170 1.432569
v 0.846120 4.636690 1.474964
v 1.045721 4.492083 1.509051
v 1.214509 4.310904 1.533521
v 1.345999 4.100118 1.547433
v 1.435137 3.867824 1.550252
v 1.478496 3.622949 1.541871
v 1.474412 3.374904 1.522612
v 1.423042 3.133220 1.493213
v 1.326358 2.907187 1.454806
v 1.188077 2.705489 1.408866
v 1.013513 2.535879 1.357158
v 0.809374 2.404874 1.301671
v 0.583505 2.317508 1.244535
v 0.344586 2.277140 1.187947
v 0.608215 4.736314 1.478595
v 0.816381 4.631087 1.565248
v 1.002546 4.483948 1.640124
v 1.159559 4.300551 1.700345
v 1.281384 4.087944 1.743597
v 1.363341 3.854297 1.768219
v 1.402278 3.608589 1.773263
v 1.396701 3.360262 1.758536
v 1.346823 3.118860 1.724605
v 1.254562 2.893660 1.672772
v 1.123462 2.693316 1.605030
v 0.958562 2.525526 1.523983
v 0.766199 2.396739 1.432744
v 0.553766 2.311905 1.334820
v 0.329425 2.274283 1.233974
v 0.584412 4.734808 1.520875
v 0.769689 4.628134 1.648183
v 0.934760 4.479661 1.760527
v 1.073283 4.295094 1.853589
v 1.179935 4.081528 1.923793
v 1.250616 3.847168 1.968442
v 1.282610 3.601021 1.985819
v 1.274688 3.352546 1.975256
v 1.227156 3.111292 1.937160
v 1.141837 2.886531 1.872995
v 1.022013 2.686899 1.785226
v 0.872287 2.520070 1.677227
v 0.698413 2.392452 1.553147
v 0.507074 2.308952 1.417755
v 0.305622 2.272778 1.276254
v 0.552881 4.734712 1.557784
v 0.707838 4.627945 1.720582
v 0.844967 4.479386 1.865633
v 0.958998 4.294744 1.987364
v 1.045549 4.081116 2.081096
v 1.101295 3.846710 2.143227
v 1.124092 3.600534 2.171370
v 1.113065 3.352050 2.164443
v 1.068637 3.110806 2.122712
v 0.992517 2.886073 2.047781
v 0.887627 2.686487 1.942529
v 0.758002 2.519719 1.811002
v 0.608620 2.392177 1.658253
v 0.445223 2.308763 1.490153
v 0.274091 2.272681 1.313162
v 0.514834 4.736028 1.587902
v 0.633205 4.630526 1.779661
v 0.736617 4.483133 1.951403
v 0.821095 4.299514 2.096529
v 0.883393 4.086724 2.209460
v 0.921116 3.852941 2.285858
v 0.932815 3.607150 2.322786
v 0.918040 3.358795 2.318825
v 0.877360 3.117421 2.274128
v 0.812338 2.892304 2.190411
v 0.725471 2.692095 2.070893
v 0.620098 2.524488 1.920167
v 0.500270 2.395924 1.744023
v 0.370590 2.311344 1.549233
v 0.236043 2.273997 1.343281
v 0.471732 4.738706 1.610074
v 0.548659 4.635778 1.823152
v 0.613875 4.490759 2.014542
v 0.664874 4.309219 2.176889
v 0.699696 4.098136 2.303954
v 0.717003 3.865622 2.390853
v 0.716130 3.620612 2.434248
v 0.697110 3.372521 2.432471
v 0.660675 3.130883 2.385590
v 0.608225 2.904985 2.295407
v 0.541774 2.703508 2.165387
v 0.463877 2.534194 2.000526
v 0.377528 2.403550 1.807162
v 0.286044 2.316596 1.592723
v 0.192942 2.276675 1.365452
v 0.425233 4.742642 1.623446
v 0.457448 4.643500 1.849382
v 0.481457 4.501970 2.052622
v 0.496338 4.323488 2.225355
v 0.501518 4.114915 2.360944
v 0.496800 3.884265 2.454178
v 0.482364 3.640403 2.501473
v 0.458764 3.392700 2.501013
v 0.426909 3.150675 2.452815
v 0.388022 2.923628 2.358731
v 0.343596 2.720286 2.222377
v 0.295341 2.548463 2.048993
v 0.245110 2.414761 1.845242
v 0.194833 2.324318 1.618953
v 0.146443 2.280612 1.378824
v 0.377124 4.747686 1.627504
v 0.363077 4.653396 1.857343
v 0.344452 4.516335 2.064180
v 0.321964 4.341772 2.240066
v 0.296476 4.136414 2.378242
v 0.268970 3.908154 2.473398
v 0.240500 3.665763 2.521878
v 0.212162 3.418557 2.521817
v 0.185045 3.176035 2.473219
v 0.160191 2.947517 2.377952
v 0.138554 2.741786 2.239675
v 0.120967 2.566746 2.063704
v 0.108105 2.429126 1.856800
v 0.100462 2.334213 1.626915
v 0.098333 2.285656 1.382883
v 0.329252 4.753645 1.622094
v 0.269174 4.665083 1.846730
v 0.208125 4.533303 2.048772
v 0.148453 4.363368 2.220456
v 0.092449 4.161808 2.355183
v 0.042267 3.936371 2.447776
v -0.000167 3.695718 2.494677
v -0.033219 3.449099 2.494083
v -0.055621 3.205990 2.446019
v -0.066512 2.975734 2.352329
v -0.065473 2.767180 2.216616
v -0.052544 2.588343 2.044093
v -0.028222 2.446094 1.841392
v 0.006559 2.345901 1.616302
v 0.050462 2.291614 1.377472
v 0.283458 4.760288 1.607422
v 0.179346 4.678115 1.817950
v 0.077716 4.552221 2.006990
v -0.017527 4.387446 2.167278
v -0.102723 4.190122 2.292652
v -0.174596 3.967831 2.378295
v -0.230387 3.729116 2.420917
v -0.267950 3.483151 2.418878
v -0.285842 3.239388 2.372259
v -0.283375 3.007194 2.282849
v -0.260645 2.795493 2.154085
v -0.218524 2.612421 1.990915
v -0.158631 2.465013 1.799610
v -0.083269 2.358932 1.587522
v 0.004668 2.298258 1.362800
v 0.241502 4.767361 1.584053
v 0.097046 4.691988 1.772110
v -0.041765 4.572363 1.940440
v -0.169597 4.413082 2.082576
v -0.281538 4.220266 2.193053
v -0.373286 4.001326 2.267627
v -0.441315 3.764673 2.303432
v -0.483010 3.519405 2.299091
v -0.496770 3.274945 2.254774
v -0.482064 3.040689 2.172180
v -0.439460 2.825638 2.054486
v -0.370594 2.638057 1.906213
v -0.278112 2.485154 1.733060
v -0.165568 2.372807 1.541681
v -0.037288 2.305330 1.339431
v 0.101799 2.285319 1.134082
v 0.204996 4.774591 1.552884
v 0.025437 4.706172 1.710970
v -0.145726 4.592955 1.851679
v -0.301914 4.439290 1.969605
v -0.437126 4.251083 2.060213
v -0.546166 4.035567 2.120023
v -0.624843 3.801024 2.146737
v -0.670134 3.556468 2.139326
v -0.680298 3.311296 2.098078
v -0.654945 3.074930 2.024577
v -0.595048 2.856454 1.921646
v -0.502911 2.664264 1.793242
v -0.382073 2.505745 1.644299
v -0.237178 2.386990 1.480542
v -0.073794 2.312561 1.308262
v 0.175343 4.781702 1.515114
v -0.032730 4.720120 1.636881
v -0.230171 4.613204 1.744119
v -0.409393 4.465062 1.832706
v -0.563507 4.281388 1.899237
v -0.686593 4.069241 1.941157
v -0.773920 3.836771 1.956853
v -0.822131 3.592916 1.945723
v -0.829375 3.347043 1.908195
v -0.795372 3.108603 1.845711
v -0.721430 2.886760 1.760670
v -0.610389 2.690037 1.656344
v -0.466518 2.525995 1.536739
v -0.295345 2.400938 1.406453
v -0.103447 2.319672 1.270492
v 0.153682 4.788420 1.472194
v -0.075219 4.733296 1.552690
v -0.291855 4.632333 1.621892
v -0.487902 4.489408 1.677141
v -0.655825 4.310017 1.716312
v -0.789171 4.101051 1.737902
v -0.882816 3.870541 1.741078
v -0.933160 3.627347 1.725721
v -0.938271 3.380813 1.692420
v -0.897950 3.140414 1.642455
v -0.813747 2.915388 1.577745
v -0.688899 2.714383 1.500779
v -0.528202 2.545124 1.414512
v -0.337834 2.414114 1.322262
v -0.125108 2.326389 1.227572
v 0.140846 4.794485 1.425773
v -0.100397 4.745194 1.461632
v -0.328409 4.649607 1.489697
v -0.534426 4.511394 1.508888
v -0.710531 4.335869 1.518468
v -0.849958 4.129776 1.518068
v -0.947347 3.901036 1.507704
v -0.998955 3.658439 1.487775
v -1.002801 3.411308 1.459046
v -0.958736 3.169139 1.422622
v -0.868453 2.941240 1.379901
v -0.735423 2.736369 1.332526
v -0.564756 2.562397 1.282317
v -0.363012 2.426013 1.231204
v -0.137944 2.332455 1.181151
v 0.137328 4.799666 1.377635
v -0.107298 4.755358 1.367207
v -0.338426 4.664361 1.352612
v -0.547176 4.530173 1.334412
v -0.725524 4.357951 1.313306
v -0.866617 4.154313 1.290105
v -0.965032 3.927084 1.265700
v -1.016986 3.684997 1.241029
v -1.020486 3.437355 1.217041
v -0.975395 3.193676 1.194658
v -0.883446 2.963322 1.174739
v -0.748173 2.755148 1.158050
v -0.574774 2.577152 1.145232
v -0.369913 2.436176 1.136778
v -0.141462 2.337636 1.133013
v 0.143264 4.803764 1.329630
v -0.095655 4.763395 1.273042
v -0.321523 4.676030 1.215907
v -0.525663 4.545025 1.160419
v -0.700227 4.375414 1.108712
v -0.838508 4.173717 1.062772
v -0.935192 3.947683 1.024364
v -0.986562 3.706000 0.994966
v -0.990646 3.457955 0.975706
v -0.947287 3.213080 0.967325
v -0.858149 2.980786 0.970145
v -0.726659 2.770000 0.984057
v -0.557870 2.588821 1.008527
v -0.358270 2.444213 1.042614
v -0.135526 2.341733 1.085009
v 0.158425 4.806620 1.283604
v -0.065916 4.768998 1.182758
v -0.278349 4.684164 1.084834
v -0.470712 4.555377 0.993595
v -0.635612 4.387588 0.912547
v -0.766712 4.187243 0.844806
v -0.858973 3.962043 0.792973
v -0.908850 3.720641 0.759041
v -0.914428 3.472315 0.744315
v -0.875490 3.226607 0.749359
v -0.793534 2.992959 0.773980
v -0.671709 2.780352 0.817233
v -0.514696 2.596955 0.877454
v -0.328531 2.449816 0.952330
v -0.120366 2.344590 1.038982
v 0.182228 4.808125 1.241324
v -0.019224 4.771951 1.099823
v -0.210563 4.688451 0.964431
v -0.384437 4.560834 0.840351
v -0.534162 4.394004 0.732352
v -0.653987 4.194373 0.644583
v -0.739305 3.969611 0.580417
v -0.786838 3.728358 0.542322
v -0.794760 3.479883 0.531759
v -0.762766 3.233736 0.549136
v -0.692084 2.999376 0.593785
v -0.585433 2.785809 0.663989
v -0.446910 2.601242 0.757051
v -0.281839 2.452769 0.869394
v -0.096562 2.346095 0.996702
v 0.213759 4.808222 1.204415
v 0.042627 4.772141 1.027424
v -0.120769 4.688726 0.859325
v -0.270152 4.561184 0.706576
v -0.399777 4.394416 0.575049
v -0.504666 4.194830 0.469797
v -0.580787 3.970097 0.394866
v -0.625214 3.728853 0.353135
v -0.636242 3.480369 0.346208
v -0.613445 3.234194 0.374351
v -0.557699 2.999788 0.436482
v -0.471148 2.786159 0.530214
v -0.357116 2.601517 0.651945
v -0.219988 2.452959 0.796996
v -0.065031 2.346192 0.959794
v 0.251807 4.806907 1.174297
v 0.117259 4.769560 0.968345
v -0.012420 4.684979 0.773555
v -0.132249 4.556415 0.597411
v -0.237620 4.388808 0.446685
v -0.324487 4.188599 0.327166
v -0.389510 3.963482 0.243450
v -0.430190 3.722108 0.198753
v -0.444965 3.473754 0.194792
v -0.433266 3.227962 0.231720
v -0.395542 2.994179 0.308118
v -0.333245 2.781390 0.421049
v -0.248767 2.597770 0.566174
v -0.145355 2.450378 0.737916
v -0.026984 2.344876 0.929675
v 0.294908 4.804229 1.152126
v 0.201806 4.764307 0.924854
v 0.110323 4.677354 0.710416
v 0.023973 4.546710 0.517051
v -0.053924 4.377396 0.352191
v -0.120374 4.175919 0.222171
v -0.172825 3.950020 0.131988
v -0.209260 3.708383 0.085107
v -0.228280 3.460292 0.083330
v -0.229153 3.215281 0.126725
v -0.211846 2.982767 0.213624
v -0.177024 2.771684 0.340689
v -0.126025 2.590145 0.503036
v -0.060809 2.445125 0.694426
v 0.016118 2.342198 0.907504
v 0.341407 4.800292 1.138754
v 0.293017 4.756585 0.898624
v 0.192509 4.532441 0.468585
v 0.099828 4.157275 0.158847
v -0.008950 3.196638 0.063400
v -0.008488 2.757416 0.292222
v 0.006393 2.578934 0.464956
v 0.030402 2.437403 0.668196
v 0.062617 2.338261 0.894132
vn -0.1282 -0.9148 -0.3831
vn -0.0612 0.2027 -0.9773
vn 0.1043 0.9945 0.0001
vn -0.1186 -0.9735 -0.1954
vn -0.0830 0.0098 -0.9965
vn 0.0860 0.9770 -0.1952
vn -0.1017 -0.1836 -0.9777
vn 0.0644 0.9216 -0.3827
vn -0.1166 -0.3702 -0.9216
vn 0.0403 0.8308 -0.5551
vn -0.1270 -0.5428 -0.8302
vn 0.0147 0.7082 -0.7059
vn -0.1325 -0.6950 -0.7067
vn -0.0114 0.5586 -0.8293
vn -0.1329 -0.8206 -0.5558
vn -0.0370 0.3880 -0.9209
vn 0.1605 0.5389 -0.8269
vn -0.0408 -0.8312 -0.5545
vn 0.1494 0.3666 -0.9183
vn -0.0715 -0.9213 -0.3823
vn 0.1326 0.1805 -0.9746
vn 0.1235 0.9923 0.0004
vn -0.0994 -0.9757 -0.1952
vn 0.1108 -0.0125 -0.9938
vn 0.1428 0.9705 -0.1944
vn 0.0847 -0.2050 -0.9751
vn 0.1565 0.9111 -0.3814
vn 0.0554 -0.3899 -0.9192
vn 0.1642 0.8166 -0.5534
vn 0.0239 -0.5601 -0.8281
vn 0.1655 0.6909 -0.7038
vn -0.0086 -0.7092 -0.7050
vn 0.2666 -0.2294 -0.9361
vn 0.2464 0.8990 -0.3621
vn 0.2231 -0.4124 -0.8832
vn 0.2851 0.8003 -0.5274
vn 0.1711 -0.5799 -0.7965
vn 0.3127 0.6711 -0.6722
vn 0.1123 -0.7255 -0.6790
vn 0.3283 0.5163 -0.7910
vn 0.0491 -0.8433 -0.5352
vn 0.3313 0.3421 -0.8793
vn -0.0160 -0.9287 -0.3704
vn 0.3217 0.1550 -0.9340
vn 0.1422 0.9898 0.0044
vn -0.0807 -0.9782 -0.1912
vn 0.2999 -0.0379 -0.9532
vn 0.1982 0.9630 -0.1825
vn 0.1334 -0.8565 -0.4987
vn 0.5018 0.3155 -0.8054
vn 0.0359 -0.9368 -0.3479
vn 0.4989 0.1273 -0.8572
vn 0.1597 0.9871 0.0120
vn -0.0631 -0.9810 -0.1836
vn 0.4771 -0.0656 -0.8764
vn 0.2501 0.9549 -0.1600
vn 0.4371 -0.2561 -0.8622
vn 0.3307 0.8858 -0.3256
vn 0.3803 -0.4370 -0.8151
vn 0.3984 0.7826 -0.4783
vn 0.3090 -0.6015 -0.7367
vn 0.4506 0.6495 -0.6124
vn 0.2256 -0.7432 -0.6299
vn 0.4855 0.4918 -0.7228
vn 0.5209 -0.4626 -0.7174
vn 0.4996 0.7642 -0.4079
vn 0.4323 -0.6240 -0.6510
vn 0.5739 0.6270 -0.5267
vn 0.3269 -0.7616 -0.5595
vn 0.6260 0.4661 -0.6251
vn 0.2087 -0.8702 -0.4463
vn 0.6542 0.2877 -0.6995
vn 0.0823 -0.9453 -0.3157
vn 0.6574 0.0984 -0.7471
vn 0.1754 0.9842 0.0229
vn -0.0475 -0.9838 -0.1727
vn 0.6355 -0.0945 -0.7663
vn 0.2965 0.9465 -0.1277
vn 0.5895 -0.2839 -0.7563
vn 0.4060 0.8721 -0.2732
vn 0.1214 -0.9538 -0.2749
vn 0.7910 0.0695 -0.6079
vn 0.1886 0.9814 0.0367
vn -0.0342 -0.9867 -0.1589
vn 0.7691 -0.1234 -0.6271
vn 0.3356 0.9380 -0.0869
vn 0.7180 -0.3117 -0.6224
vn 0.4695 0.8583 -0.2070
vn 0.6394 -0.4883 -0.5939
vn 0.5850 0.7457 -0.3189
vn 0.5362 -0.6465 -0.5427
vn 0.6779 0.6045 -0.4184
vn 0.4123 -0.7801 -0.4705
vn 0.7446 0.4405 -0.5016
vn 0.2722 -0.8840 -0.3801
vn 0.7827 0.2598 -0.5656
vn 0.6513 0.7278 -0.2148
vn 0.6169 -0.6682 -0.4159
vn 0.7585 0.5828 -0.2916
vn 0.4785 -0.7980 -0.3664
vn 0.8365 0.4157 -0.3571
vn 0.3215 -0.8972 -0.3027
vn 0.8824 0.2330 -0.4088
vn 0.1518 -0.9620 -0.2271
vn 0.8946 0.0416 -0.4450
vn 0.1989 0.9786 0.0528
vn -0.0240 -0.9895 -0.1428
vn 0.8727 -0.1514 -0.4641
vn 0.3660 0.9298 -0.0392
vn 0.8176 -0.3386 -0.4656
vn 0.5188 0.8450 -0.1296
vn 0.7313 -0.5131 -0.4494
vn 0.9642 0.0157 -0.2646
vn 0.2058 0.9760 0.0706
vn -0.0171 -0.9920 -0.1249
vn 0.9424 -0.1772 -0.2837
vn 0.3864 0.9222 0.0137
vn 0.8846 -0.3634 -0.2921
vn 0.5519 0.8328 -0.0438
vn 0.7931 -0.5360 -0.2893
vn 0.6958 0.7113 -0.0995
vn 0.6711 -0.6883 -0.2755
vn 0.8127 0.5627 -0.1512
vn 0.5230 -0.8145 -0.2511
vn 0.8983 0.3928 -0.1971
vn 0.3546 -0.9095 -0.2169
vn 0.9494 0.2081 -0.2353
vn 0.1722 -0.9695 -0.1743
vn 0.6968 -0.7060 -0.1269
vn 0.8384 0.5450 -0.0026
vn 0.5442 -0.8290 -0.1290
vn 0.9276 0.3726 -0.0277
vn 0.3703 -0.9203 -0.1261
vn 0.9811 0.1863 -0.0516
vn 0.1819 -0.9762 -0.1184
vn 0.9973 -0.0070 -0.0736
vn 0.2090 0.9738 0.0895
vn -0.0138 -0.9943 -0.1060
vn 0.9754 -0.1999 -0.0928
vn 0.3961 0.9156 0.0696
vn 0.9164 -0.3853 -0.1084
vn 0.5676 0.8220 0.0470
vn 0.8224 -0.5561 -0.1200
vn 0.7169 0.6968 0.0226
vn 0.2086 0.9719 0.1087
vn -0.0143 -0.9961 -0.0868
vn 0.9705 -0.2186 0.1013
vn 0.3946 0.9101 0.1265
vn 0.9117 -0.4033 0.0783
vn 0.5653 0.8131 0.1393
vn 0.8181 -0.5728 0.0523
vn 0.7138 0.6848 0.1467
vn 0.6930 -0.7206 0.0242
vn 0.8346 0.5304 0.1485
vn 0.5410 -0.8410 -0.0049
vn 0.9232 0.3560 0.1445
vn 0.3680 -0.9292 -0.0338
vn 0.9764 0.1683 0.1351
vn 0.1804 -0.9817 -0.0615
vn 0.9924 -0.0257 0.1205
vn 0.8015 0.5195 0.2962
vn 0.5138 -0.8500 0.1165
vn 0.8854 0.3436 0.3130
vn 0.3477 -0.9359 0.0565
vn 0.9355 0.1548 0.3177
vn 0.1679 -0.9858 -0.0059
vn 0.9498 -0.0397 0.3104
vn 0.2043 0.9706 0.1275
vn -0.0185 -0.9975 -0.0680
vn 0.9279 -0.2327 0.2912
vn 0.3822 0.9060 0.1821
vn 0.8707 -0.4168 0.2609
vn 0.5450 0.8064 0.2296
vn 0.7803 -0.5852 0.2207
vn 0.6866 0.6758 0.2681
vn 0.6598 -0.7315 0.1719
vn 0.8493 -0.2415 0.4695
vn 0.3591 0.9034 0.2343
vn 0.7951 -0.4253 0.4325
vn 0.5076 0.8022 0.3143
vn 0.7105 -0.5930 0.3789
vn 0.6363 0.6702 0.3821
vn 0.5986 -0.7384 0.3107
vn 0.7402 0.5127 0.4350
vn 0.4635 -0.8556 0.2305
vn 0.8156 0.3358 0.4712
vn 0.3103 -0.9401 0.1412
vn 0.8598 0.1463 0.4893
vn 0.1449 -0.9884 0.0464
vn 0.8711 -0.0485 0.4887
vn 0.1965 0.9697 0.1452
vn -0.0263 -0.9984 -0.0504
vn 0.3921 -0.8577 0.3327
vn 0.7165 0.3329 0.6130
vn 0.2572 -0.9416 0.2173
vn 0.7523 0.1432 0.6431
vn 0.1122 -0.9893 0.0932
vn 0.7594 -0.0518 0.6486
vn 0.1855 0.9694 0.1610
vn -0.0374 -0.9987 -0.0345
vn 0.7375 -0.2447 0.6294
vn 0.3264 0.9024 0.2812
vn 0.6876 -0.4284 0.5863
vn 0.4545 0.8007 0.3904
vn 0.6114 -0.5959 0.5207
vn 0.5648 0.6681 0.4843
vn 0.5116 -0.7409 0.4351
vn 0.6533 0.5101 0.5594
vn 0.5524 -0.4260 0.7165
vn 0.3877 0.8018 0.4547
vn 0.4867 -0.5937 0.6408
vn 0.4750 0.6697 0.5708
vn 0.4023 -0.7390 0.5405
vn 0.5439 0.5121 0.6648
vn 0.3023 -0.8561 0.4192
vn 0.5919 0.3351 0.7331
vn 0.1904 -0.9405 0.2816
vn 0.6172 0.1456 0.7733
vn 0.0710 -0.9886 0.1329
vn 0.6189 -0.0493 0.7839
vn 0.1716 0.9696 0.1744
vn -0.0513 -0.9985 -0.0211
vn 0.5970 -0.2422 0.7648
vn 0.2852 0.9032 0.3208
vn 0.1125 -0.9366 0.3318
vn 0.4595 0.1533 0.8748
vn 0.0230 -0.9862 0.1638
vn 0.4550 -0.0413 0.8895
vn 0.1554 0.9704 0.1849
vn -0.0675 -0.9977 -0.0107
vn 0.4332 -0.2342 0.8704
vn 0.2372 0.9055 0.3518
vn 0.3948 -0.4183 0.8180
vn 0.3098 0.8057 0.5049
vn 0.3414 -0.5866 0.7345
vn 0.3703 0.6749 0.6383
vn 0.2748 -0.7327 0.6226
vn 0.4164 0.5183 0.7469
vn 0.1975 -0.8509 0.4867
vn 0.4465 0.3422 0.8267
vn 0.2238 0.8120 0.5390
vn 0.1809 -0.5747 0.7981
vn 0.2546 0.6834 0.6842
vn 0.1340 -0.7223 0.6785
vn 0.2756 0.5287 0.8028
vn 0.0818 -0.8424 0.5326
vn 0.2860 0.3541 0.8904
vn 0.0265 -0.9303 0.3659
vn 0.2855 0.1662 0.9439
vn -0.0300 -0.9823 0.1848
vn 0.2741 -0.0279 0.9613
vn 0.1375 0.9717 0.1920
vn -0.0854 -0.9963 -0.0036
vn 0.2522 -0.2208 0.9421
vn 0.1842 0.9094 0.3728
vn 0.2208 -0.4054 0.8871
vn 0.1017 0.1836 0.9777
vn -0.0860 -0.9770 0.1952
vn 0.0830 -0.0098 0.9965
vn 0.1186 0.9735 0.1954
vn -0.1043 -0.9945 -0.0001
vn 0.0612 -0.2027 0.9773
vn 0.1282 0.9148 0.3831
vn 0.0370 -0.3880 0.9209
vn 0.1329 0.8206 0.5558
vn 0.0114 -0.5586 0.8293
vn 0.1325 0.6950 0.7067
vn -0.0147 -0.7082 0.7059
vn 0.1270 0.5428 0.8302
vn -0.0403 -0.8308 0.5551
vn 0.1166 0.3702 0.9216
vn -0.0644 -0.9216 0.3827
vn -0.1605 -0.5389 0.8269
vn 0.0086 0.7092 0.7050
vn -0.1655 -0.6909 0.7038
vn -0.0239 0.5601 0.8281
vn -0.1642 -0.8166 0.5534
vn -0.0554 0.3899 0.9192
vn -0.1565 -0.9111 0.3814
vn -0.0847 0.2050 0.9751
vn -0.1428 -0.9705 0.1944
vn -0.1108 0.0125 0.9938
vn 0.0994 0.9757 0.1952
vn -0.1235 -0.9923 -0.0004
vn -0.1326 -0.1805 0.9746
vn 0.0715 0.9213 0.3823
vn -0.1494 -0.3666 0.9183
vn 0.0408 0.8312 0.5545
vn -0.1982 -0.9630 0.1825
vn -0.2999 0.0379 0.9532
vn 0.0807 0.9782 0.1912
vn -0.1422 -0.9898 -0.0044
vn -0.3217 -0.1550 0.9340
vn 0.0160 0.9287 0.3704
vn -0.3313 -0.3421 0.8793
vn -0.0491 0.8433 0.5352
vn -0.3283 -0.5163 0.7910
vn -0.1123 0.7255 0.6790
vn -0.3127 -0.6711 0.6722
vn -0.1711 0.5799 0.7965
vn -0.2851 -0.8003 0.5274
vn -0.2231 0.4124 0.8832
vn -0.2464 -0.8990 0.3621
vn -0.2666 0.2294 0.9361
vn -0.2256 0.7432 0.6299
vn -0.4506 -0.6495 0.6124
vn -0.3090 0.6015 0.7367
vn -0.3984 -0.7826 0.4783
vn -0.3803 0.4370 0.8151
vn -0.3307 -0.8858 0.3256
vn -0.4371 0.2561 0.8622
vn -0.2501 -0.9549 0.1600
vn -0.4771 0.0656 0.8764
vn 0.0631 0.9810 0.1836
vn -0.1597 -0.9871 -0.0120
vn -0.4989 -0.1273 0.8572
vn -0.0359 0.9368 0.3479
vn -0.5018 -0.3155 0.8054
vn -0.1334 0.8565 0.4987
vn -0.4855 -0.4918 0.7228
vn -0.6355 0.0945 0.7663
vn 0.0475 0.9838 0.1727
vn -0.1754 -0.9842 -0.0229
vn -0.6574 -0.0984 0.7471
vn -0.0823 0.9453 0.3157
vn -0.6542 -0.2877 0.6995
vn -0.2087 0.8702 0.4463
vn -0.6260 -0.4661 0.6251
vn -0.3269 0.7616 0.5595
vn -0.5739 -0.6270 0.5267
vn -0.4323 0.6240 0.6510
vn -0.4996 -0.7642 0.4079
vn -0.5209 0.4626 0.7174
vn -0.4060 -0.8721 0.2732
vn -0.5895 0.2839 0.7563
vn -0.2965 -0.9465 0.1277
vn -0.6779 -0.6045 0.4184
vn -0.5362 0.6465 0.5427
vn -0.5850 -0.7457 0.3189
vn -0.6394 0.4883 0.5939
vn -0.4695 -0.8583 0.2070
vn -0.7180 0.3117 0.6224
vn -0.3356 -0.9380 0.0869
vn -0.7691 0.1234 0.6271
vn 0.0342 0.9867 0.1589
vn -0.1886 -0.9814 -0.0367
vn -0.7910 -0.0695 0.6079
vn -0.1214 0.9538 0.2749
vn -0.7827 -0.2598 0.5656
vn -0.2722 0.8840 0.3801
vn -0.7446 -0.4405 0.5016
vn -0.4123 0.7801 0.4705
vn -0.1989 -0.9786 -0.0528
vn -0.8946 -0.0416 0.4450
vn -0.1518 0.9620 0.2271
vn -0.8824 -0.2330 0.4088
vn -0.3215 0.8972 0.3027
vn -0.8365 -0.4157 0.3571
vn -0.4785 0.7980 0.3664
vn -0.7585 -0.5828 0.2916
vn -0.6169 0.6682 0.4159
vn -0.6513 -0.7278 0.2148
vn -0.7313 0.5131 0.4494
vn -0.5188 -0.8450 0.1296
vn -0.8176 0.3386 0.4656
vn -0.3660 -0.9298 0.0392
vn -0.8727 0.1514 0.4641
vn 0.0240 0.9895 0.1428
vn -0.6958 -0.7113 0.0995
vn -0.7931 0.5360 0.2893
vn -0.5519 -0.8328 0.0438
vn -0.8846 0.3634 0.2921
vn -0.3864 -0.9222 -0.0137
vn -0.9424 0.1772 0.2837
vn 0.0171 0.9920 0.1249
vn -0.2058 -0.9760 -0.0706
vn -0.9642 -0.0157 0.2646
vn -0.1722 0.9695 0.1743
vn -0.9494 -0.2081 0.2353
vn -0.3546 0.9095 0.2169
vn -0.8983 -0.3928 0.1971
vn -0.5230 0.8145 0.2511
vn -0.8127 -0.5627 0.1512
vn -0.6711 0.6883 0.2755
vn -0.1819 0.9762 0.1184
vn -0.9811 -0.1863 0.0516
vn -0.3703 0.9203 0.1261
vn -0.9276 -0.3726 0.0277
vn -0.5441 0.8290 0.1290
vn -0.8384 -0.5450 0.0026
vn -0.6968 0.7060 0.1269
vn -0.7169 -0.6968 -0.0226
vn -0.8224 0.5561 0.1200
vn -0.5676 -0.8220 -0.0470
vn -0.9164 0.3853 0.1084
vn -0.3961 -0.9156 -0.0696
vn -0.9754 0.1999 0.0928
vn 0.0138 0.9943 0.1060
vn -0.2090 -0.9738 -0.0895
vn -0.9973 0.0070 0.0736
vn -0.8181 0.5728 -0.0523
vn -0.5653 -0.8131 -0.1393
vn -0.9117 0.4033 -0.0783
vn -0.3946 -0.9101 -0.1265
vn -0.9705 0.2186 -0.1013
vn 0.0143 0.9961 0.0868
vn -0.2086 -0.9719 -0.1087
vn -0.9924 0.0257 -0.1205
vn -0.1804 0.9817 0.0615
vn -0.9764 -0.1683 -0.1351
vn -0.3680 0.9292 0.0338
vn -0.9232 -0.3560 -0.1445
vn -0.5410 0.8410 0.0049
vn -0.8346 -0.5304 -0.1485
vn -0.6930 0.7206 -0.0242
vn -0.7138 -0.6848 -0.1467
vn -0.9355 -0.1548 -0.3177
vn -0.3477 0.9359 -0.0565
vn -0.8854 -0.3436 -0.3130
vn -0.5138 0.8500 -0.1165
vn -0.8015 -0.5195 -0.2962
vn -0.6598 0.7315 -0.1719
vn -0.6866 -0.6758 -0.2681
vn -0.7803 0.5852 -0.2207
vn -0.5450 -0.8064 -0.2296
vn -0.8707 0.4168 -0.2609
vn -0.3822 -0.9060 -0.1821
vn -0.9279 0.2327 -0.2912
vn 0.0185 0.9975 0.0680
vn -0.2043 -0.9706 -0.1275
vn -0.9498 0.0397 -0.3104
vn -0.1679 0.9858 0.0059
vn -0.5076 -0.8022 -0.3143
vn -0.7951 0.4253 -0.4325
vn -0.3591 -0.9034 -0.2343
vn -0.8493 0.2415 -0.4695
vn 0.0263 0.9984 0.0504
vn -0.1965 -0.9697 -0.1452
vn -0.8711 0.0485 -0.4887
vn -0.1449 0.9884 -0.0464
vn -0.8598 -0.1463 -0.4893
vn -0.3103 0.9401 -0.1412
vn -0.8156 -0.3358 -0.4712
vn -0.4635 0.8556 -0.2305
vn -0.7402 -0.5127 -0.4350
vn -0.5986 0.7384 -0.3107
vn -0.6363 -0.6702 -0.3821
vn -0.7105 0.5930 -0.3789
vn -0.2572 0.9416 -0.2173
vn -0.7165 -0.3329 -0.6130
vn -0.3921 0.8577 -0.3327
vn -0.6533 -0.5101 -0.5594
vn -0.5116 0.7409 -0.4351
vn -0.5648 -0.6681 -0.4843
vn -0.6114 0.5959 -0.5207
vn -0.4545 -0.8007 -0.3904
vn -0.6876 0.4284 -0.5863
vn -0.3264 -0.9024 -0.2812
vn -0.7375 0.2447 -0.6294
vn 0.0374 0.9987 0.0345
vn -0.1855 -0.9694 -0.1610
vn -0.7594 0.0518 -0.6486
vn -0.1122 0.9893 -0.0932
vn -0.7523 -0.1432 -0.6431
vn -0.5524 0.4260 -0.7165
vn -0.2852 -0.9032 -0.3208
vn -0.5970 0.2422 -0.7648
vn 0.0513 0.9985 0.0211
vn -0.1716 -0.9696 -0.1744
vn -0.6189 0.0493 -0.7839
vn -0.0710 0.9886 -0.1329
vn -0.6172 -0.1456 -0.7733
vn -0.1904 0.9405 -0.2816
vn -0.5919 -0.3351 -0.7331
vn -0.3023 0.8561 -0.4192
vn -0.5439 -0.5121 -0.6648
vn -0.4023 0.7390 -0.5405
vn -0.4750 -0.6697 -0.5708
vn -0.4867 0.5937 -0.6408
vn -0.3877 -0.8018 -0.4547
vn -0.4465 -0.3422 -0.8267
vn -0.1975 0.8509 -0.4867
vn -0.4164 -0.5183 -0.7469
vn -0.2748 0.7327 -0.6226
vn -0.3703 -0.6749 -0.6383
vn -0.3414 0.5866 -0.7345
vn -0.3098 -0.8057 -0.5049
vn -0.3948 0.4182 -0.8180
vn -0.2372 -0.9055 -0.3518
vn -0.4332 0.2342 -0.8704
vn 0.0675 0.9977 0.0107
vn -0.1554 -0.9704 -0.1849
vn -0.4550 0.0413 -0.8895
vn -0.0230 0.9862 -0.1638
vn -0.4595 -0.1533 -0.8748
vn -0.1125 0.9366 -0.3318
vn -0.1842 -0.9094 -0.3728
vn -0.2522 0.2208 -0.9421
vn 0.0854 0.9963 0.0036
vn -0.1375 -0.9717 -0.1920
vn -0.2741 0.0279 -0.9613
vn 0.0300 0.9823 -0.1848
vn -0.2855 -0.1662 -0.9439
vn -0.0265 0.9303 -0.3659
vn -0.2860 -0.3541 -0.8904
vn -0.0818 0.8424 -0.5326
vn -0.2756 -0.5287 -0.8028
vn -0.1340 0.7223 -0.6785
vn -0.2546 -0.6834 -0.6842
vn -0.1809 0.5747 -0.7981
vn -0.2238 -0.8120 -0.5390
vn -0.2208 0.4054 -0.8871
vt 0.750000 0.062500
vt 0.750000 0.125000
vt 0.718750 0.125000
vt 0.718750 0.062500
vt 0.750000 0.500000
vt 0.750000 0.562500
vt 0.718750 0.562500
vt 0.718750 0.500000
vt 0.750000 0.937500
vt 0.734375 1.000000
vt 0.718750 0.937500
vt 0.734375 0.000000
vt 0.750000 0.437500
vt 0.718750 0.437500
vt 0.750000 0.875000
vt 0.718750 0.875000
vt 0.750000 0.375000
vt 0.718750 0.375000
vt 0.750000 0.812500
vt 0.718750 0.812500
vt 0.750000 0.312500
vt 0.718750 0.312500
vt 0.750000 0.750000
vt 0.718750 0.750000
vt 0.750000 0.250000
vt 0.718750 0.250000
vt 0.750000 0.687500
vt 0.718750 0.687500
vt 0.750000 0.187500
vt 0.718750 0.187500
vt 0.750000 0.625000
vt 0.718750 0.625000
vt 0.687500 0.687500
vt 0.687500 0.625000
vt 0.687500 0.187500
vt 0.687500 0.125000
vt 0.687500 0.562500
vt 0.687500 0.062500
vt 0.687500 0.500000
vt 0.703125 1.000000
vt 0.687500 0.937500
vt 0.703125 0.000000
vt 0.687500 0.437500
vt 0.687500 0.875000
vt 0.687500 0.375000
vt 0.687500 0.812500
vt 0.687500 0.312500
vt 0.687500 0.750000
vt 0.687500 0.250000
vt 0.656250 0.437500
vt 0.656250 0.375000
vt 0.656250 0.875000
vt 0.656250 0.812500
vt 0.656250 0.312500
vt 0.656250 0.750000
vt 0.656250 0.250000
vt 0.656250 0.687500
vt 0.656250 0.187500
vt 0.656250 0.625000
vt 0.656250 0.125000
vt 0.656250 0.562500
vt 0.656250 0.062500
vt 0.656250 0.500000
vt 0.671875 1.000000
vt 0.656250 0.937500
vt 0.671875 0.000000
vt 0.625000 0.187500
vt 0.625000 0.125000
vt 0.625000 0.625000
vt 0.625000 0.562500
vt 0.625000 0.062500
vt 0.625000 0.500000
vt 0.640625 1.000000
vt 0.625000 0.937500
vt 0.640625 0.000000
vt 0.625000 0.437500
vt 0.625000 0.875000
vt 0.625000 0.375000
vt 0.625000 0.812500
vt 0.625000 0.312500
vt 0.625000 0.750000
vt 0.625000 0.250000
vt 0.625000 0.687500
vt 0.593750 0.375000
vt 0.593750 0.312500
vt 0.593750 0.812500
vt 0.593750 0.750000
vt 0.593750 0.250000
vt 0.593750 0.687500
vt 0.593750 0.187500
vt 0.593750 0.625000
vt 0.593750 0.125000
vt 0.593750 0.562500
vt 0.593750 0.062500
vt 0.593750 0.500000
vt 0.609375 1.000000
vt 0.593750 0.937500
vt 0.609375 0.000000
vt 0.593750 0.437500
vt 0.593750 0.875000
vt 0.562500 0.125000
vt 0.562500 0.062500
vt 0.562500 0.562500
vt 0.562500 0.500000
vt 0.578125 1.000000
vt 0.562500 0.937500
vt 0.578125 0.000000
vt 0.562500 0.437500
vt 0.562500 0.875000
vt 0.562500 0.375000
vt 0.562500 0.812500
vt 0.562500 0.312500
vt 0.562500 0.750000
vt 0.562500 0.250000
vt 0.562500 0.687500
vt 0.562500 0.187500
vt 0.562500 0.625000
vt 0.531250 0.812500
vt 0.531250 0.750000
vt 0.531250 0.312500
vt 0.531250 0.250000
vt 0.531250 0.687500
vt 0.531250 0.187500
vt 0.531250 0.625000
vt 0.531250 0.125000
vt 0.531250 0.562500
vt 0.531250 0.062500
vt 0.531250 0.500000
vt 0.546875 1.000000
vt 0.531250 0.937500
vt 0.546875 0.000000
vt 0.531250 0.437500
vt 0.531250 0.875000
vt 0.531250 0.375000
vt 0.500000 0.562500
vt 0.500000 0.500000
vt 0.515625 1.000000
vt 0.500000 0.937500
vt 0.515625 0.000000
vt 0.500000 0.062500
vt 0.500000 0.437500
vt 0.500000 0.875000
vt 0.500000 0.375000
vt 0.500000 0.812500
vt 0.500000 0.312500
vt 0.500000 0.750000
vt 0.500000 0.250000
vt 0.500000 0.687500
vt 0.500000 0.187500
vt 0.500000 0.625000
vt 0.500000 0.125000
vt 0.468750 0.312500
vt 0.468750 0.250000
vt 0.468750 0.750000
vt 0.468750 0.687500
vt 0.468750 0.187500
vt 0.468750 0.625000
vt 0.468750 0.125000
vt 0.468750 0.562500
vt 0.468750 0.062500
vt 0.468750 0.500000
vt 0.484375 1.000000
vt 0.468750 0.937500
vt 0.484375 0.000000
vt 0.468750 0.437500
vt 0.468750 0.875000
vt 0.468750 0.375000
vt 0.468750 0.812500
vt 0.453125 1.000000
vt 0.437500 0.937500
vt 0.453125 0.000000
vt 0.437500 0.062500
vt 0.437500 0.500000
vt 0.437500 0.437500
vt 0.437500 0.875000
vt 0.437500 0.375000
vt 0.437500 0.812500
vt 0.437500 0.312500
vt 0.437500 0.750000
vt 0.437500 0.250000
vt 0.437500 0.687500
vt 0.437500 0.187500
vt 0.437500 0.625000
vt 0.437500 0.125000
vt 0.437500 0.562500
vt 0.406250 0.750000
vt 0.406250 0.687500
vt 0.406250 0.250000
vt 0.406250 0.187500
vt 0.406250 0.625000
vt 0.406250 0.125000
vt 0.406250 0.562500
vt 0.406250 0.062500
vt 0.406250 0.500000
vt 0.421875 1.000000
vt 0.406250 0.937500
vt 0.421875 0.000000
vt 0.406250 0.437500
vt 0.406250 0.875000
vt 0.406250 0.375000
vt 0.406250 0.812500
vt 0.406250 0.312500
vt 0.375000 0.500000
vt 0.375000 0.437500
vt 0.375000 0.937500
vt 0.375000 0.875000
vt 0.375000 0.375000
vt 0.375000 0.812500
vt 0.375000 0.312500
vt 0.375000 0.750000
vt 0.375000 0.250000
vt 0.375000 0.687500
vt 0.375000 0.187500
vt 0.375000 0.625000
vt 0.375000 0.125000
vt 0.375000 0.562500
vt 0.375000 0.062500
vt 0.390625 1.000000
vt 0.390625 0.000000
vt 0.343750 0.250000
vt 0.343750 0.187500
vt 0.343750 0.687500
vt 0.343750 0.625000
vt 0.343750 0.125000
vt 0.343750 0.562500
vt 0.343750 0.062500
vt 0.343750 0.500000
vt 0.359375 1.000000
vt 0.343750 0.937500
vt 0.359375 0.000000
vt 0.343750 0.437500
vt 0.343750 0.875000
vt 0.343750 0.375000
vt 0.343750 0.812500
vt 0.343750 0.312500
vt 0.343750 0.750000
vt 0.312500 0.437500
vt 0.312500 0.375000
vt 0.312500 0.875000
vt 0.312500 0.812500
vt 0.312500 0.312500
vt 0.312500 0.750000
vt 0.312500 0.250000
vt 0.312500 0.687500
vt 0.312500 0.187500
vt 0.312500 0.625000
vt 0.312500 0.125000
vt 0.312500 0.562500
vt 0.312500 0.062500
vt 0.312500 0.500000
vt 0.328125 1.000000
vt 0.312500 0.937500
vt 0.328125 0.000000
vt 0.281250 0.187500
vt 0.281250 0.125000
vt 0.281250 0.625000
vt 0.281250 0.562500
vt 0.281250 0.062500
vt 0.281250 0.500000
vt 0.296875 1.000000
vt 0.281250 0.937500
vt 0.296875 0.000000
vt 0.281250 0.437500
vt 0.281250 0.875000
vt 0.281250 0.375000
vt 0.281250 0.812500
vt 0.281250 0.312500
vt 0.281250 0.750000
vt 0.281250 0.250000
vt 0.281250 0.687500
vt 0.250000 0.875000
vt 0.250000 0.812500
vt 0.250000 0.375000
vt 0.250000 0.312500
vt 0.250000 0.750000
vt 0.250000 0.250000
vt 0.250000 0.687500
vt 0.250000 0.187500
vt 0.250000 0.625000
vt 0.250000 0.125000
vt 0.250000 0.562500
vt 0.250000 0.062500
vt 0.250000 0.500000
vt 0.265625 1.000000
vt 0.250000 0.937500
vt 0.265625 0.000000
vt 0.250000 0.437500
vt 0.218750 0.625000
vt 0.218750 0.562500
vt 0.218750 0.125000
vt 0.218750 0.062500
vt 0.218750 0.500000
vt 0.234375 1.000000
vt 0.218750 0.937500
vt 0.234375 0.000000
vt 0.218750 0.437500
vt 0.218750 0.875000
vt 0.218750 0.375000
vt 0.218750 0.812500
vt 0.218750 0.312500
vt 0.218750 0.750000
vt 0.218750 0.250000
vt 0.218750 0.687500
vt 0.218750 0.187500
vt 0.187500 0.375000
vt 0.187500 0.312500
vt 0.187500 0.812500
vt 0.187500 0.750000
vt 0.187500 0.250000
vt 0.187500 0.687500
vt 0.187500 0.187500
vt 0.187500 0.625000
vt 0.187500 0.125000
vt 0.187500 0.562500
vt 0.187500 0.062500
vt 0.187500 0.500000
vt 0.203125 1.000000
vt 0.187500 0.937500
vt 0.203125 0.000000
vt 0.187500 0.437500
vt 0.187500 0.875000
vt 0.156250 0.125000
vt 0.156250 0.062500
vt 0.156250 0.562500
vt 0.156250 0.500000
vt 0.171875 1.000000
vt 0.156250 0.937500
vt 0.171875 0.000000
vt 0.156250 0.437500
vt 0.156250 0.875000
vt 0.156250 0.375000
vt 0.156250 0.812500
vt 0.156250 0.312500
vt 0.156250 0.750000
vt 0.156250 0.250000
vt 0.156250 0.687500
vt 0.156250 0.187500
vt 0.156250 0.625000
vt 0.125000 0.812500
vt 0.125000 0.750000
vt 0.125000 0.312500
vt 0.125000 0.250000
vt 0.125000 0.687500
vt 0.125000 0.187500
vt 0.125000 0.625000
vt 0.125000 0.125000
vt 0.125000 0.562500
vt 0.125000 0.062500
vt 0.125000 0.500000
vt 0.140625 1.000000
vt 0.125000 0.937500
vt 0.140625 0.000000
vt 0.125000 0.437500
vt 0.125000 0.875000
vt 0.125000 0.375000
vt 0.093750 0.562500
vt 0.093750 0.500000
vt 0.109375 1.000000
vt 0.093750 0.937500
vt 0.109375 0.000000
vt 0.093750 0.062500
vt 0.093750 0.437500
vt 0.093750 0.875000
vt 0.093750 0.375000
vt 0.093750 0.812500
vt 0.093750 0.312500
vt 0.093750 0.750000
vt 0.093750 0.250000
vt 0.093750 0.687500
vt 0.093750 0.187500
vt 0.093750 0.625000
vt 0.093750 0.125000
vt 0.062500 0.312500
vt 0.062500 0.250000
vt 0.062500 0.750000
vt 0.062500 0.687500
vt 0.062500 0.187500
vt 0.062500 0.625000
vt 0.062500 0.125000
vt 0.062500 0.562500
vt 0.062500 0.062500
vt 0.062500 0.500000
vt 0.078125 1.000000
vt 0.062500 0.937500
vt 0.078125 0.000000
vt 0.062500 0.437500
vt 0.062500 0.875000
vt 0.062500 0.375000
vt 0.062500 0.812500
vt 0.046875 0.000000
vt 0.031250 0.062500
vt 0.031250 0.500000
vt 0.031250 0.437500
vt 0.031250 0.937500
vt 0.031250 0.875000
vt 0.031250 0.375000
vt 0.031250 0.812500
vt 0.031250 0.312500
vt 0.031250 0.750000
vt 0.031250 0.250000
vt 0.031250 0.687500
vt 0.031250 0.187500
vt 0.031250 0.625000
vt 0.031250 0.125000
vt 0.031250 0.562500
vt 0.046875 1.000000
vt 0.000000 0.250000
vt 0.000000 0.187500
vt 0.000000 0.687500
vt 0.000000 0.625000
vt 0.000000 0.125000
vt 0.000000 0.562500
vt 0.000000 0.062500
vt 0.000000 0.500000
vt 0.015625 1.000000
vt 0.000000 0.937500
vt 0.015625 0.000000
vt 0.000000 0.437500
vt 0.000000 0.875000
vt 0.000000 0.375000
vt 0.000000 0.812500
vt 0.000000 0.312500
vt 0.000000 0.750000
vt 1.000000 0.875000
vt 1.000000 0.937500
vt 0.968750 0.937500
vt 0.968750 0.875000
vt 1.000000 0.375000
vt 1.000000 0.437500
vt 0.968750 0.437500
vt 0.968750 0.375000
vt 1.000000 0.812500
vt 0.968750 0.812500
vt 1.000000 0.312500
vt 0.968750 0.312500
vt 1.000000 0.750000
vt 0.968750 0.750000
vt 1.000000 0.250000
vt 0.968750 0.250000
vt 1.000000 0.687500
vt 0.968750 0.687500
vt 1.000000 0.187500
vt 0.968750 0.187500
vt 1.000000 0.625000
vt 0.968750 0.625000
vt 1.000000 0.125000
vt 0.968750 0.125000
vt 1.000000 0.562500
vt 0.968750 0.562500
vt 1.000000 0.062500
vt 0.968750 0.062500
vt 1.000000 0.500000
vt 0.968750 0.500000
vt 0.984375 1.000000
vt 0.984375 0.000000
vt 0.937500 0.687500
vt 0.937500 0.625000
vt 0.937500 0.187500
vt 0.937500 0.125000
vt 0.937500 0.562500
vt 0.937500 0.062500
vt 0.937500 0.500000
vt 0.953125 1.000000
vt 0.937500 0.937500
vt 0.953125 0.000000
vt 0.937500 0.437500
vt 0.937500 0.875000
vt 0.937500 0.375000
vt 0.937500 0.812500
vt 0.937500 0.312500
vt 0.937500 0.750000
vt 0.937500 0.250000
vt 0.906250 0.437500
vt 0.906250 0.375000
vt 0.906250 0.875000
vt 0.906250 0.812500
vt 0.906250 0.312500
vt 0.906250 0.750000
vt 0.906250 0.250000
vt 0.906250 0.687500
vt 0.906250 0.187500
vt 0.906250 0.625000
vt 0.906250 0.125000
vt 0.906250 0.562500
vt 0.906250 0.062500
vt 0.906250 0.500000
vt 0.921875 1.000000
vt 0.906250 0.937500
vt 0.921875 0.000000
vt 0.875000 0.187500
vt 0.875000 0.125000
vt 0.875000 0.625000
vt 0.875000 0.562500
vt 0.875000 0.062500
vt 0.875000 0.500000
vt 0.890625 1.000000
vt 0.875000 0.937500
vt 0.890625 0.000000
vt 0.875000 0.437500
vt 0.875000 0.875000
vt 0.875000 0.375000
vt 0.875000 0.812500
vt 0.875000 0.312500
vt 0.875000 0.750000
vt 0.875000 0.250000
vt 0.875000 0.687500
vt 0.843750 0.875000
vt 0.843750 0.812500
vt 0.843750 0.375000
vt 0.843750 0.312500
vt 0.843750 0.750000
vt 0.843750 0.250000
vt 0.843750 0.687500
vt 0.843750 0.187500
vt 0.843750 0.625000
vt 0.843750 0.125000
vt 0.843750 0.562500
vt 0.843750 0.062500
vt 0.843750 0.500000
vt 0.859375 1.000000
vt 0.843750 0.937500
vt 0.859375 0.000000
vt 0.843750 0.437500
vt 0.812500 0.625000
vt 0.812500 0.562500
vt 0.812500 0.125000
vt 0.812500 0.062500
vt 0.812500 0.500000
vt 0.828125 1.000000
vt 0.812500 0.937500
vt 0.828125 0.000000
vt 0.812500 0.437500
vt 0.812500 0.875000
vt 0.812500 0.375000
vt 0.812500 0.812500
vt 0.812500 0.312500
vt 0.812500 0.750000
vt 0.812500 0.250000
vt 0.812500 0.687500
vt 0.812500 0.187500
vt 0.781250 0.375000
vt 0.781250 0.312500
vt 0.781250 0.812500
vt 0.781250 0.750000
vt 0.781250 0.250000
vt 0.781250 0.687500
vt 0.781250 0.187500
vt 0.781250 0.625000
vt 0.781250 0.125000
vt 0.781250 0.562500
vt 0.781250 0.062500
vt 0.781250 0.500000
vt 0.796875 1.000000
vt 0.781250 0.937500
vt 0.796875 0.000000
vt 0.781250 0.437500
vt 0.781250 0.875000
vt 0.765625 1.000000
vt 0.765625 0.000000
s 0
usemtl tree
f 1628/1880/850 1627/1881/850 1166/1882/850 1167/1883/850
f 1150/1884/851 1149/1885/851 1159/1886/851 1160/1887/851
f 1620/1888/852 1228/1889/852 1153/1890/852
f 1454/1891/853 1628/1880/853 1167/1883/853
f 1151/1892/854 1150/1884/854 1160/1887/854 1161/1893/854
f 1621/1894/855 1620/1888/855 1153/1890/855 1154/1895/855
f 1624/1896/856 1151/1892/856 1161/1893/856 1162/1897/856
f 1147/1898/857 1621/1894/857 1154/1895/857 1155/1899/857
f 1152/1900/858 1624/1896/858 1162/1897/858 1163/1901/858
f 1622/1902/859 1147/1898/859 1155/1899/859 1156/1903/859
f 1625/1904/860 1152/1900/860 1163/1901/860 1164/1905/860
f 1148/1906/861 1622/1902/861 1156/1903/861 1157/1907/861
f 1626/1908/862 1625/1904/862 1164/1905/862 1165/1909/862
f 1623/1910/863 1148/1906/863 1157/1907/863 1158/1911/863
f 1627/1881/864 1626/1908/864 1165/1909/864 1166/1882/864
f 1149/1885/865 1623/1910/865 1158/1911/865 1159/1886/865
f 1158/1911/866 1157/1907/866 1172/1912/866 1173/1913/866
f 1166/1882/867 1165/1909/867 1180/1914/867 1181/1915/867
f 1159/1886/868 1158/1911/868 1173/1913/868 1174/1916/868
f 1167/1883/869 1166/1882/869 1181/1915/869 1182/1917/869
f 1160/1887/870 1159/1886/870 1174/1916/870 1175/1918/870
f 1153/1890/871 1228/1919/871 1168/1920/871
f 1454/1921/872 1167/1883/872 1182/1917/872
f 1161/1893/873 1160/1887/873 1175/1918/873 1176/1922/873
f 1154/1895/874 1153/1890/874 1168/1920/874 1169/1923/874
f 1162/1897/875 1161/1893/875 1176/1922/875 1177/1924/875
f 1155/1899/876 1154/1895/876 1169/1923/876 1170/1925/876
f 1163/1901/877 1162/1897/877 1177/1924/877 1178/1926/877
f 1156/1903/878 1155/1899/878 1170/1925/878 1171/1927/878
f 1164/1905/879 1163/1901/879 1178/1926/879 1179/1928/879
f 1157/1907/880 1156/1903/880 1171/1927/880 1172/1912/880
f 1165/1909/881 1164/1905/881 1179/1928/881 1180/1914/881
f 1177/1924/882 1176/1922/882 1191/1929/882 1192/1930/882
f 1170/1925/883 1169/1923/883 1184/1931/883 1185/1932/883
f 1178/1926/884 1177/1924/884 1192/1930/884 1193/1933/884
f 1171/1927/885 1170/1925/885 1185/1932/885 1186/1934/885
f 1179/1928/886 1178/1926/886 1193/1933/886 1194/1935/886
f 1172/1912/887 1171/1927/887 1186/1934/887 1187/1936/887
f 1180/1914/888 1179/1928/888 1194/1935/888 1195/1937/888
f 1173/1913/889 1172/1912/889 1187/1936/889 1188/1938/889
f 1181/1915/890 1180/1914/890 1195/1937/890 1196/1939/890
f 1174/1916/891 1173/1913/891 1188/1938/891 1189/1940/891
f 1182/1917/892 1181/1915/892 1196/1939/892 1197/1941/892
f 1175/1918/893 1174/1916/893 1189/1940/893 1190/1942/893
f 1168/1920/894 1228/1943/894 1183/1944/894
f 1454/1945/895 1182/1917/895 1197/1941/895
f 1176/1922/896 1175/1918/896 1190/1942/896 1191/1929/896
f 1169/1923/897 1168/1920/897 1183/1944/897 1184/1931/897
f 1196/1939/898 1195/1937/898 1210/1946/898 1211/1947/898
f 1189/1940/899 1188/1938/899 1203/1948/899 1204/1949/899
f 1197/1941/900 1196/1939/900 1211/1947/900 1212/1950/900
f 1190/1942/901 1189/1940/901 1204/1949/901 1205/1951/901
f 1183/1944/902 1228/1952/902 1198/1953/902
f 1454/1954/903 1197/1941/903 1212/1950/903
f 1191/1929/904 1190/1942/904 1205/1951/904 1206/1955/904
f 1184/1931/905 1183/1944/905 1198/1953/905 1199/1956/905
f 1192/1930/906 1191/1929/906 1206/1955/906 1207/1957/906
f 1185/1932/907 1184/1931/907 1199/1956/907 1200/1958/907
f 1193/1933/908 1192/1930/908 1207/1957/908 1208/1959/908
f 1186/1934/909 1185/1932/909 1200/1958/909 1201/1960/909
f 1194/1935/910 1193/1933/910 1208/1959/910 1209/1961/910
f 1187/1936/911 1186/1934/911 1201/1960/911 1202/1962/911
f 1195/1937/912 1194/1935/912 1209/1961/912 1210/1946/912
f 1188/1938/913 1187/1936/913 1202/1962/913 1203/1948/913
f 1208/1959/914 1207/1957/914 1222/1963/914 1223/1964/914
f 1201/1960/915 1200/1958/915 1215/1965/915 1216/1966/915
f 1209/1961/916 1208/1959/916 1223/1964/916 1224/1967/916
f 1202/1962/917 1201/1960/917 1216/1966/917 1217/1968/917
f 1210/1946/918 1209/1961/918 1224/1967/918 1225/1969/918
f 1203/1948/919 1202/1962/919 1217/1968/919 1218/1970/919
f 1211/1947/920 1210/1946/920 1225/1969/920 1226/1971/920
f 1204/1949/921 1203/1948/921 1218/1970/921 1219/1972/921
f 1212/1950/922 1211/1947/922 1226/1971/922 1227/1973/922
f 1205/1951/923 1204/1949/923 1219/1972/923 1220/1974/923
f 1198/1953/924 1228/1975/924 1213/1976/924
f 1454/1977/925 1212/1950/925 1227/1973/925
f 1206/1955/926 1205/1951/926 1220/1974/926 1221/1978/926
f 1199/1956/927 1198/1953/927 1213/1976/927 1214/1979/927
f 1207/1957/928 1206/1955/928 1221/1978/928 1222/1963/928
f 1200/1958/929 1199/1956/929 1214/1979/929 1215/1965/929
f 1227/1973/930 1226/1971/930 1242/1980/930 1243/1981/930
f 1220/1974/931 1219/1972/931 1235/1982/931 1236/1983/931
f 1213/1976/932 1228/1984/932 1229/1985/932
f 1454/1986/933 1227/1973/933 1243/1981/933
f 1221/1978/934 1220/1974/934 1236/1983/934 1237/1987/934
f 1214/1979/935 1213/1976/935 1229/1985/935 1230/1988/935
f 1222/1963/936 1221/1978/936 1237/1987/936 1238/1989/936
f 1215/1965/937 1214/1979/937 1230/1988/937 1231/1990/937
f 1223/1964/938 1222/1963/938 1238/1989/938 1239/1991/938
f 1216/1966/939 1215/1965/939 1231/1990/939 1232/1992/939
f 1224/1967/940 1223/1964/940 1239/1991/940 1240/1993/940
f 1217/1968/941 1216/1966/941 1232/1992/941 1233/1994/941
f 1225/1969/942 1224/1967/942 1240/1993/942 1241/1995/942
f 1218/1970/943 1217/1968/943 1233/1994/943 1234/1996/943
f 1226/1971/944 1225/1969/944 1241/1995/944 1242/1980/944
f 1219/1972/945 1218/1970/945 1234/1996/945 1235/1982/945
f 1232/1992/946 1231/1990/946 1246/1997/946 1247/1998/946
f 1240/1993/947 1239/1991/947 1254/1999/947 1255/2000/947
f 1233/1994/948 1232/1992/948 1247/1998/948 1248/2001/948
f 1241/1995/949 1240/1993/949 1255/2000/949 1256/2002/949
f 1234/1996/950 1233/1994/950 1248/2001/950 1249/2003/950
f 1242/1980/951 1241/1995/951 1256/2002/951 1257/2004/951
f 1235/1982/952 1234/1996/952 1249/2003/952 1250/2005/952
f 1243/1981/953 1242/1980/953 1257/2004/953 1258/2006/953
f 1236/1983/954 1235/1982/954 1250/2005/954 1251/2007/954
f 1229/1985/955 1228/2008/955 1244/2009/955
f 1454/2010/956 1243/1981/956 1258/2006/956
f 1237/1987/957 1236/1983/957 1251/2007/957 1252/2011/957
f 1230/1988/958 1229/1985/958 1244/2009/958 1245/2012/958
f 1238/1989/959 1237/1987/959 1252/2011/959 1253/2013/959
f 1231/1990/960 1230/1988/960 1245/2012/960 1246/1997/960
f 1239/1991/961 1238/1989/961 1253/2013/961 1254/1999/961
f 1251/2007/962 1250/2005/962 1265/2014/962 1266/2015/962
f 1244/2009/963 1228/2016/963 1259/2017/963
f 1454/2018/964 1258/2006/964 1273/2019/964
f 1252/2011/965 1251/2007/965 1266/2015/965 1267/2020/965
f 1245/2012/966 1244/2009/966 1259/2017/966 1260/2021/966
f 1253/2013/967 1252/2011/967 1267/2020/967 1268/2022/967
f 1246/1997/968 1245/2012/968 1260/2021/968 1261/2023/968
f 1254/1999/969 1253/2013/969 1268/2022/969 1269/2024/969
f 1247/1998/970 1246/1997/970 1261/2023/970 1262/2025/970
f 1255/2000/971 1254/1999/971 1269/2024/971 1270/2026/971
f 1248/2001/972 1247/1998/972 1262/2025/972 1263/2027/972
f 1256/2002/973 1255/2000/973 1270/2026/973 1271/2028/973
f 1249/2003/974 1248/2001/974 1263/2027/974 1264/2029/974
f 1257/2004/975 1256/2002/975 1271/2028/975 1272/2030/975
f 1250/2005/976 1249/2003/976 1264/2029/976 1265/2014/976
f 1258/2006/977 1257/2004/977 1272/2030/977 1273/2019/977
f 1270/2026/978 1269/2024/978 1284/2031/978 1285/2032/978
f 1263/2027/979 1262/2025/979 1277/2033/979 1278/2034/979
f 1271/2028/980 1270/2026/980 1285/2032/980 1286/2035/980
f 1264/2029/981 1263/2027/981 1278/2034/981 1279/2036/981
f 1272/2030/982 1271/2028/982 1286/2035/982 1287/2037/982
f 1265/2014/983 1264/2029/983 1279/2036/983 1280/2038/983
f 1273/2019/984 1272/2030/984 1287/2037/984 1288/2039/984
f 1266/2015/985 1265/2014/985 1280/2038/985 1281/2040/985
f 1259/2017/986 1228/2041/986 1274/2042/986
f 1454/2043/987 1273/2019/987 1288/2039/987
f 1267/2020/988 1266/2015/988 1281/2040/988 1282/2044/988
f 1260/2021/989 1259/2017/989 1274/2042/989 1275/2045/989
f 1268/2022/990 1267/2020/990 1282/2044/990 1283/2046/990
f 1261/2023/991 1260/2021/991 1275/2045/991 1276/2047/991
f 1269/2024/992 1268/2022/992 1283/2046/992 1284/2031/992
f 1262/2025/993 1261/2023/993 1276/2047/993 1277/2033/993
f 1274/2042/994 1228/2048/994 1289/2049/994
f 1454/2050/995 1288/2039/995 1303/2051/995
f 1282/2044/996 1281/2040/996 1296/2052/996 1297/2053/996
f 1275/2045/997 1274/2042/997 1289/2049/997 1290/2054/997
f 1283/2046/998 1282/2044/998 1297/2053/998 1298/2055/998
f 1276/2047/999 1275/2045/999 1290/2054/999 1291/2056/999
f 1284/2031/1000 1283/2046/1000 1298/2055/1000 1299/2057/1000
f 1277/2033/1001 1276/2047/1001 1291/2056/1001 1292/2058/1001
f 1285/2032/1002 1284/2031/1002 1299/2057/1002 1300/2059/1002
f 1278/2034/1003 1277/2033/1003 1292/2058/1003 1293/2060/1003
f 1286/2035/1004 1285/2032/1004 1300/2059/1004 1301/2061/1004
f 1279/2036/1005 1278/2034/1005 1293/2060/1005 1294/2062/1005
f 1287/2037/1006 1286/2035/1006 1301/2061/1006 1302/2063/1006
f 1280/2038/1007 1279/2036/1007 1294/2062/1007 1295/2064/1007
f 1288/2039/1008 1287/2037/1008 1302/2063/1008 1303/2051/1008
f 1281/2040/1009 1280/2038/1009 1295/2064/1009 1296/2052/1009
f 1293/2060/1010 1292/2058/1010 1307/2065/1010 1308/2066/1010
f 1301/2061/1011 1300/2059/1011 1315/2067/1011 1316/2068/1011
f 1294/2062/1012 1293/2060/1012 1308/2066/1012 1309/2069/1012
f 1302/2063/1013 1301/2061/1013 1316/2068/1013 1317/2070/1013
f 1295/2064/1014 1294/2062/1014 1309/2069/1014 1310/2071/1014
f 1303/2051/1015 1302/2063/1015 1317/2070/1015 1318/2072/1015
f 1296/2052/1016 1295/2064/1016 1310/2071/1016 1311/2073/1016
f 1289/2049/1017 1228/2074/1017 1304/2075/1017
f 1454/2076/1018 1303/2051/1018 1318/2072/1018
f 1297/2053/1019 1296/2052/1019 1311/2073/1019 1312/2077/1019
f 1290/2054/1020 1289/2049/1020 1304/2075/1020 1305/2078/1020
f 1298/2055/1021 1297/2053/1021 1312/2077/1021 1313/2079/1021
f 1291/2056/1022 1290/2054/1022 1305/2078/1022 1306/2080/1022
f 1299/2057/1023 1298/2055/1023 1313/2079/1023 1314/2081/1023
f 1292/2058/1024 1291/2056/1024 1306/2080/1024 1307/2065/1024
f 1300/2059/1025 1299/2057/1025 1314/2081/1025 1315/2067/1025
f 1312/2077/1026 1311/2073/1026 1326/2082/1026 1327/2083/1026
f 1305/2078/1027 1304/2075/1027 1319/2084/1027 1320/2085/1027
f 1313/2079/1028 1312/2077/1028 1327/2083/1028 1328/2086/1028
f 1306/2080/1029 1305/2078/1029 1320/2085/1029 1321/2087/1029
f 1314/2081/1030 1313/2079/1030 1328/2086/1030 1329/2088/1030
f 1307/2065/1031 1306/2080/1031 1321/2087/1031 1322/2089/1031
f 1315/2067/1032 1314/2081/1032 1329/2088/1032 1330/2090/1032
f 1308/2066/1033 1307/2065/1033 1322/2089/1033 1323/2091/1033
f 1316/2068/1034 1315/2067/1034 1330/2090/1034 1331/2092/1034
f 1309/2069/1035 1308/2066/1035 1323/2091/1035 1324/2093/1035
f 1317/2070/1036 1316/2068/1036 1331/2092/1036 1332/2094/1036
f 1310/2071/1037 1309/2069/1037 1324/2093/1037 1325/2095/1037
f 1318/2072/1038 1317/2070/1038 1332/2094/1038 1333/2096/1038
f 1311/2073/1039 1310/2071/1039 1325/2095/1039 1326/2082/1039
f 1304/2075/1040 1228/2097/1040 1319/2084/1040
f 1454/2098/1041 1318/2072/1041 1333/2096/1041
f 1331/2092/1042 1330/2090/1042 1345/2099/1042 1346/2100/1042
f 1324/2093/1043 1323/2091/1043 1338/2101/1043 1339/2102/1043
f 1332/2094/1044 1331/2092/1044 1346/2100/1044 1347/2103/1044
f 1325/2095/1045 1324/2093/1045 1339/2102/1045 1340/2104/1045
f 1333/2096/1046 1332/2094/1046 1347/2103/1046 1348/2105/1046
f 1326/2082/1047 1325/2095/1047 1340/2104/1047 1341/2106/1047
f 1319/2084/1048 1228/2107/1048 1334/2108/1048
f 1454/2109/1049 1333/2096/1049 1348/2105/1049
f 1327/2083/1050 1326/2082/1050 1341/2106/1050 1342/2110/1050
f 1320/2085/1051 1319/2084/1051 1334/2108/1051 1335/2111/1051
f 1328/2086/1052 1327/2083/1052 1342/2110/1052 1343/2112/1052
f 1321/2087/1053 1320/2085/1053 1335/2111/1053 1336/2113/1053
f 1329/2088/1054 1328/2086/1054 1343/2112/1054 1344/2114/1054
f 1322/2089/1055 1321/2087/1055 1336/2113/1055 1337/2115/1055
f 1330/2090/1056 1329/2088/1056 1344/2114/1056 1345/2099/1056
f 1323/2091/1057 1322/2089/1057 1337/2115/1057 1338/2101/1057
f 1343/2112/1058 1342/2110/1058 1357/2116/1058 1358/2117/1058
f 1336/2113/1059 1335/2111/1059 1350/2118/1059 1351/2119/1059
f 1344/2114/1060 1343/2112/1060 1358/2117/1060 1359/2120/1060
f 1337/2115/1061 1336/2113/1061 1351/2119/1061 1352/2121/1061
f 1345/2099/1062 1344/2114/1062 1359/2120/1062 1360/2122/1062
f 1338/2101/1063 1337/2115/1063 1352/2121/1063 1353/2123/1063
f 1346/2100/1064 1345/2099/1064 1360/2122/1064 1361/2124/1064
f 1339/2102/1065 1338/2101/1065 1353/2123/1065 1354/2125/1065
f 1347/2103/1066 1346/2100/1066 1361/2124/1066 1362/2126/1066
f 1340/2104/1067 1339/2102/1067 1354/2125/1067 1355/2127/1067
f 1348/2105/1068 1347/2103/1068 1362/2126/1068 1363/2128/1068
f 1341/2106/1069 1340/2104/1069 1355/2127/1069 1356/2129/1069
f 1334/2108/1070 1228/2130/1070 1349/2131/1070
f 1454/2132/1071 1348/2105/1071 1363/2128/1071
f 1342/2110/1072 1341/2106/1072 1356/2129/1072 1357/2116/1072
f 1335/2111/1073 1334/2108/1073 1349/2131/1073 1350/2118/1073
f 1362/2126/1074 1361/2124/1074 1376/2133/1074 1377/2134/1074
f 1355/2127/1075 1354/2125/1075 1369/2135/1075 1370/2136/1075
f 1363/2128/1076 1362/2126/1076 1377/2134/1076 1378/2137/1076
f 1356/2129/1077 1355/2127/1077 1370/2136/1077 1371/2138/1077
f 1349/2131/1078 1228/2139/1078 1364/2140/1078
f 1454/2141/1079 1363/2128/1079 1378/2137/1079
f 1357/2116/1080 1356/2129/1080 1371/2138/1080 1372/2142/1080
f 1350/2118/1081 1349/2131/1081 1364/2140/1081 1365/2143/1081
f 1358/2117/1082 1357/2116/1082 1372/2142/1082 1373/2144/1082
f 1351/2119/1083 1350/2118/1083 1365/2143/1083 1366/2145/1083
f 1359/2120/1084 1358/2117/1084 1373/2144/1084 1374/2146/1084
f 1352/2121/1085 1351/2119/1085 1366/2145/1085 1367/2147/1085
f 1360/2122/1086 1359/2120/1086 1374/2146/1086 1375/2148/1086
f 1353/2123/1087 1352/2121/1087 1367/2147/1087 1368/2149/1087
f 1361/2124/1088 1360/2122/1088 1375/2148/1088 1376/2133/1088
f 1354/2125/1089 1353/2123/1089 1368/2149/1089 1369/2135/1089
f 1366/2145/1090 1365/2143/1090 1380/2150/1090 1381/2151/1090
f 1374/2146/1091 1373/2144/1091 1388/2152/1091 1389/2153/1091
f 1367/2147/1092 1366/2145/1092 1381/2151/1092 1382/2154/1092
f 1375/2148/1093 1374/2146/1093 1389/2153/1093 1390/2155/1093
f 1368/2149/1094 1367/2147/1094 1382/2154/1094 1383/2156/1094
f 1376/2133/1095 1375/2148/1095 1390/2155/1095 1391/2157/1095
f 1369/2135/1096 1368/2149/1096 1383/2156/1096 1384/2158/1096
f 1377/2134/1097 1376/2133/1097 1391/2157/1097 1392/2159/1097
f 1370/2136/1098 1369/2135/1098 1384/2158/1098 1385/2160/1098
f 1378/2137/1099 1377/2134/1099 1392/2159/1099 1393/2161/1099
f 1371/2138/1100 1370/2136/1100 1385/2160/1100 1386/2162/1100
f 1364/2140/1101 1228/2163/1101 1379/2164/1101
f 1454/2165/1102 1378/2137/1102 1393/2161/1102
f 1372/2142/1103 1371/2138/1103 1386/2162/1103 1387/2166/1103
f 1365/2143/1104 1364/2140/1104 1379/2164/1104 1380/2150/1104
f 1373/2144/1105 1372/2142/1105 1387/2166/1105 1388/2152/1105
f 1385/2160/1106 1384/2158/1106 1399/2167/1106 1400/2168/1106
f 1393/2161/1107 1392/2159/1107 1407/2169/1107 1408/2170/1107
f 1386/2162/1108 1385/2160/1108 1400/2168/1108 1401/2171/1108
f 1379/2164/1109 1228/2172/1109 1394/2173/1109
f 1454/2174/1110 1393/2161/1110 1408/2170/1110
f 1387/2166/1111 1386/2162/1111 1401/2171/1111 1402/2175/1111
f 1380/2150/1112 1379/2164/1112 1394/2173/1112 1395/2176/1112
f 1388/2152/1113 1387/2166/1113 1402/2175/1113 1403/2177/1113
f 1381/2151/1114 1380/2150/1114 1395/2176/1114 1396/2178/1114
f 1389/2153/1115 1388/2152/1115 1403/2177/1115 1404/2179/1115
f 1382/2154/1116 1381/2151/1116 1396/2178/1116 1397/2180/1116
f 1390/2155/1117 1389/2153/1117 1404/2179/1117 1405/2181/1117
f 1383/2156/1118 1382/2154/1118 1397/2180/1118 1398/2182/1118
f 1391/2157/1119 1390/2155/1119 1405/2181/1119 1406/2183/1119
f 1384/2158/1120 1383/2156/1120 1398/2182/1120 1399/2167/1120
f 1392/2159/1121 1391/2157/1121 1406/2183/1121 1407/2169/1121
f 1404/2179/1122 1403/2177/1122 1418/2184/1122 1419/2185/1122
f 1397/2180/1123 1396/2178/1123 1411/2186/1123 1412/2187/1123
f 1405/2181/1124 1404/2179/1124 1419/2185/1124 1420/2188/1124
f 1398/2182/1125 1397/2180/1125 1412/2187/1125 1413/2189/1125
f 1406/2183/1126 1405/2181/1126 1420/2188/1126 1421/2190/1126
f 1399/2167/1127 1398/2182/1127 1413/2189/1127 1414/2191/1127
f 1407/2169/1128 1406/2183/1128 1421/2190/1128 1422/2192/1128
f 1400/2168/1129 1399/2167/1129 1414/2191/1129 1415/2193/1129
f 1408/2170/1130 1407/2169/1130 1422/2192/1130 1423/2194/1130
f 1401/2171/1131 1400/2168/1131 1415/2193/1131 1416/2195/1131
f 1394/2173/1132 1228/2196/1132 1409/2197/1132
f 1454/2198/1133 1408/2170/1133 1423/2194/1133
f 1402/2175/1134 1401/2171/1134 1416/2195/1134 1417/2199/1134
f 1395/2176/1135 1394/2173/1135 1409/2197/1135 1410/2200/1135
f 1403/2177/1136 1402/2175/1136 1417/2199/1136 1418/2184/1136
f 1396/2178/1137 1395/2176/1137 1410/2200/1137 1411/2186/1137
f 1423/2194/1138 1422/2192/1138 1437/2201/1138 1438/2202/1138
f 1416/2195/1139 1415/2193/1139 1430/2203/1139 1431/2204/1139
f 1409/2197/1140 1228/2205/1140 1424/2206/1140
f 1454/2207/1141 1423/2194/1141 1438/2202/1141
f 1417/2199/1142 1416/2195/1142 1431/2204/1142 1432/2208/1142
f 1410/2200/1143 1409/2197/1143 1424/2206/1143 1425/2209/1143
f 1418/2184/1144 1417/2199/1144 1432/2208/1144 1433/2210/1144
f 1411/2186/1145 1410/2200/1145 1425/2209/1145 1426/2211/1145
f 1419/2185/1146 1418/2184/1146 1433/2210/1146 1434/2212/1146
f 1412/2187/1147 1411/2186/1147 1426/2211/1147 1427/2213/1147
f 1420/2188/1148 1419/2185/1148 1434/2212/1148 1435/2214/1148
f 1413/2189/1149 1412/2187/1149 1427/2213/1149 1428/2215/1149
f 1421/2190/1150 1420/2188/1150 1435/2214/1150 1436/2216/1150
f 1414/2191/1151 1413/2189/1151 1428/2215/1151 1429/2217/1151
f 1422/2192/1152 1421/2190/1152 1436/2216/1152 1437/2201/1152
f 1415/2193/1153 1414/2191/1153 1429/2217/1153 1430/2203/1153
f 1427/2213/1154 1426/2211/1154 1441/2218/1154 1442/2219/1154
f 1435/2214/1155 1434/2212/1155 1449/2220/1155 1450/2221/1155
f 1428/2215/1156 1427/2213/1156 1442/2219/1156 1443/2222/1156
f 1436/2216/1157 1435/2214/1157 1450/2221/1157 1451/2223/1157
f 1429/2217/1158 1428/2215/1158 1443/2222/1158 1444/2224/1158
f 1437/2201/1159 1436/2216/1159 1451/2223/1159 1452/2225/1159
f 1430/2203/1160 1429/2217/1160 1444/2224/1160 1445/2226/1160
f 1438/2202/1161 1437/2201/1161 1452/2225/1161 1453/2227/1161
f 1431/2204/1162 1430/2203/1162 1445/2226/1162 1446/2228/1162
f 1424/2206/1163 1228/2229/1163 1439/2230/1163
f 1454/2231/1164 1438/2202/1164 1453/2227/1164
f 1432/2208/1165 1431/2204/1165 1446/2228/1165 1447/2232/1165
f 1425/2209/1166 1424/2206/1166 1439/2230/1166 1440/2233/1166
f 1433/2210/1167 1432/2208/1167 1447/2232/1167 1448/2234/1167
f 1426/2211/1168 1425/2209/1168 1440/2233/1168 1441/2218/1168
f 1434/2212/1169 1433/2210/1169 1448/2234/1169 1449/2220/1169
f 1446/2228/1170 1445/2226/1170 1461/2235/1170 1462/2236/1170
f 1439/2230/1171 1228/2237/1171 1455/2238/1171
f 1454/2239/1172 1453/2227/1172 1469/2240/1172
f 1447/2232/1173 1446/2228/1173 1462/2236/1173 1463/2241/1173
f 1440/2233/1174 1439/2230/1174 1455/2238/1174 1456/2242/1174
f 1448/2234/1175 1447/2232/1175 1463/2241/1175 1464/2243/1175
f 1441/2218/1176 1440/2233/1176 1456/2242/1176 1457/2244/1176
f 1449/2220/1177 1448/2234/1177 1464/2243/1177 1465/2245/1177
f 1442/2219/1178 1441/2218/1178 1457/2244/1178 1458/2246/1178
f 1450/2221/1179 1449/2220/1179 1465/2245/1179 1466/2247/1179
f 1443/2222/1180 1442/2219/1180 1458/2246/1180 1459/2248/1180
f 1451/2223/1181 1450/2221/1181 1466/2247/1181 1467/2249/1181
f 1444/2224/1182 1443/2222/1182 1459/2248/1182 1460/2250/1182
f 1452/2225/1183 1451/2223/1183 1467/2249/1183 1468/2251/1183
f 1445/2226/1184 1444/2224/1184 1460/2250/1184 1461/2235/1184
f 1453/2227/1185 1452/2225/1185 1468/2251/1185 1469/2240/1185
f 1466/2247/1186 1465/2245/1186 1480/2252/1186 1481/2253/1186
f 1459/2248/1187 1458/2246/1187 1473/2254/1187 1474/2255/1187
f 1467/2249/1188 1466/2247/1188 1481/2253/1188 1482/2256/1188
f 1460/2250/1189 1459/2248/1189 1474/2255/1189 1475/2257/1189
f 1468/2251/1190 1467/2249/1190 1482/2256/1190 1483/2258/1190
f 1461/2235/1191 1460/2250/1191 1475/2257/1191 1476/2259/1191
f 1469/2240/1192 1468/2251/1192 1483/2258/1192 1484/2260/1192
f 1462/2236/1193 1461/2235/1193 1476/2259/1193 1477/2261/1193
f 1455/2238/1194 1228/2262/1194 1470/2263/1194
f 1454/2264/1195 1469/2240/1195 1484/2260/1195
f 1463/2241/1196 1462/2236/1196 1477/2261/1196 1478/2265/1196
f 1456/2242/1197 1455/2238/1197 1470/2263/1197 1471/2266/1197
f 1464/2243/1198 1463/2241/1198 1478/2265/1198 1479/2267/1198
f 1457/2244/1199 1456/2242/1199 1471/2266/1199 1472/2268/1199
f 1465/2245/1200 1464/2243/1200 1479/2267/1200 1480/2252/1200
f 1458/2246/1201 1457/2244/1201 1472/2268/1201 1473/2254/1201
f 1454/2269/1202 1484/2260/1202 1499/2270/1202
f 1478/2265/1203 1477/2261/1203 1492/2271/1203 1493/2272/1203
f 1471/2266/1204 1470/2263/1204 1485/2273/1204 1486/2274/1204
f 1479/2267/1205 1478/2265/1205 1493/2272/1205 1494/2275/1205
f 1472/2268/1206 1471/2266/1206 1486/2274/1206 1487/2276/1206
f 1480/2252/1207 1479/2267/1207 1494/2275/1207 1495/2277/1207
f 1473/2254/1208 1472/2268/1208 1487/2276/1208 1488/2278/1208
f 1481/2253/1209 1480/2252/1209 1495/2277/1209 1496/2279/1209
f 1474/2255/1210 1473/2254/1210 1488/2278/1210 1489/2280/1210
f 1482/2256/1211 1481/2253/1211 1496/2279/1211 1497/2281/1211
f 1475/2257/1212 1474/2255/1212 1489/2280/1212 1490/2282/1212
f 1483/2258/1213 1482/2256/1213 1497/2281/1213 1498/2283/1213
f 1476/2259/1214 1475/2257/1214 1490/2282/1214 1491/2284/1214
f 1484/2260/1215 1483/2258/1215 1498/2283/1215 1499/2270/1215
f 1477/2261/1216 1476/2259/1216 1491/2284/1216 1492/2271/1216
f 1470/2263/1217 1228/2285/1217 1485/2273/1217
f 1497/2281/1218 1496/2279/1218 1511/2286/1218 1512/2287/1218
f 1490/2282/1219 1489/2280/1219 1504/2288/1219 1505/2289/1219
f 1498/2283/1220 1497/2281/1220 1512/2287/1220 1513/2290/1220
f 1491/2284/1221 1490/2282/1221 1505/2289/1221 1506/2291/1221
f 1499/2270/1222 1498/2283/1222 1513/2290/1222 1514/2292/1222
f 1492/2271/1223 1491/2284/1223 1506/2291/1223 1507/2293/1223
f 1485/2273/1224 1228/2294/1224 1500/2295/1224
f 1454/2296/1225 1499/2270/1225 1514/2292/1225
f 1493/2272/1226 1492/2271/1226 1507/2293/1226 1508/2297/1226
f 1486/2274/1227 1485/2273/1227 1500/2295/1227 1501/2298/1227
f 1494/2275/1228 1493/2272/1228 1508/2297/1228 1509/2299/1228
f 1487/2276/1229 1486/2274/1229 1501/2298/1229 1502/2300/1229
f 1495/2277/1230 1494/2275/1230 1509/2299/1230 1510/2301/1230
f 1488/2278/1231 1487/2276/1231 1502/2300/1231 1503/2302/1231
f 1496/2279/1232 1495/2277/1232 1510/2301/1232 1511/2286/1232
f 1489/2280/1233 1488/2278/1233 1503/2302/1233 1504/2288/1233
f 1501/2303/1234 1500/2304/1234 1515/2305/1234 1516/2306/1234
f 1509/2307/1235 1508/2308/1235 1523/2309/1235 1524/2310/1235
f 1502/2311/1236 1501/2303/1236 1516/2306/1236 1517/2312/1236
f 1510/2313/1237 1509/2307/1237 1524/2310/1237 1525/2314/1237
f 1503/2315/1238 1502/2311/1238 1517/2312/1238 1518/2316/1238
f 1511/2317/1239 1510/2313/1239 1525/2314/1239 1526/2318/1239
f 1504/2319/1240 1503/2315/1240 1518/2316/1240 1519/2320/1240
f 1512/2321/1241 1511/2317/1241 1526/2318/1241 1527/2322/1241
f 1505/2323/1242 1504/2319/1242 1519/2320/1242 1520/2324/1242
f 1513/2325/1243 1512/2321/1243 1527/2322/1243 1528/2326/1243
f 1506/2327/1244 1505/2323/1244 1520/2324/1244 1521/2328/1244
f 1514/2329/1245 1513/2325/1245 1528/2326/1245 1529/2330/1245
f 1507/2331/1246 1506/2327/1246 1521/2328/1246 1522/2332/1246
f 1500/2304/1247 1228/2333/1247 1515/2305/1247
f 1454/2334/1248 1514/2329/1248 1529/2330/1248
f 1508/2308/1249 1507/2331/1249 1522/2332/1249 1523/2309/1249
f 1520/2324/1250 1519/2320/1250 1534/2335/1250 1535/2336/1250
f 1528/2326/1251 1527/2322/1251 1542/2337/1251 1543/2338/1251
f 1521/2328/1252 1520/2324/1252 1535/2336/1252 1536/2339/1252
f 1529/2330/1253 1528/2326/1253 1543/2338/1253 1544/2340/1253
f 1522/2332/1254 1521/2328/1254 1536/2339/1254 1537/2341/1254
f 1515/2305/1255 1228/2342/1255 1530/2343/1255
f 1454/2344/1256 1529/2330/1256 1544/2340/1256
f 1523/2309/1257 1522/2332/1257 1537/2341/1257 1538/2345/1257
f 1516/2306/1258 1515/2305/1258 1530/2343/1258 1531/2346/1258
f 1524/2310/1259 1523/2309/1259 1538/2345/1259 1539/2347/1259
f 1517/2312/1260 1516/2306/1260 1531/2346/1260 1532/2348/1260
f 1525/2314/1261 1524/2310/1261 1539/2347/1261 1540/2349/1261
f 1518/2316/1262 1517/2312/1262 1532/2348/1262 1533/2350/1262
f 1526/2318/1263 1525/2314/1263 1540/2349/1263 1541/2351/1263
f 1519/2320/1264 1518/2316/1264 1533/2350/1264 1534/2335/1264
f 1527/2322/1265 1526/2318/1265 1541/2351/1265 1542/2337/1265
f 1539/2347/1266 1538/2345/1266 1553/2352/1266 1554/2353/1266
f 1532/2348/1267 1531/2346/1267 1546/2354/1267 1547/2355/1267
f 1540/2349/1268 1539/2347/1268 1554/2353/1268 1555/2356/1268
f 1533/2350/1269 1532/2348/1269 1547/2355/1269 1548/2357/1269
f 1541/2351/1270 1540/2349/1270 1555/2356/1270 1556/2358/1270
f 1534/2335/1271 1533/2350/1271 1548/2357/1271 1549/2359/1271
f 1542/2337/1272 1541/2351/1272 1556/2358/1272 1557/2360/1272
f 1535/2336/1273 1534/2335/1273 1549/2359/1273 1550/2361/1273
f 1543/2338/1274 1542/2337/1274 1557/2360/1274 1558/2362/1274
f 1536/2339/1275 1535/2336/1275 1550/2361/1275 1551/2363/1275
f 1544/2340/1276 1543/2338/1276 1558/2362/1276 1559/2364/1276
f 1537/2341/1277 1536/2339/1277 1551/2363/1277 1552/2365/1277
f 1530/2343/1278 1228/2366/1278 1545/2367/1278
f 1454/2368/1279 1544/2340/1279 1559/2364/1279
f 1538/2345/1280 1537/2341/1280 1552/2365/1280 1553/2352/1280
f 1531/2346/1281 1530/2343/1281 1545/2367/1281 1546/2354/1281
f 1558/2362/1282 1557/2360/1282 1572/2369/1282 1573/2370/1282
f 1551/2363/1283 1550/2361/1283 1565/2371/1283 1566/2372/1283
f 1559/2364/1284 1558/2362/1284 1573/2370/1284 1574/2373/1284
f 1552/2365/1285 1551/2363/1285 1566/2372/1285 1567/2374/1285
f 1545/2367/1286 1228/2375/1286 1560/2376/1286
f 1454/2377/1287 1559/2364/1287 1574/2373/1287
f 1553/2352/1288 1552/2365/1288 1567/2374/1288 1568/2378/1288
f 1546/2354/1289 1545/2367/1289 1560/2376/1289 1561/2379/1289
f 1554/2353/1290 1553/2352/1290 1568/2378/1290 1569/2380/1290
f 1547/2355/1291 1546/2354/1291 1561/2379/1291 1562/2381/1291
f 1555/2356/1292 1554/2353/1292 1569/2380/1292 1570/2382/1292
f 1548/2357/1293 1547/2355/1293 1562/2381/1293 1563/2383/1293
f 1556/2358/1294 1555/2356/1294 1570/2382/1294 1571/2384/1294
f 1549/2359/1295 1548/2357/1295 1563/2383/1295 1564/2385/1295
f 1557/2360/1296 1556/2358/1296 1571/2384/1296 1572/2369/1296
f 1550/2361/1297 1549/2359/1297 1564/2385/1297 1565/2371/1297
f 1562/2381/1298 1561/2379/1298 1576/2386/1298 1577/2387/1298
f 1570/2382/1299 1569/2380/1299 1584/2388/1299 1585/2389/1299
f 1563/2383/1300 1562/2381/1300 1577/2387/1300 1578/2390/1300
f 1571/2384/1301 1570/2382/1301 1585/2389/1301 1586/2391/1301
f 1564/2385/1302 1563/2383/1302 1578/2390/1302 1579/2392/1302
f 1572/2369/1303 1571/2384/1303 1586/2391/1303 1587/2393/1303
f 1565/2371/1304 1564/2385/1304 1579/2392/1304 1580/2394/1304
f 1573/2370/1305 1572/2369/1305 1587/2393/1305 1588/2395/1305
f 1566/2372/1306 1565/2371/1306 1580/2394/1306 1581/2396/1306
f 1574/2373/1307 1573/2370/1307 1588/2395/1307 1589/2397/1307
f 1567/2374/1308 1566/2372/1308 1581/2396/1308 1582/2398/1308
f 1560/2376/1309 1228/2399/1309 1575/2400/1309
f 1454/2401/1310 1574/2373/1310 1589/2397/1310
f 1568/2378/1311 1567/2374/1311 1582/2398/1311 1583/2402/1311
f 1561/2379/1312 1560/2376/1312 1575/2400/1312 1576/2386/1312
f 1569/2380/1313 1568/2378/1313 1583/2402/1313 1584/2388/1313
f 1581/2396/1314 1580/2394/1314 1595/2403/1314 1596/2404/1314
f 1589/2397/1315 1588/2395/1315 1603/2405/1315 1604/2406/1315
f 1582/2398/1316 1581/2396/1316 1596/2404/1316 1597/2407/1316
f 1575/2400/1317 1228/2408/1317 1590/2409/1317
f 1454/2410/1318 1589/2397/1318 1604/2406/1318
f 1583/2402/1319 1582/2398/1319 1597/2407/1319 1598/2411/1319
f 1576/2386/1320 1575/2400/1320 1590/2409/1320 1591/2412/1320
f 1584/2388/1321 1583/2402/1321 1598/2411/1321 1599/2413/1321
f 1577/2387/1322 1576/2386/1322 1591/2412/1322 1592/2414/1322
f 1585/2389/1323 1584/2388/1323 1599/2413/1323 1600/2415/1323
f 1578/2390/1324 1577/2387/1324 1592/2414/1324 1593/2416/1324
f 1586/2391/1325 1585/2389/1325 1600/2415/1325 1601/2417/1325
f 1579/2392/1326 1578/2390/1326 1593/2416/1326 1594/2418/1326
f 1587/2393/1327 1586/2391/1327 1601/2417/1327 1602/2419/1327
f 1580/2394/1328 1579/2392/1328 1594/2418/1328 1595/2403/1328
f 1588/2395/1329 1587/2393/1329 1602/2419/1329 1603/2405/1329
f 1600/2415/1330 1599/2413/1330 1614/2420/1330 1615/2421/1330
f 1593/2416/1331 1592/2414/1331 1607/2422/1331 1608/2423/1331
f 1601/2417/1332 1600/2415/1332 1615/2421/1332 1616/2424/1332
f 1594/2418/1333 1593/2416/1333 1608/2423/1333 1609/2425/1333
f 1602/2419/1334 1601/2417/1334 1616/2424/1334 1617/2426/1334
f 1595/2403/1335 1594/2418/1335 1609/2425/1335 1610/2427/1335
f 1603/2405/1336 1602/2419/1336 1617/2426/1336 1618/2428/1336
f 1596/2404/1337 1595/2403/1337 1610/2427/1337 1611/2429/1337
f 1604/2406/1338 1603/2405/1338 1618/2428/1338 1619/2430/1338
f 1597/2407/1339 1596/2404/1339 1611/2429/1339 1612/2431/1339
f 1590/2409/1340 1228/2432/1340 1605/2433/1340
f 1454/2434/1341 1604/2406/1341 1619/2430/1341
f 1598/2411/1342 1597/2407/1342 1612/2431/1342 1613/2435/1342
f 1591/2412/1343 1590/2409/1343 1605/2433/1343 1606/2436/1343
f 1599/2413/1344 1598/2411/1344 1613/2435/1344 1614/2420/1344
f 1592/2414/1345 1591/2412/1345 1606/2436/1345 1607/2422/1345
f 1619/2430/1346 1618/2428/1346 1627/1881/1346 1628/1880/1346
f 1612/2431/1347 1611/2429/1347 1149/1885/1347 1150/1884/1347
f 1605/2433/1348 1228/2437/1348 1620/1888/1348
f 1454/2438/1349 1619/2430/1349 1628/1880/1349
f 1613/2435/1350 1612/2431/1350 1150/1884/1350 1151/1892/1350
f 1606/2436/1351 1605/2433/1351 1620/1888/1351 1621/1894/1351
f 1614/2420/1352 1613/2435/1352 1151/1892/1352 1624/1896/1352
f 1607/2422/1353 1606/2436/1353 1621/1894/1353 1147/1898/1353
f 1615/2421/1354 1614/2420/1354 1624/1896/1354 1152/1900/1354
f 1608/2423/1355 1607/2422/1355 1147/1898/1355 1622/1902/1355
f 1616/2424/1356 1615/2421/1356 1152/1900/1356 1625/1904/1356
f 1609/2425/1357 1608/2423/1357 1622/1902/1357 1148/1906/1357
f 1617/2426/1358 1616/2424/1358 1625/1904/1358 1626/1908/1358
f 1610/2427/1359 1609/2425/1359 1148/1906/1359 1623/1910/1359
f 1618/2428/1360 1617/2426/1360 1626/1908/1360 1627/1881/1360
f 1611/2429/1361 1610/2427/1361 1623/1910/1361 1149/1885/1361
o Sphere.002
v -0.709944 5.941533 0.695521
v -0.798894 5.587452 0.373881
v -0.869042 5.133742 0.212747
v -0.893568 4.890799 0.201121
v -0.909710 4.649478 0.236649
v -0.914705 4.208383 0.441948
v -0.568357 6.137927 1.125168
v -0.569658 6.055382 0.895074
v -0.575022 5.929707 0.685467
v -0.584244 5.765729 0.504401
v -0.596969 5.569752 0.358835
v -0.612707 5.349307 0.254362
v -0.630855 5.112864 0.194998
v -0.650715 4.869511 0.183024
v -0.671523 4.628600 0.218900
v -0.692480 4.399387 0.301247
v -0.712780 4.190683 0.426901
v -0.731644 4.010508 0.591033
v -0.748346 3.865784 0.787336
v -0.762245 3.762075 1.008265
v -0.772806 3.703365 1.245330
v -0.521163 6.134251 1.130972
v -0.477085 6.048170 0.906460
v -0.440627 5.919236 0.701997
v -0.413191 5.752403 0.525440
v -0.395832 5.554082 0.383574
v -0.389216 5.331895 0.281851
v -0.393598 5.094380 0.224180
v -0.408810 4.850665 0.212778
v -0.434266 4.610116 0.248082
v -0.468989 4.381976 0.328736
v -0.511643 4.175014 0.451640
v -0.560591 3.997181 0.612072
v -0.613951 3.855314 0.803866
v -0.669672 3.754863 1.019651
v -0.725613 3.699688 1.251135
v -0.475969 6.131191 1.145889
v -0.388432 6.042170 0.935720
v -0.311923 5.910524 0.744476
v -0.249383 5.741315 0.579505
v -0.203214 5.541044 0.447148
v -0.175190 5.317408 0.352491
v -0.166390 5.079001 0.299171
v -0.177150 4.834984 0.289238
v -0.207057 4.594736 0.323073
v -0.254963 4.367489 0.399376
v -0.319025 4.161975 0.515215
v -0.396783 3.986094 0.666137
v -0.485247 3.846602 0.846345
v -0.581019 3.748862 1.048911
v -0.680418 3.696629 1.266051
v -0.434509 6.128868 1.169344
v -0.307107 6.037611 0.981729
v -0.193858 5.903906 0.811271
v -0.099114 5.732892 0.664519
v -0.026516 5.531139 0.547114
v 0.021146 5.306403 0.463567
v 0.042040 5.067317 0.417089
v 0.035363 4.823072 0.409466
v 0.001372 4.583053 0.440991
v -0.058626 4.356483 0.510452
v -0.142327 4.152071 0.615181
v -0.246513 3.977670 0.751152
v -0.367181 3.839984 0.913140
v -0.499694 3.744304 1.094920
v -0.638959 3.694305 1.289507
v -0.398379 6.127368 1.200437
v -0.236234 6.034669 1.042720
v -0.090967 5.899636 0.899816
v 0.031842 5.727457 0.777215
v 0.127471 5.524749 0.679631
v 0.192247 5.299302 0.610811
v 0.223680 5.059779 0.573403
v 0.220562 4.815386 0.568842
v 0.183013 4.575514 0.597305
v 0.112475 4.349382 0.657697
v 0.011660 4.145680 0.747697
v -0.115558 3.972235 0.863848
v -0.264291 3.835714 1.001685
v -0.428821 3.741362 1.155911
v -0.602828 3.692806 1.320600
v -0.571169 6.174169 1.366905
v -0.368966 6.126750 1.237972
v -0.178538 6.033458 1.116348
v -0.007205 5.897878 1.006707
v 0.138450 5.725219 0.913262
v 0.252830 5.522117 0.839605
v 0.331538 5.296377 0.788565
v 0.371551 5.056675 0.762105
v 0.371329 4.812221 0.761242
v 0.330883 4.572411 0.786007
v 0.251766 4.346458 0.835450
v 0.137019 4.143048 0.907672
v -0.008949 3.969997 0.999895
v -0.180529 3.833956 1.108576
v -0.371125 3.740151 1.229539
v -0.573415 3.692188 1.358135
v -0.347400 6.127039 1.280508
v -0.136235 6.034024 1.199784
v 0.054209 5.898699 1.127837
v 0.216616 5.726264 1.067432
v 0.344743 5.523346 1.020889
v 0.433666 5.297743 0.989998
v 0.479969 5.058125 0.975945
v 0.481872 4.813699 0.979271
v 0.439302 4.573860 0.999847
v 0.353894 4.347824 1.036883
v 0.228931 4.144278 1.088956
v 0.069216 3.971043 1.154064
v -0.119114 3.834777 1.229706
v -0.328822 3.740717 1.312975
v -0.551849 3.692477 1.400670
v -0.334510 6.128222 1.326408
v -0.110952 6.036345 1.289822
v 0.090915 5.902068 1.258552
v 0.263334 5.730552 1.233800
v 0.399677 5.528389 1.216517
v 0.494706 5.303346 1.207368
v 0.544769 5.064073 1.206704
v 0.547941 4.819764 1.214550
v 0.504101 4.579808 1.230606
v 0.414934 4.353426 1.254253
v 0.283866 4.149320 1.284584
v 0.115934 3.975331 1.320432
v -0.082408 3.838146 1.360421
v -0.303539 3.743037 1.403013
v -0.538960 3.693660 1.446571
v -0.330793 6.130254 1.373911
v -0.103659 6.040331 1.383001
v 0.101503 5.907856 1.393827
v 0.276809 5.737918 1.405972
v 0.415523 5.537050 1.418971
v 0.512313 5.312970 1.432322
v 0.563460 5.074290 1.445514
v 0.566998 4.830181 1.458039
v 0.522792 4.590025 1.469416
v 0.432541 4.363051 1.479207
v 0.299711 4.157981 1.487037
v 0.129409 3.982697 1.492605
v -0.071821 3.843934 1.495696
v -0.296246 3.747024 1.496192
v -0.535242 3.695692 1.494073
v -0.336389 6.133058 1.421189
v -0.114637 6.045831 1.475741
v 0.085565 5.915840 1.528464
v 0.256524 5.748080 1.577333
v 0.391670 5.548999 1.620469
v 0.485809 5.326247 1.656215
v 0.535324 5.088384 1.683198
v 0.538311 4.844552 1.700379
v 0.494656 4.604119 1.707100
v 0.406037 4.376328 1.703101
v 0.275859 4.169930 1.688536
v 0.109124 3.992858 1.663965
v -0.087759 3.851917 1.630333
v -0.307224 3.752523 1.588931
v -0.540838 3.698496 1.541352
v -0.351085 6.136525 1.466426
v -0.143465 6.052631 1.564477
v 0.043714 5.925713 1.657289
v 0.203258 5.760646 1.741297
v 0.329036 5.563775 1.813270
v 0.416214 5.342665 1.870444
v 0.461441 5.105814 1.910622
v 0.462981 4.862322 1.932259
v 0.420774 4.621549 1.934524
v 0.336441 4.392746 1.917329
v 0.213224 4.184706 1.881337
v 0.055858 4.005424 1.827929
v -0.129610 3.861790 1.759158
v -0.336052 3.759324 1.677668
v -0.555535 3.701963 1.586589
v -0.374316 6.140522 1.507884
v -0.189033 6.060472 1.645800
v -0.022441 5.937095 1.775352
v 0.119058 5.775133 1.891562
v 0.230027 5.580811 1.989963
v 0.306201 5.361594 2.066775
v 0.344653 5.125908 2.119046
v 0.343904 4.882811 2.144766
v 0.303985 4.641644 2.142948
v 0.226429 4.411674 2.113661
v 0.114216 4.201742 2.058030
v -0.028342 4.019912 1.978194
v -0.195765 3.873173 1.877221
v -0.381620 3.767165 1.758991
v -0.578765 3.705960 1.628047
v -0.405189 6.144896 1.543970
v -0.249592 6.069051 1.716585
v -0.110359 5.949551 1.878115
v 0.007160 5.790986 2.022355
v 0.098449 5.599451 2.143759
v 0.159999 5.382306 2.237664
v 0.189445 5.147896 2.300461
v 0.185656 4.905230 2.329735
v 0.148778 4.663632 2.324362
v 0.080227 4.432387 2.284549
v -0.017363 4.220382 2.211826
v -0.140240 4.035764 2.108987
v -0.283683 3.885628 1.979984
v -0.442179 3.775744 1.829775
v -0.609638 3.710333 1.664133
v -0.442517 6.149478 1.573296
v -0.322814 6.078039 1.774110
v -0.216661 5.962600 1.961630
v -0.128136 5.807594 2.128648
v -0.060643 5.618980 2.268747
v -0.016774 5.404006 2.376544
v 0.001784 5.170932 2.447894
v -0.005681 4.928717 2.480057
v -0.038883 4.686668 2.471796
v -0.096546 4.454087 2.423429
v -0.176454 4.239911 2.336814
v -0.275536 4.052372 2.215281
v -0.389984 3.898677 2.063498
v -0.515401 3.784732 1.887301
v -0.646966 3.714916 1.693459
v -0.484866 6.154092 1.594736
v -0.405885 6.087091 1.816166
v -0.337261 5.975741 2.022686
v -0.281631 5.824320 2.206358
v -0.241134 5.638648 2.360124
v -0.217324 5.425859 2.478076
v -0.211119 5.194132 2.555680
v -0.222756 4.952371 2.589955
v -0.251787 4.709867 2.579582
v -0.297097 4.475940 2.524961
v -0.356945 4.259579 2.428191
v -0.429031 4.069098 2.292990
v -0.510585 3.911819 2.124555
v -0.598472 3.793784 1.929357
v -0.689315 3.719530 1.714899
v -0.530608 6.158562 1.607466
v -0.495612 6.095859 1.841137
v -0.467525 5.988469 2.058937
v -0.447426 5.840520 2.252497
v -0.436088 5.657697 2.414379
v -0.433946 5.447026 2.538360
v -0.441083 5.216602 2.619678
v -0.457225 4.975282 2.655206
v -0.481751 4.732338 2.643579
v -0.513718 4.497107 2.585246
v -0.551899 4.278628 2.482445
v -0.594825 4.085299 2.339130
v -0.640849 3.924547 2.160806
v -0.688199 3.802552 1.954328
v -0.735058 3.724000 1.727629
v -0.577987 6.162715 1.610997
v -0.588548 6.104005 1.848062
v -0.602447 6.000296 2.068991
v -0.619149 5.855573 2.265294
v -0.638013 5.675397 2.429425
v -0.658313 5.466693 2.555079
v -0.679270 5.237481 2.637426
v -0.700078 4.996569 2.673302
v -0.719938 4.753216 2.661328
v -0.738085 4.516774 2.601964
v -0.753824 4.296328 2.497492
v -0.766549 4.100351 2.351926
v -0.775771 3.936374 2.170860
v -0.781135 3.810698 1.961253
v -0.782436 3.728153 1.731159
v -0.625180 6.166392 1.605192
v -0.681121 6.111217 1.836676
v -0.736842 6.010767 2.052461
v -0.790202 5.868899 2.244255
v -0.839149 5.691067 2.404686
v -0.881804 5.484104 2.527591
v -0.916527 5.255965 2.608245
v -0.941983 5.015415 2.643548
v -0.957194 4.771700 2.632147
v -0.961576 4.534185 2.574476
v -0.954961 4.311998 2.472753
v -0.937601 4.113678 2.330887
v -0.910166 3.946844 2.154330
v -0.873708 3.817910 1.949867
v -0.829629 3.731830 1.725355
v -0.670375 6.169451 1.590276
v -0.769774 6.117218 1.807416
v -0.865545 6.019478 2.009982
v -0.954010 5.879987 2.190189
v -1.031768 5.704105 2.341112
v -1.095830 5.498591 2.456951
v -1.143736 5.271344 2.533254
v -1.173643 5.031096 2.567089
v -1.184403 4.787079 2.557156
v -1.175602 4.548672 2.503836
v -1.147579 4.325036 2.409179
v -1.101410 4.124765 2.276822
v -1.038869 3.955556 2.111851
v -0.962361 3.823911 1.920607
v -0.874824 3.734889 1.710438
v -0.711834 6.171775 1.566820
v -0.851099 6.121777 1.761407
v -0.983611 6.026096 1.943187
v -1.104279 5.888410 2.105175
v -1.208466 5.714009 2.241146
v -1.292166 5.509597 2.345875
v -1.352165 5.283027 2.415336
v -1.386156 5.043008 2.446860
v -1.392833 4.798763 2.439238
v -1.371938 4.559678 2.392760
v -1.324277 4.334941 2.309213
v -1.251679 4.133188 2.191808
v -1.156935 3.962174 2.045056
v -1.043686 3.828469 1.874598
v -0.916283 3.737213 1.686983
v -0.779624 3.691911 1.489422
v -0.747964 6.173275 1.535727
v -0.921971 6.124718 1.700416
v -1.086502 6.030366 1.854642
v -1.235234 5.893845 1.992479
v -1.362453 5.720400 2.108629
v -1.463267 5.516698 2.198630
v -1.533805 5.290566 2.259022
v -1.571354 5.050694 2.287484
v -1.574473 4.806301 2.282924
v -1.543040 4.566779 2.245515
v -1.478264 4.341331 2.176696
v -1.382634 4.138623 2.079112
v -1.259826 3.966444 1.956511
v -1.114558 3.831411 1.813607
v -0.952414 3.738712 1.655890
v -0.777378 6.173892 1.498192
v -0.979667 6.125929 1.626788
v -1.170264 6.032125 1.747751
v -1.341843 5.896083 1.856432
v -1.487811 5.723032 1.948655
v -1.602558 5.519622 2.020876
v -1.681676 5.293670 2.070319
v -1.722121 5.053859 2.095085
v -1.722343 4.809405 2.094221
v -1.682331 4.569703 2.067761
v -1.603622 4.343963 2.016722
v -1.489243 4.140862 1.943065
v -1.343588 3.968203 1.849620
v -1.172254 3.832622 1.739979
v -0.981827 3.739330 1.618355
v -0.798943 6.173604 1.455657
v -1.021970 6.125363 1.543352
v -1.231678 6.031303 1.626620
v -1.420009 5.895038 1.702263
v -1.579724 5.721803 1.767371
v -1.704686 5.518256 1.819444
v -1.790094 5.292220 1.856480
v -1.832664 5.052381 1.877056
v -1.830761 4.807956 1.880382
v -1.784459 4.568337 1.866329
v -1.695535 4.342734 1.835438
v -1.567408 4.139816 1.788895
v -1.405002 3.967381 1.728489
v -1.214557 3.832056 1.656543
v -1.003393 3.739041 1.575819
v -0.811833 6.172421 1.409756
v -1.047254 6.123043 1.453314
v -1.268384 6.027934 1.495906
v -1.466727 5.890749 1.535895
v -1.634658 5.716761 1.571743
v -1.765726 5.512653 1.602074
v -1.854894 5.286273 1.625721
v -1.898733 5.046317 1.641776
v -1.895561 4.802008 1.649623
v -1.845499 4.562735 1.648959
v -1.750470 4.337692 1.639810
v -1.614126 4.135528 1.622527
v -1.441708 3.964012 1.597775
v -1.239841 3.829736 1.566505
v -1.016282 3.737858 1.529919
v -0.815551 6.170388 1.362254
v -1.054546 6.119056 1.360135
v -1.278971 6.022147 1.360631
v -1.480202 5.883383 1.363722
v -1.650504 5.708098 1.369290
v -1.783333 5.503029 1.377120
v -1.873584 5.276055 1.386911
v -1.917790 5.035899 1.398288
v -1.914252 4.791790 1.410813
v -1.863105 4.553110 1.424005
v -1.766315 4.329030 1.437356
v -1.627602 4.128162 1.450355
v -1.452295 3.958225 1.462500
v -1.247133 3.825749 1.473326
v -1.020000 3.735826 1.482417
v -0.809954 6.167584 1.314976
v -1.043568 6.113557 1.267396
v -1.263034 6.014163 1.225994
v -1.459917 5.873222 1.192362
v -1.626651 5.696150 1.167791
v -1.756829 5.489753 1.153226
v -1.845448 5.261961 1.149227
v -1.889102 5.021529 1.155947
v -1.886116 4.777696 1.173129
v -1.836601 4.539834 1.200112
v -1.742462 4.317081 1.235858
v -1.607317 4.118001 1.278994
v -1.436357 3.950241 1.327863
v -1.236155 3.820250 1.380586
v -1.014403 3.733022 1.435138
v -0.795258 6.164118 1.269738
v -1.014741 6.106756 1.178659
v -1.221183 6.004290 1.097169
v -1.406651 5.860656 1.028398
v -1.564017 5.681374 0.974990
v -1.687234 5.473334 0.938998
v -1.771566 5.244532 0.921803
v -1.813773 5.003758 0.924068
v -1.812234 4.760267 0.945705
v -1.767006 4.523416 0.985883
v -1.679828 4.302306 1.043057
v -1.554051 4.105434 1.115031
v -1.394506 3.940368 1.199038
v -1.207328 3.813449 1.291850
v -0.999707 3.729555 1.389901
v -0.772027 6.160120 1.228280
v -0.969172 6.098916 1.097336
v -1.155027 5.992907 0.979106
v -1.322451 5.846169 0.878133
v -1.465008 5.664339 0.798297
v -1.577221 5.454406 0.742667
v -1.654777 5.224437 0.713379
v -1.694696 4.983269 0.711561
v -1.695445 4.740172 0.737281
v -1.656993 4.504487 0.789552
v -1.580819 4.285270 0.866364
v -1.469851 4.090947 0.964765
v -1.328351 3.928985 1.080975
v -1.161759 3.805608 1.210527
v -0.976477 3.725558 1.348443
v -0.741155 6.155747 1.192194
v -0.908613 6.090336 1.026552
v -1.067109 5.980452 0.876343
v -1.210553 5.830316 0.747340
v -1.333430 5.645698 0.644501
v -1.431019 5.433693 0.571778
v -1.499570 5.202448 0.531965
v -1.536448 4.960851 0.526593
v -1.540238 4.718184 0.555867
v -1.510792 4.483774 0.618663
v -1.449241 4.266629 0.712568
v -1.357953 4.075094 0.833973
v -1.240433 3.916530 0.978212
v -1.101200 3.797029 1.139742
v -0.945604 3.721185 1.312357
v -0.703827 6.151165 1.162868
v -0.835392 6.081348 0.969026
v -0.960808 5.967403 0.792829
v -1.075257 5.813708 0.641047
v -1.174338 5.626169 0.519513
v -1.254246 5.411994 0.432899
v -1.311909 5.179412 0.384531
v -1.345111 4.937363 0.376271
v -1.352576 4.695148 0.408433
v -1.334019 4.462074 0.479784
v -1.290149 4.247100 0.587580
v -1.222656 4.058486 0.727679
v -1.134132 3.903481 0.894698
v -1.027979 3.788041 1.082217
v -0.908276 3.716602 1.283031
v -0.661477 6.146550 1.141428
v -0.752321 6.072296 0.926970
v -0.840208 5.954262 0.731773
v -0.921762 5.796982 0.563337
v -0.993847 5.606502 0.428136
v -1.053696 5.390141 0.331366
v -1.099006 5.156213 0.276745
v -1.128036 4.913710 0.266373
v -1.139673 4.671948 0.300647
v -1.133468 4.440221 0.378251
v -1.109659 4.227433 0.496203
v -1.069162 4.041760 0.649969
v -1.013532 3.890339 0.833642
v -0.944908 3.778989 1.040161
v -0.865927 3.711988 1.261591
v -0.615735 6.142080 1.128698
v -0.662593 6.063529 0.901999
v -0.755967 5.780782 0.517197
v -0.837075 5.368974 0.271082
v -0.916847 4.419055 0.317967
v -0.903367 4.025560 0.603830
v -0.883268 3.877611 0.797390
v -0.855181 3.770221 1.015190
v -0.820184 3.707518 1.248861
vn -0.1027 -0.9645 -0.2434
vn -0.0694 0.0547 -0.9961
vn 0.0755 0.9863 -0.1470
vn -0.0909 -0.9946 -0.0492
vn -0.0857 -0.1395 -0.9865
vn 0.0572 0.9396 -0.3374
vn -0.0988 -0.3284 -0.9393
vn 0.0367 0.8567 -0.5146
vn -0.1081 -0.5050 -0.8563
vn 0.0149 0.7408 -0.6716
vn -0.1133 -0.6626 -0.7404
vn -0.0075 0.5966 -0.8025
vn -0.1141 -0.7950 -0.5958
vn -0.0296 0.4298 -0.9024
vn -0.1105 -0.8970 -0.4280
vn -0.0505 0.2468 -0.9677
vn 0.1429 0.4155 -0.8983
vn -0.0181 -0.9046 -0.4258
vn 0.1365 0.2314 -0.9632
vn -0.0457 -0.9692 -0.2421
vn 0.1249 0.0386 -0.9914
vn 0.0947 0.9847 -0.1465
vn -0.0716 -0.9962 -0.0487
vn 0.1086 -0.1556 -0.9818
vn 0.1142 0.9349 -0.3360
vn 0.0882 -0.3439 -0.9348
vn 0.1292 0.8490 -0.5124
vn 0.0644 -0.5193 -0.8522
vn 0.1391 0.7305 -0.6686
vn 0.0380 -0.6751 -0.7367
vn 0.1438 0.5841 -0.7989
vn 0.0102 -0.8053 -0.5928
vn 0.2708 -0.3572 -0.8939
vn 0.2194 0.8424 -0.4921
vn 0.2328 -0.5316 -0.8144
vn 0.2605 0.7216 -0.6414
vn 0.1858 -0.6859 -0.7036
vn 0.2915 0.5733 -0.7657
vn 0.1316 -0.8141 -0.5656
vn 0.3113 0.4032 -0.8605
vn 0.0722 -0.9112 -0.4055
vn 0.3192 0.2180 -0.9223
vn 0.0099 -0.9732 -0.2296
vn 0.3148 0.0247 -0.9488
vn 0.1135 0.9833 -0.1423
vn -0.0528 -0.9976 -0.0445
vn 0.2985 -0.1694 -0.9392
vn 0.1698 0.9308 -0.3236
vn 0.1569 -0.9165 -0.3681
vn 0.4905 0.2074 -0.8464
vn 0.0621 -0.9765 -0.2065
vn 0.4929 0.0137 -0.8700
vn 0.1312 0.9822 -0.1345
vn -0.0352 -0.9987 -0.0367
vn 0.4766 -0.1805 -0.8604
vn 0.2220 0.9276 -0.3005
vn 0.4422 -0.3679 -0.8180
vn 0.3041 0.8372 -0.4546
vn 0.3908 -0.5414 -0.7444
vn 0.3744 0.7145 -0.5910
vn 0.3244 -0.6945 -0.6422
vn 0.4301 0.5647 -0.7044
vn 0.2454 -0.8212 -0.5152
vn 0.4693 0.3934 -0.7906
vn 0.5323 -0.5484 -0.6450
vn 0.4763 0.7095 -0.5193
vn 0.4485 -0.7006 -0.5550
vn 0.5542 0.5586 -0.6171
vn 0.3474 -0.8262 -0.4435
vn 0.6108 0.3864 -0.6911
vn 0.2327 -0.9202 -0.3147
vn 0.6439 0.1998 -0.7386
vn 0.1088 -0.9788 -0.1736
vn 0.6524 0.0058 -0.7578
vn 0.1469 0.9814 -0.1234
vn -0.0194 -0.9995 -0.0256
vn 0.6361 -0.1884 -0.7483
vn 0.2687 0.9253 -0.2676
vn 0.5956 -0.3754 -0.7102
vn 0.3799 0.8334 -0.4013
vn 0.1483 -0.9801 -0.1323
vn 0.7871 0.0015 -0.6168
vn 0.1603 0.9810 -0.1094
vn -0.0061 -0.9999 -0.0117
vn 0.7708 -0.1927 -0.6072
vn 0.3082 0.9240 -0.2263
vn 0.7252 -0.3796 -0.5745
vn 0.4440 0.8314 -0.3342
vn 0.6518 -0.5522 -0.5198
vn 0.5625 0.7067 -0.4291
vn 0.5533 -0.7040 -0.4452
vn 0.6591 0.5552 -0.5073
vn 0.4335 -0.8290 -0.3533
vn 0.7303 0.3826 -0.5660
vn 0.2967 -0.9223 -0.2477
vn 0.7735 0.1957 -0.6029
vn 0.6294 0.7063 -0.3239
vn 0.6349 -0.7045 -0.3171
vn 0.7406 0.5546 -0.3793
vn 0.5005 -0.8294 -0.2481
vn 0.8232 0.3820 -0.4200
vn 0.3465 -0.9226 -0.1694
vn 0.8743 0.1950 -0.4446
vn 0.1790 -0.9803 -0.0841
vn 0.8919 0.0008 -0.4522
vn 0.1706 0.9809 -0.0932
vn 0.0043 -1.0000 0.0046
vn 0.8756 -0.1934 -0.4426
vn 0.3389 0.9238 -0.1781
vn 0.8259 -0.3803 -0.4162
vn 0.4938 0.8310 -0.2560
vn 0.7447 -0.5528 -0.3738
vn 0.9627 0.0038 -0.2704
vn 0.1776 0.9812 -0.0752
vn 0.0113 -0.9997 0.0226
vn 0.9464 -0.1904 -0.2609
vn 0.3596 0.9247 -0.1248
vn 0.8941 -0.3774 -0.2413
vn 0.5275 0.8325 -0.1696
vn 0.8075 -0.5502 -0.2126
vn 0.6747 0.7082 -0.2077
vn 0.6900 -0.7022 -0.1757
vn 0.7957 0.5570 -0.2378
vn 0.5457 -0.8275 -0.1319
vn 0.8861 0.3847 -0.2587
vn 0.3802 -0.9212 -0.0830
vn 0.9424 0.1979 -0.2697
vn 0.1997 -0.9794 -0.0308
vn 0.7166 -0.6970 -0.0263
vn 0.8223 0.5621 -0.0884
vn 0.5676 -0.8233 -0.0092
vn 0.9163 0.3905 -0.0884
vn 0.3964 -0.9180 0.0082
vn 0.9752 0.2043 -0.0851
vn 0.2097 -0.9774 0.0254
vn 0.9969 0.0104 -0.0785
vn 0.1810 0.9819 -0.0562
vn 0.0147 -0.9990 0.0416
vn 0.9806 -0.1838 -0.0689
vn 0.3696 0.9267 -0.0686
vn 0.9269 -0.3710 -0.0567
vn 0.5437 0.8356 -0.0783
vn 0.8378 -0.5443 -0.0423
vn 0.6965 0.7125 -0.0850
vn 0.1806 0.9829 -0.0369
vn 0.0143 -0.9980 0.0609
vn 0.9767 -0.1738 0.1259
vn 0.3685 0.9296 -0.0115
vn 0.9232 -0.3614 0.1307
vn 0.5419 0.8403 0.0143
vn 0.8344 -0.5355 0.1305
vn 0.6941 0.7188 0.0395
vn 0.7136 -0.6893 0.1253
vn 0.8193 0.5699 0.0632
vn 0.5651 -0.8169 0.1153
vn 0.9129 0.3994 0.0844
vn 0.3946 -0.9133 0.1009
vn 0.9715 0.2138 0.1023
vn 0.2086 -0.9745 0.0825
vn 0.9930 0.0204 0.1163
vn 0.7868 0.5799 0.2112
vn 0.5384 -0.8087 0.2369
vn 0.8759 0.4108 0.2531
vn 0.3748 -0.9072 0.1913
vn 0.9314 0.2262 0.2852
vn 0.1964 -0.9707 0.1382
vn 0.9513 0.0333 0.3065
vn 0.1765 0.9841 -0.0181
vn 0.0102 -0.9968 0.0797
vn 0.9350 -0.1609 0.3161
vn 0.3563 0.9333 0.0442
vn 0.8831 -0.3490 0.3136
vn 0.5220 0.8465 0.1047
vn 0.7974 -0.5240 0.2992
vn 0.6674 0.7271 0.1611
vn 0.6811 -0.6793 0.2733
vn 0.8570 -0.1456 0.4943
vn 0.3334 0.9378 0.0964
vn 0.8081 -0.3343 0.4850
vn 0.4850 0.8538 0.1894
vn 0.7282 -0.5104 0.4573
vn 0.6176 0.7369 0.2750
vn 0.6204 -0.6673 0.4120
vn 0.7262 0.5918 0.3498
vn 0.4886 -0.7989 0.3508
vn 0.8068 0.4244 0.4111
vn 0.3377 -0.8999 0.2760
vn 0.8564 0.2410 0.4566
vn 0.1735 -0.9663 0.1904
vn 0.8733 0.0486 0.4847
vn 0.1688 0.9857 -0.0004
vn 0.0024 -0.9952 0.0973
vn 0.4175 -0.7879 0.4527
vn 0.7081 0.4397 0.5525
vn 0.2848 -0.8917 0.3518
vn 0.7494 0.2575 0.6099
vn 0.1409 -0.9612 0.2371
vn 0.7621 0.0658 0.6441
vn 0.1578 0.9874 0.0153
vn -0.0086 -0.9935 0.1131
vn 0.7458 -0.1284 0.6536
vn 0.3008 0.9429 0.1431
vn 0.7011 -0.3177 0.6383
vn 0.4321 0.8619 0.2652
vn 0.6296 -0.4952 0.5987
vn 0.5465 0.7479 0.3769
vn 0.5339 -0.6539 0.5360
vn 0.6396 0.6052 0.4739
vn 0.5663 -0.3000 0.7677
vn 0.3655 0.8707 0.3291
vn 0.5053 -0.4788 0.7179
vn 0.4569 0.7596 0.4628
vn 0.4248 -0.6396 0.6407
vn 0.5305 0.6196 0.5785
vn 0.3279 -0.7761 0.5386
vn 0.5838 0.4560 0.6718
vn 0.2182 -0.8829 0.4157
vn 0.6146 0.2752 0.7393
vn 0.0999 -0.9558 0.2765
vn 0.6220 0.0842 0.7785
vn 0.1439 0.9892 0.0286
vn -0.0224 -0.9917 0.1264
vn 0.6057 -0.1100 0.7881
vn 0.2598 0.9483 0.1825
vn 0.1403 -0.8740 0.4653
vn 0.4571 0.2934 0.8396
vn 0.0519 -0.9503 0.3070
vn 0.4582 0.1031 0.8829
vn 0.1277 0.9910 0.0390
vn -0.0386 -0.9899 0.1367
vn 0.4419 -0.0911 0.8924
vn 0.2118 0.9538 0.2131
vn 0.4087 -0.2819 0.8680
vn 0.2876 0.8797 0.3787
vn 0.3600 -0.4621 0.8105
vn 0.3522 0.7717 0.5295
vn 0.2974 -0.6249 0.7219
vn 0.4031 0.6343 0.6597
vn 0.2232 -0.7640 0.6053
vn 0.4385 0.4728 0.7644
vn 0.2015 0.8886 0.4121
vn 0.1994 -0.4455 0.8728
vn 0.2364 0.7837 0.5744
vn 0.1565 -0.6104 0.7765
vn 0.2622 0.6488 0.7144
vn 0.1075 -0.7521 0.6502
vn 0.2779 0.4893 0.8267
vn 0.0542 -0.8651 0.4987
vn 0.2829 0.3114 0.9072
vn -0.0011 -0.9448 0.3276
vn 0.2771 0.1218 0.9531
vn 0.1098 0.9929 0.0459
vn -0.0566 -0.9880 0.1437
vn 0.2608 -0.0724 0.9627
vn 0.1588 0.9593 0.2336
vn 0.2346 -0.2639 0.9356
vn 0.0988 0.3284 0.9393
vn -0.0572 -0.9396 0.3374
vn 0.0857 0.1395 0.9865
vn 0.0908 0.9946 0.0492
vn -0.0755 -0.9863 0.1470
vn 0.0694 -0.0547 0.9961
vn 0.1027 0.9645 0.2434
vn 0.0505 -0.2468 0.9677
vn 0.1105 0.8970 0.4280
vn 0.0296 -0.4298 0.9024
vn 0.1141 0.7950 0.5958
vn 0.0075 -0.5966 0.8025
vn 0.1132 0.6626 0.7404
vn -0.0149 -0.7408 0.6716
vn 0.1081 0.5050 0.8563
vn -0.0367 -0.8567 0.5146
vn -0.1429 -0.4155 0.8983
vn -0.0102 0.8053 0.5928
vn -0.1438 -0.5841 0.7989
vn -0.0380 0.6751 0.7367
vn -0.1391 -0.7305 0.6686
vn -0.0644 0.5193 0.8522
vn -0.1292 -0.8490 0.5124
vn -0.0882 0.3439 0.9348
vn -0.1142 -0.9349 0.3360
vn -0.1086 0.1556 0.9818
vn 0.0716 0.9962 0.0487
vn -0.0947 -0.9847 0.1465
vn -0.1249 -0.0386 0.9914
vn 0.0457 0.9692 0.2421
vn -0.1365 -0.2314 0.9632
vn 0.0181 0.9046 0.4258
vn -0.1698 -0.9308 0.3236
vn -0.2985 0.1694 0.9392
vn 0.0528 0.9976 0.0445
vn -0.1135 -0.9833 0.1423
vn -0.3148 -0.0247 0.9488
vn -0.0099 0.9732 0.2296
vn -0.3192 -0.2180 0.9223
vn -0.0722 0.9112 0.4055
vn -0.3113 -0.4032 0.8605
vn -0.1316 0.8141 0.5656
vn -0.2915 -0.5733 0.7657
vn -0.1858 0.6859 0.7036
vn -0.2605 -0.7216 0.6414
vn -0.2328 0.5316 0.8144
vn -0.2194 -0.8424 0.4921
vn -0.2708 0.3572 0.8939
vn -0.2454 0.8212 0.5152
vn -0.4301 -0.5647 0.7044
vn -0.3244 0.6945 0.6422
vn -0.3744 -0.7145 0.5910
vn -0.3908 0.5414 0.7444
vn -0.3041 -0.8372 0.4546
vn -0.4422 0.3679 0.8180
vn -0.2220 -0.9276 0.3005
vn -0.4766 0.1805 0.8604
vn 0.0352 0.9987 0.0367
vn -0.1312 -0.9822 0.1345
vn -0.4929 -0.0137 0.8700
vn -0.0621 0.9765 0.2065
vn -0.4905 -0.2074 0.8464
vn -0.1569 0.9165 0.3681
vn -0.4693 -0.3934 0.7906
vn -0.6361 0.1884 0.7483
vn 0.0194 0.9995 0.0256
vn -0.1469 -0.9814 0.1234
vn -0.6524 -0.0058 0.7578
vn -0.1088 0.9788 0.1736
vn -0.6439 -0.1998 0.7386
vn -0.2327 0.9202 0.3147
vn -0.6108 -0.3864 0.6911
vn -0.3474 0.8262 0.4435
vn -0.5542 -0.5586 0.6171
vn -0.4485 0.7006 0.5550
vn -0.4763 -0.7095 0.5193
vn -0.5323 0.5484 0.6450
vn -0.3799 -0.8334 0.4013
vn -0.5956 0.3754 0.7102
vn -0.2687 -0.9253 0.2676
vn -0.6591 -0.5552 0.5073
vn -0.5533 0.7040 0.4452
vn -0.5625 -0.7067 0.4291
vn -0.6518 0.5522 0.5198
vn -0.4440 -0.8314 0.3342
vn -0.7252 0.3796 0.5745
vn -0.3082 -0.9240 0.2263
vn -0.7708 0.1927 0.6072
vn 0.0061 0.9999 0.0117
vn -0.1603 -0.9810 0.1094
vn -0.7871 -0.0015 0.6168
vn -0.1483 0.9801 0.1323
vn -0.7735 -0.1957 0.6029
vn -0.2967 0.9223 0.2477
vn -0.7303 -0.3826 0.5660
vn -0.4335 0.8290 0.3533
vn -0.1706 -0.9809 0.0932
vn -0.8919 -0.0008 0.4522
vn -0.1790 0.9803 0.0841
vn -0.8743 -0.1950 0.4446
vn -0.3465 0.9226 0.1694
vn -0.8232 -0.3820 0.4200
vn -0.5005 0.8294 0.2481
vn -0.7406 -0.5546 0.3793
vn -0.6349 0.7045 0.3171
vn -0.6294 -0.7063 0.3239
vn -0.7447 0.5528 0.3738
vn -0.4938 -0.8310 0.2560
vn -0.8259 0.3803 0.4162
vn -0.3389 -0.9238 0.1781
vn -0.8756 0.1934 0.4426
vn -0.0043 1.0000 -0.0046
vn -0.6747 -0.7082 0.2077
vn -0.8075 0.5502 0.2126
vn -0.5275 -0.8325 0.1696
vn -0.8941 0.3774 0.2413
vn -0.3596 -0.9247 0.1248
vn -0.9464 0.1904 0.2609
vn -0.0113 0.9997 -0.0226
vn -0.1776 -0.9812 0.0752
vn -0.9627 -0.0038 0.2704
vn -0.1997 0.9794 0.0308
vn -0.9424 -0.1979 0.2697
vn -0.3802 0.9212 0.0830
vn -0.8861 -0.3847 0.2587
vn -0.5457 0.8275 0.1319
vn -0.7957 -0.5570 0.2378
vn -0.6900 0.7022 0.1757
vn -0.2097 0.9774 -0.0254
vn -0.9752 -0.2043 0.0851
vn -0.3964 0.9180 -0.0082
vn -0.9163 -0.3905 0.0884
vn -0.5676 0.8233 0.0092
vn -0.8223 -0.5621 0.0884
vn -0.7166 0.6970 0.0263
vn -0.6965 -0.7125 0.0850
vn -0.8378 0.5443 0.0423
vn -0.5437 -0.8356 0.0783
vn -0.9269 0.3710 0.0567
vn -0.3696 -0.9267 0.0686
vn -0.9806 0.1838 0.0689
vn -0.0147 0.9990 -0.0416
vn -0.1810 -0.9819 0.0562
vn -0.9969 -0.0104 0.0785
vn -0.8344 0.5355 -0.1305
vn -0.5419 -0.8403 -0.0143
vn -0.9232 0.3614 -0.1307
vn -0.3685 -0.9296 0.0115
vn -0.9767 0.1738 -0.1259
vn -0.0143 0.9980 -0.0609
vn -0.1806 -0.9829 0.0369
vn -0.9930 -0.0204 -0.1163
vn -0.2086 0.9745 -0.0825
vn -0.9715 -0.2138 -0.1023
vn -0.3946 0.9133 -0.1009
vn -0.9129 -0.3994 -0.0844
vn -0.5651 0.8169 -0.1153
vn -0.8193 -0.5699 -0.0632
vn -0.7136 0.6893 -0.1253
vn -0.6941 -0.7188 -0.0395
vn -0.9314 -0.2262 -0.2852
vn -0.3748 0.9072 -0.1913
vn -0.8759 -0.4108 -0.2531
vn -0.5384 0.8087 -0.2369
vn -0.7868 -0.5799 -0.2112
vn -0.6811 0.6793 -0.2733
vn -0.6674 -0.7271 -0.1611
vn -0.7974 0.5240 -0.2992
vn -0.5220 -0.8465 -0.1047
vn -0.8831 0.3490 -0.3136
vn -0.3563 -0.9333 -0.0442
vn -0.9350 0.1609 -0.3161
vn -0.0102 0.9968 -0.0797
vn -0.1765 -0.9841 0.0181
vn -0.9513 -0.0332 -0.3065
vn -0.1964 0.9707 -0.1382
vn -0.4850 -0.8538 -0.1894
vn -0.8081 0.3343 -0.4850
vn -0.3334 -0.9378 -0.0964
vn -0.8570 0.1456 -0.4943
vn -0.0024 0.9952 -0.0973
vn -0.1688 -0.9857 0.0004
vn -0.8733 -0.0486 -0.4847
vn -0.1735 0.9663 -0.1904
vn -0.8564 -0.2410 -0.4566
vn -0.3377 0.8999 -0.2760
vn -0.8068 -0.4244 -0.4111
vn -0.4886 0.7989 -0.3508
vn -0.7262 -0.5918 -0.3498
vn -0.6204 0.6673 -0.4120
vn -0.6176 -0.7369 -0.2750
vn -0.7282 0.5104 -0.4573
vn -0.2848 0.8917 -0.3518
vn -0.7081 -0.4397 -0.5525
vn -0.4175 0.7879 -0.4527
vn -0.6396 -0.6052 -0.4739
vn -0.5339 0.6539 -0.5360
vn -0.5465 -0.7479 -0.3769
vn -0.6296 0.4952 -0.5987
vn -0.4321 -0.8619 -0.2652
vn -0.7011 0.3177 -0.6383
vn -0.3008 -0.9429 -0.1431
vn -0.7458 0.1284 -0.6536
vn 0.0086 0.9935 -0.1131
vn -0.1578 -0.9874 -0.0153
vn -0.7621 -0.0658 -0.6441
vn -0.1409 0.9612 -0.2371
vn -0.7494 -0.2575 -0.6099
vn -0.5663 0.3000 -0.7677
vn -0.2598 -0.9483 -0.1825
vn -0.6057 0.1100 -0.7881
vn 0.0224 0.9917 -0.1264
vn -0.1439 -0.9892 -0.0286
vn -0.6220 -0.0842 -0.7785
vn -0.0999 0.9558 -0.2765
vn -0.6146 -0.2752 -0.7393
vn -0.2182 0.8829 -0.4157
vn -0.5838 -0.4560 -0.6718
vn -0.3279 0.7761 -0.5386
vn -0.5305 -0.6196 -0.5785
vn -0.4248 0.6396 -0.6407
vn -0.4569 -0.7596 -0.4628
vn -0.5053 0.4788 -0.7179
vn -0.3655 -0.8707 -0.3291
vn -0.4385 -0.4728 -0.7644
vn -0.2232 0.7640 -0.6053
vn -0.4031 -0.6343 -0.6597
vn -0.2974 0.6249 -0.7219
vn -0.3522 -0.7717 -0.5295
vn -0.3600 0.4621 -0.8105
vn -0.2876 -0.8797 -0.3787
vn -0.4087 0.2819 -0.8680
vn -0.2118 -0.9538 -0.2131
vn -0.4419 0.0911 -0.8924
vn 0.0386 0.9899 -0.1367
vn -0.1277 -0.9910 -0.0390
vn -0.4582 -0.1031 -0.8829
vn -0.0519 0.9503 -0.3070
vn -0.4571 -0.2934 -0.8396
vn -0.1403 0.8740 -0.4653
vn -0.1588 -0.9593 -0.2336
vn -0.2608 0.0724 -0.9627
vn 0.0566 0.9880 -0.1437
vn -0.1098 -0.9929 -0.0459
vn -0.2771 -0.1218 -0.9531
vn 0.0011 0.9448 -0.3276
vn -0.2829 -0.3114 -0.9072
vn -0.0543 0.8651 -0.4987
vn -0.2779 -0.4893 -0.8267
vn -0.1075 0.7521 -0.6502
vn -0.2622 -0.6488 -0.7144
vn -0.1565 0.6104 -0.7765
vn -0.2364 -0.7837 -0.5744
vn -0.1994 0.4455 -0.8728
vn -0.2015 -0.8886 -0.4121
vn -0.2346 0.2639 -0.9356
vt 0.750000 0.062500
vt 0.750000 0.125000
vt 0.718750 0.125000
vt 0.718750 0.062500
vt 0.750000 0.500000
vt 0.750000 0.562500
vt 0.718750 0.562500
vt 0.718750 0.500000
vt 0.750000 0.937500
vt 0.734375 1.000000
vt 0.718750 0.937500
vt 0.734375 0.000000
vt 0.750000 0.437500
vt 0.718750 0.437500
vt 0.750000 0.875000
vt 0.718750 0.875000
vt 0.750000 0.375000
vt 0.718750 0.375000
vt 0.750000 0.812500
vt 0.718750 0.812500
vt 0.750000 0.312500
vt 0.718750 0.312500
vt 0.750000 0.750000
vt 0.718750 0.750000
vt 0.750000 0.250000
vt 0.718750 0.250000
vt 0.750000 0.687500
vt 0.718750 0.687500
vt 0.750000 0.187500
vt 0.718750 0.187500
vt 0.750000 0.625000
vt 0.718750 0.625000
vt 0.687500 0.687500
vt 0.687500 0.625000
vt 0.687500 0.187500
vt 0.687500 0.125000
vt 0.687500 0.562500
vt 0.687500 0.062500
vt 0.687500 0.500000
vt 0.703125 1.000000
vt 0.687500 0.937500
vt 0.703125 0.000000
vt 0.687500 0.437500
vt 0.687500 0.875000
vt 0.687500 0.375000
vt 0.687500 0.812500
vt 0.687500 0.312500
vt 0.687500 0.750000
vt 0.687500 0.250000
vt 0.656250 0.437500
vt 0.656250 0.375000
vt 0.656250 0.875000
vt 0.656250 0.812500
vt 0.656250 0.312500
vt 0.656250 0.750000
vt 0.656250 0.250000
vt 0.656250 0.687500
vt 0.656250 0.187500
vt 0.656250 0.625000
vt 0.656250 0.125000
vt 0.656250 0.562500
vt 0.656250 0.062500
vt 0.656250 0.500000
vt 0.671875 1.000000
vt 0.656250 0.937500
vt 0.671875 0.000000
vt 0.625000 0.187500
vt 0.625000 0.125000
vt 0.625000 0.625000
vt 0.625000 0.562500
vt 0.625000 0.062500
vt 0.625000 0.500000
vt 0.640625 1.000000
vt 0.625000 0.937500
vt 0.640625 0.000000
vt 0.625000 0.437500
vt 0.625000 0.875000
vt 0.625000 0.375000
vt 0.625000 0.812500
vt 0.625000 0.312500
vt 0.625000 0.750000
vt 0.625000 0.250000
vt 0.625000 0.687500
vt 0.593750 0.375000
vt 0.593750 0.312500
vt 0.593750 0.812500
vt 0.593750 0.750000
vt 0.593750 0.250000
vt 0.593750 0.687500
vt 0.593750 0.187500
vt 0.593750 0.625000
vt 0.593750 0.125000
vt 0.593750 0.562500
vt 0.593750 0.062500
vt 0.593750 0.500000
vt 0.609375 1.000000
vt 0.593750 0.937500
vt 0.609375 0.000000
vt 0.593750 0.437500
vt 0.593750 0.875000
vt 0.562500 0.125000
vt 0.562500 0.062500
vt 0.562500 0.562500
vt 0.562500 0.500000
vt 0.578125 1.000000
vt 0.562500 0.937500
vt 0.578125 0.000000
vt 0.562500 0.437500
vt 0.562500 0.875000
vt 0.562500 0.375000
vt 0.562500 0.812500
vt 0.562500 0.312500
vt 0.562500 0.750000
vt 0.562500 0.250000
vt 0.562500 0.687500
vt 0.562500 0.187500
vt 0.562500 0.625000
vt 0.531250 0.812500
vt 0.531250 0.750000
vt 0.531250 0.312500
vt 0.531250 0.250000
vt 0.531250 0.687500
vt 0.531250 0.187500
vt 0.531250 0.625000
vt 0.531250 0.125000
vt 0.531250 0.562500
vt 0.531250 0.062500
vt 0.531250 0.500000
vt 0.546875 1.000000
vt 0.531250 0.937500
vt 0.546875 0.000000
vt 0.531250 0.437500
vt 0.531250 0.875000
vt 0.531250 0.375000
vt 0.500000 0.562500
vt 0.500000 0.500000
vt 0.515625 1.000000
vt 0.500000 0.937500
vt 0.515625 0.000000
vt 0.500000 0.062500
vt 0.500000 0.437500
vt 0.500000 0.875000
vt 0.500000 0.375000
vt 0.500000 0.812500
vt 0.500000 0.312500
vt 0.500000 0.750000
vt 0.500000 0.250000
vt 0.500000 0.687500
vt 0.500000 0.187500
vt 0.500000 0.625000
vt 0.500000 0.125000
vt 0.468750 0.312500
vt 0.468750 0.250000
vt 0.468750 0.750000
vt 0.468750 0.687500
vt 0.468750 0.187500
vt 0.468750 0.625000
vt 0.468750 0.125000
vt 0.468750 0.562500
vt 0.468750 0.062500
vt 0.468750 0.500000
vt 0.484375 1.000000
vt 0.468750 0.937500
vt 0.484375 0.000000
vt 0.468750 0.437500
vt 0.468750 0.875000
vt 0.468750 0.375000
vt 0.468750 0.812500
vt 0.453125 1.000000
vt 0.437500 0.937500
vt 0.453125 0.000000
vt 0.437500 0.062500
vt 0.437500 0.500000
vt 0.437500 0.437500
vt 0.437500 0.875000
vt 0.437500 0.375000
vt 0.437500 0.812500
vt 0.437500 0.312500
vt 0.437500 0.750000
vt 0.437500 0.250000
vt 0.437500 0.687500
vt 0.437500 0.187500
vt 0.437500 0.625000
vt 0.437500 0.125000
vt 0.437500 0.562500
vt 0.406250 0.750000
vt 0.406250 0.687500
vt 0.406250 0.250000
vt 0.406250 0.187500
vt 0.406250 0.625000
vt 0.406250 0.125000
vt 0.406250 0.562500
vt 0.406250 0.062500
vt 0.406250 0.500000
vt 0.421875 1.000000
vt 0.406250 0.937500
vt 0.421875 0.000000
vt 0.406250 0.437500
vt 0.406250 0.875000
vt 0.406250 0.375000
vt 0.406250 0.812500
vt 0.406250 0.312500
vt 0.375000 0.500000
vt 0.375000 0.437500
vt 0.375000 0.937500
vt 0.375000 0.875000
vt 0.375000 0.375000
vt 0.375000 0.812500
vt 0.375000 0.312500
vt 0.375000 0.750000
vt 0.375000 0.250000
vt 0.375000 0.687500
vt 0.375000 0.187500
vt 0.375000 0.625000
vt 0.375000 0.125000
vt 0.375000 0.562500
vt 0.375000 0.062500
vt 0.390625 1.000000
vt 0.390625 0.000000
vt 0.343750 0.250000
vt 0.343750 0.187500
vt 0.343750 0.687500
vt 0.343750 0.625000
vt 0.343750 0.125000
vt 0.343750 0.562500
vt 0.343750 0.062500
vt 0.343750 0.500000
vt 0.359375 1.000000
vt 0.343750 0.937500
vt 0.359375 0.000000
vt 0.343750 0.437500
vt 0.343750 0.875000
vt 0.343750 0.375000
vt 0.343750 0.812500
vt 0.343750 0.312500
vt 0.343750 0.750000
vt 0.312500 0.437500
vt 0.312500 0.375000
vt 0.312500 0.875000
vt 0.312500 0.812500
vt 0.312500 0.312500
vt 0.312500 0.750000
vt 0.312500 0.250000
vt 0.312500 0.687500
vt 0.312500 0.187500
vt 0.312500 0.625000
vt 0.312500 0.125000
vt 0.312500 0.562500
vt 0.312500 0.062500
vt 0.312500 0.500000
vt 0.328125 1.000000
vt 0.312500 0.937500
vt 0.328125 0.000000
vt 0.281250 0.187500
vt 0.281250 0.125000
vt 0.281250 0.625000
vt 0.281250 0.562500
vt 0.281250 0.062500
vt 0.281250 0.500000
vt 0.296875 1.000000
vt 0.281250 0.937500
vt 0.296875 0.000000
vt 0.281250 0.437500
vt 0.281250 0.875000
vt 0.281250 0.375000
vt 0.281250 0.812500
vt 0.281250 0.312500
vt 0.281250 0.750000
vt 0.281250 0.250000
vt 0.281250 0.687500
vt 0.250000 0.875000
vt 0.250000 0.812500
vt 0.250000 0.375000
vt 0.250000 0.312500
vt 0.250000 0.750000
vt 0.250000 0.250000
vt 0.250000 0.687500
vt 0.250000 0.187500
vt 0.250000 0.625000
vt 0.250000 0.125000
vt 0.250000 0.562500
vt 0.250000 0.062500
vt 0.250000 0.500000
vt 0.265625 1.000000
vt 0.250000 0.937500
vt 0.265625 0.000000
vt 0.250000 0.437500
vt 0.218750 0.625000
vt 0.218750 0.562500
vt 0.218750 0.125000
vt 0.218750 0.062500
vt 0.218750 0.500000
vt 0.234375 1.000000
vt 0.218750 0.937500
vt 0.234375 0.000000
vt 0.218750 0.437500
vt 0.218750 0.875000
vt 0.218750 0.375000
vt 0.218750 0.812500
vt 0.218750 0.312500
vt 0.218750 0.750000
vt 0.218750 0.250000
vt 0.218750 0.687500
vt 0.218750 0.187500
vt 0.187500 0.375000
vt 0.187500 0.312500
vt 0.187500 0.812500
vt 0.187500 0.750000
vt 0.187500 0.250000
vt 0.187500 0.687500
vt 0.187500 0.187500
vt 0.187500 0.625000
vt 0.187500 0.125000
vt 0.187500 0.562500
vt 0.187500 0.062500
vt 0.187500 0.500000
vt 0.203125 1.000000
vt 0.187500 0.937500
vt 0.203125 0.000000
vt 0.187500 0.437500
vt 0.187500 0.875000
vt 0.156250 0.125000
vt 0.156250 0.062500
vt 0.156250 0.562500
vt 0.156250 0.500000
vt 0.171875 1.000000
vt 0.156250 0.937500
vt 0.171875 0.000000
vt 0.156250 0.437500
vt 0.156250 0.875000
vt 0.156250 0.375000
vt 0.156250 0.812500
vt 0.156250 0.312500
vt 0.156250 0.750000
vt 0.156250 0.250000
vt 0.156250 0.687500
vt 0.156250 0.187500
vt 0.156250 0.625000
vt 0.125000 0.812500
vt 0.125000 0.750000
vt 0.125000 0.312500
vt 0.125000 0.250000
vt 0.125000 0.687500
vt 0.125000 0.187500
vt 0.125000 0.625000
vt 0.125000 0.125000
vt 0.125000 0.562500
vt 0.125000 0.062500
vt 0.125000 0.500000
vt 0.140625 1.000000
vt 0.125000 0.937500
vt 0.140625 0.000000
vt 0.125000 0.437500
vt 0.125000 0.875000
vt 0.125000 0.375000
vt 0.093750 0.562500
vt 0.093750 0.500000
vt 0.109375 1.000000
vt 0.093750 0.937500
vt 0.109375 0.000000
vt 0.093750 0.062500
vt 0.093750 0.437500
vt 0.093750 0.875000
vt 0.093750 0.375000
vt 0.093750 0.812500
vt 0.093750 0.312500
vt 0.093750 0.750000
vt 0.093750 0.250000
vt 0.093750 0.687500
vt 0.093750 0.187500
vt 0.093750 0.625000
vt 0.093750 0.125000
vt 0.062500 0.312500
vt 0.062500 0.250000
vt 0.062500 0.750000
vt 0.062500 0.687500
vt 0.062500 0.187500
vt 0.062500 0.625000
vt 0.062500 0.125000
vt 0.062500 0.562500
vt 0.062500 0.062500
vt 0.062500 0.500000
vt 0.078125 1.000000
vt 0.062500 0.937500
vt 0.078125 0.000000
vt 0.062500 0.437500
vt 0.062500 0.875000
vt 0.062500 0.375000
vt 0.062500 0.812500
vt 0.046875 0.000000
vt 0.031250 0.062500
vt 0.031250 0.500000
vt 0.031250 0.437500
vt 0.031250 0.937500
vt 0.031250 0.875000
vt 0.031250 0.375000
vt 0.031250 0.812500
vt 0.031250 0.312500
vt 0.031250 0.750000
vt 0.031250 0.250000
vt 0.031250 0.687500
vt 0.031250 0.187500
vt 0.031250 0.625000
vt 0.031250 0.125000
vt 0.031250 0.562500
vt 0.046875 1.000000
vt 0.000000 0.250000
vt 0.000000 0.187500
vt 0.000000 0.687500
vt 0.000000 0.625000
vt 0.000000 0.125000
vt 0.000000 0.562500
vt 0.000000 0.062500
vt 0.000000 0.500000
vt 0.015625 1.000000
vt 0.000000 0.937500
vt 0.015625 0.000000
vt 0.000000 0.437500
vt 0.000000 0.875000
vt 0.000000 0.375000
vt 0.000000 0.812500
vt 0.000000 0.312500
vt 0.000000 0.750000
vt 1.000000 0.875000
vt 1.000000 0.937500
vt 0.968750 0.937500
vt 0.968750 0.875000
vt 1.000000 0.375000
vt 1.000000 0.437500
vt 0.968750 0.437500
vt 0.968750 0.375000
vt 1.000000 0.812500
vt 0.968750 0.812500
vt 1.000000 0.312500
vt 0.968750 0.312500
vt 1.000000 0.750000
vt 0.968750 0.750000
vt 1.000000 0.250000
vt 0.968750 0.250000
vt 1.000000 0.687500
vt 0.968750 0.687500
vt 1.000000 0.187500
vt 0.968750 0.187500
vt 1.000000 0.625000
vt 0.968750 0.625000
vt 1.000000 0.125000
vt 0.968750 0.125000
vt 1.000000 0.562500
vt 0.968750 0.562500
vt 1.000000 0.062500
vt 0.968750 0.062500
vt 1.000000 0.500000
vt 0.968750 0.500000
vt 0.984375 1.000000
vt 0.984375 0.000000
vt 0.937500 0.687500
vt 0.937500 0.625000
vt 0.937500 0.187500
vt 0.937500 0.125000
vt 0.937500 0.562500
vt 0.937500 0.062500
vt 0.937500 0.500000
vt 0.953125 1.000000
vt 0.937500 0.937500
vt 0.953125 0.000000
vt 0.937500 0.437500
vt 0.937500 0.875000
vt 0.937500 0.375000
vt 0.937500 0.812500
vt 0.937500 0.312500
vt 0.937500 0.750000
vt 0.937500 0.250000
vt 0.906250 0.437500
vt 0.906250 0.375000
vt 0.906250 0.875000
vt 0.906250 0.812500
vt 0.906250 0.312500
vt 0.906250 0.750000
vt 0.906250 0.250000
vt 0.906250 0.687500
vt 0.906250 0.187500
vt 0.906250 0.625000
vt 0.906250 0.125000
vt 0.906250 0.562500
vt 0.906250 0.062500
vt 0.906250 0.500000
vt 0.921875 1.000000
vt 0.906250 0.937500
vt 0.921875 0.000000
vt 0.875000 0.187500
vt 0.875000 0.125000
vt 0.875000 0.625000
vt 0.875000 0.562500
vt 0.875000 0.062500
vt 0.875000 0.500000
vt 0.890625 1.000000
vt 0.875000 0.937500
vt 0.890625 0.000000
vt 0.875000 0.437500
vt 0.875000 0.875000
vt 0.875000 0.375000
vt 0.875000 0.812500
vt 0.875000 0.312500
vt 0.875000 0.750000
vt 0.875000 0.250000
vt 0.875000 0.687500
vt 0.843750 0.875000
vt 0.843750 0.812500
vt 0.843750 0.375000
vt 0.843750 0.312500
vt 0.843750 0.750000
vt 0.843750 0.250000
vt 0.843750 0.687500
vt 0.843750 0.187500
vt 0.843750 0.625000
vt 0.843750 0.125000
vt 0.843750 0.562500
vt 0.843750 0.062500
vt 0.843750 0.500000
vt 0.859375 1.000000
vt 0.843750 0.937500
vt 0.859375 0.000000
vt 0.843750 0.437500
vt 0.812500 0.625000
vt 0.812500 0.562500
vt 0.812500 0.125000
vt 0.812500 0.062500
vt 0.812500 0.500000
vt 0.828125 1.000000
vt 0.812500 0.937500
vt 0.828125 0.000000
vt 0.812500 0.437500
vt 0.812500 0.875000
vt 0.812500 0.375000
vt 0.812500 0.812500
vt 0.812500 0.312500
vt 0.812500 0.750000
vt 0.812500 0.250000
vt 0.812500 0.687500
vt 0.812500 0.187500
vt 0.781250 0.375000
vt 0.781250 0.312500
vt 0.781250 0.812500
vt 0.781250 0.750000
vt 0.781250 0.250000
vt 0.781250 0.687500
vt 0.781250 0.187500
vt 0.781250 0.625000
vt 0.781250 0.125000
vt 0.781250 0.562500
vt 0.781250 0.062500
vt 0.781250 0.500000
vt 0.796875 1.000000
vt 0.781250 0.937500
vt 0.796875 0.000000
vt 0.781250 0.437500
vt 0.781250 0.875000
vt 0.765625 1.000000
vt 0.765625 0.000000
s 0
usemtl tree
f 2110/2439/1362 2109/2440/1362 1648/2441/1362 1649/2442/1362
f 1632/2443/1363 1631/2444/1363 1641/2445/1363 1642/2446/1363
f 2102/2447/1364 1710/2448/1364 1635/2449/1364
f 1936/2450/1365 2110/2439/1365 1649/2442/1365
f 1633/2451/1366 1632/2443/1366 1642/2446/1366 1643/2452/1366
f 2103/2453/1367 2102/2447/1367 1635/2449/1367 1636/2454/1367
f 2106/2455/1368 1633/2451/1368 1643/2452/1368 1644/2456/1368
f 1629/2457/1369 2103/2453/1369 1636/2454/1369 1637/2458/1369
f 1634/2459/1370 2106/2455/1370 1644/2456/1370 1645/2460/1370
f 2104/2461/1371 1629/2457/1371 1637/2458/1371 1638/2462/1371
f 2107/2463/1372 1634/2459/1372 1645/2460/1372 1646/2464/1372
f 1630/2465/1373 2104/2461/1373 1638/2462/1373 1639/2466/1373
f 2108/2467/1374 2107/2463/1374 1646/2464/1374 1647/2468/1374
f 2105/2469/1375 1630/2465/1375 1639/2466/1375 1640/2470/1375
f 2109/2440/1376 2108/2467/1376 1647/2468/1376 1648/2441/1376
f 1631/2444/1377 2105/2469/1377 1640/2470/1377 1641/2445/1377
f 1640/2470/1378 1639/2466/1378 1654/2471/1378 1655/2472/1378
f 1648/2441/1379 1647/2468/1379 1662/2473/1379 1663/2474/1379
f 1641/2445/1380 1640/2470/1380 1655/2472/1380 1656/2475/1380
f 1649/2442/1381 1648/2441/1381 1663/2474/1381 1664/2476/1381
f 1642/2446/1382 1641/2445/1382 1656/2475/1382 1657/2477/1382
f 1635/2449/1383 1710/2478/1383 1650/2479/1383
f 1936/2480/1384 1649/2442/1384 1664/2476/1384
f 1643/2452/1385 1642/2446/1385 1657/2477/1385 1658/2481/1385
f 1636/2454/1386 1635/2449/1386 1650/2479/1386 1651/2482/1386
f 1644/2456/1387 1643/2452/1387 1658/2481/1387 1659/2483/1387
f 1637/2458/1388 1636/2454/1388 1651/2482/1388 1652/2484/1388
f 1645/2460/1389 1644/2456/1389 1659/2483/1389 1660/2485/1389
f 1638/2462/1390 1637/2458/1390 1652/2484/1390 1653/2486/1390
f 1646/2464/1391 1645/2460/1391 1660/2485/1391 1661/2487/1391
f 1639/2466/1392 1638/2462/1392 1653/2486/1392 1654/2471/1392
f 1647/2468/1393 1646/2464/1393 1661/2487/1393 1662/2473/1393
f 1659/2483/1394 1658/2481/1394 1673/2488/1394 1674/2489/1394
f 1652/2484/1395 1651/2482/1395 1666/2490/1395 1667/2491/1395
f 1660/2485/1396 1659/2483/1396 1674/2489/1396 1675/2492/1396
f 1653/2486/1397 1652/2484/1397 1667/2491/1397 1668/2493/1397
f 1661/2487/1398 1660/2485/1398 1675/2492/1398 1676/2494/1398
f 1654/2471/1399 1653/2486/1399 1668/2493/1399 1669/2495/1399
f 1662/2473/1400 1661/2487/1400 1676/2494/1400 1677/2496/1400
f 1655/2472/1401 1654/2471/1401 1669/2495/1401 1670/2497/1401
f 1663/2474/1402 1662/2473/1402 1677/2496/1402 1678/2498/1402
f 1656/2475/1403 1655/2472/1403 1670/2497/1403 1671/2499/1403
f 1664/2476/1404 1663/2474/1404 1678/2498/1404 1679/2500/1404
f 1657/2477/1405 1656/2475/1405 1671/2499/1405 1672/2501/1405
f 1650/2479/1406 1710/2502/1406 1665/2503/1406
f 1936/2504/1407 1664/2476/1407 1679/2500/1407
f 1658/2481/1408 1657/2477/1408 1672/2501/1408 1673/2488/1408
f 1651/2482/1409 1650/2479/1409 1665/2503/1409 1666/2490/1409
f 1678/2498/1410 1677/2496/1410 1692/2505/1410 1693/2506/1410
f 1671/2499/1411 1670/2497/1411 1685/2507/1411 1686/2508/1411
f 1679/2500/1412 1678/2498/1412 1693/2506/1412 1694/2509/1412
f 1672/2501/1413 1671/2499/1413 1686/2508/1413 1687/2510/1413
f 1665/2503/1414 1710/2511/1414 1680/2512/1414
f 1936/2513/1415 1679/2500/1415 1694/2509/1415
f 1673/2488/1416 1672/2501/1416 1687/2510/1416 1688/2514/1416
f 1666/2490/1417 1665/2503/1417 1680/2512/1417 1681/2515/1417
f 1674/2489/1418 1673/2488/1418 1688/2514/1418 1689/2516/1418
f 1667/2491/1419 1666/2490/1419 1681/2515/1419 1682/2517/1419
f 1675/2492/1420 1674/2489/1420 1689/2516/1420 1690/2518/1420
f 1668/2493/1421 1667/2491/1421 1682/2517/1421 1683/2519/1421
f 1676/2494/1422 1675/2492/1422 1690/2518/1422 1691/2520/1422
f 1669/2495/1423 1668/2493/1423 1683/2519/1423 1684/2521/1423
f 1677/2496/1424 1676/2494/1424 1691/2520/1424 1692/2505/1424
f 1670/2497/1425 1669/2495/1425 1684/2521/1425 1685/2507/1425
f 1690/2518/1426 1689/2516/1426 1704/2522/1426 1705/2523/1426
f 1683/2519/1427 1682/2517/1427 1697/2524/1427 1698/2525/1427
f 1691/2520/1428 1690/2518/1428 1705/2523/1428 1706/2526/1428
f 1684/2521/1429 1683/2519/1429 1698/2525/1429 1699/2527/1429
f 1692/2505/1430 1691/2520/1430 1706/2526/1430 1707/2528/1430
f 1685/2507/1431 1684/2521/1431 1699/2527/1431 1700/2529/1431
f 1693/2506/1432 1692/2505/1432 1707/2528/1432 1708/2530/1432
f 1686/2508/1433 1685/2507/1433 1700/2529/1433 1701/2531/1433
f 1694/2509/1434 1693/2506/1434 1708/2530/1434 1709/2532/1434
f 1687/2510/1435 1686/2508/1435 1701/2531/1435 1702/2533/1435
f 1680/2512/1436 1710/2534/1436 1695/2535/1436
f 1936/2536/1437 1694/2509/1437 1709/2532/1437
f 1688/2514/1438 1687/2510/1438 1702/2533/1438 1703/2537/1438
f 1681/2515/1439 1680/2512/1439 1695/2535/1439 1696/2538/1439
f 1689/2516/1440 1688/2514/1440 1703/2537/1440 1704/2522/1440
f 1682/2517/1441 1681/2515/1441 1696/2538/1441 1697/2524/1441
f 1709/2532/1442 1708/2530/1442 1724/2539/1442 1725/2540/1442
f 1702/2533/1443 1701/2531/1443 1717/2541/1443 1718/2542/1443
f 1695/2535/1444 1710/2543/1444 1711/2544/1444
f 1936/2545/1445 1709/2532/1445 1725/2540/1445
f 1703/2537/1446 1702/2533/1446 1718/2542/1446 1719/2546/1446
f 1696/2538/1447 1695/2535/1447 1711/2544/1447 1712/2547/1447
f 1704/2522/1448 1703/2537/1448 1719/2546/1448 1720/2548/1448
f 1697/2524/1449 1696/2538/1449 1712/2547/1449 1713/2549/1449
f 1705/2523/1450 1704/2522/1450 1720/2548/1450 1721/2550/1450
f 1698/2525/1451 1697/2524/1451 1713/2549/1451 1714/2551/1451
f 1706/2526/1452 1705/2523/1452 1721/2550/1452 1722/2552/1452
f 1699/2527/1453 1698/2525/1453 1714/2551/1453 1715/2553/1453
f 1707/2528/1454 1706/2526/1454 1722/2552/1454 1723/2554/1454
f 1700/2529/1455 1699/2527/1455 1715/2553/1455 1716/2555/1455
f 1708/2530/1456 1707/2528/1456 1723/2554/1456 1724/2539/1456
f 1701/2531/1457 1700/2529/1457 1716/2555/1457 1717/2541/1457
f 1714/2551/1458 1713/2549/1458 1728/2556/1458 1729/2557/1458
f 1722/2552/1459 1721/2550/1459 1736/2558/1459 1737/2559/1459
f 1715/2553/1460 1714/2551/1460 1729/2557/1460 1730/2560/1460
f 1723/2554/1461 1722/2552/1461 1737/2559/1461 1738/2561/1461
f 1716/2555/1462 1715/2553/1462 1730/2560/1462 1731/2562/1462
f 1724/2539/1463 1723/2554/1463 1738/2561/1463 1739/2563/1463
f 1717/2541/1464 1716/2555/1464 1731/2562/1464 1732/2564/1464
f 1725/2540/1465 1724/2539/1465 1739/2563/1465 1740/2565/1465
f 1718/2542/1466 1717/2541/1466 1732/2564/1466 1733/2566/1466
f 1711/2544/1467 1710/2567/1467 1726/2568/1467
f 1936/2569/1468 1725/2540/1468 1740/2565/1468
f 1719/2546/1469 1718/2542/1469 1733/2566/1469 1734/2570/1469
f 1712/2547/1470 1711/2544/1470 1726/2568/1470 1727/2571/1470
f 1720/2548/1471 1719/2546/1471 1734/2570/1471 1735/2572/1471
f 1713/2549/1472 1712/2547/1472 1727/2571/1472 1728/2556/1472
f 1721/2550/1473 1720/2548/1473 1735/2572/1473 1736/2558/1473
f 1733/2566/1474 1732/2564/1474 1747/2573/1474 1748/2574/1474
f 1726/2568/1475 1710/2575/1475 1741/2576/1475
f 1936/2577/1476 1740/2565/1476 1755/2578/1476
f 1734/2570/1477 1733/2566/1477 1748/2574/1477 1749/2579/1477
f 1727/2571/1478 1726/2568/1478 1741/2576/1478 1742/2580/1478
f 1735/2572/1479 1734/2570/1479 1749/2579/1479 1750/2581/1479
f 1728/2556/1480 1727/2571/1480 1742/2580/1480 1743/2582/1480
f 1736/2558/1481 1735/2572/1481 1750/2581/1481 1751/2583/1481
f 1729/2557/1482 1728/2556/1482 1743/2582/1482 1744/2584/1482
f 1737/2559/1483 1736/2558/1483 1751/2583/1483 1752/2585/1483
f 1730/2560/1484 1729/2557/1484 1744/2584/1484 1745/2586/1484
f 1738/2561/1485 1737/2559/1485 1752/2585/1485 1753/2587/1485
f 1731/2562/1486 1730/2560/1486 1745/2586/1486 1746/2588/1486
f 1739/2563/1487 1738/2561/1487 1753/2587/1487 1754/2589/1487
f 1732/2564/1488 1731/2562/1488 1746/2588/1488 1747/2573/1488
f 1740/2565/1489 1739/2563/1489 1754/2589/1489 1755/2578/1489
f 1752/2585/1490 1751/2583/1490 1766/2590/1490 1767/2591/1490
f 1745/2586/1491 1744/2584/1491 1759/2592/1491 1760/2593/1491
f 1753/2587/1492 1752/2585/1492 1767/2591/1492 1768/2594/1492
f 1746/2588/1493 1745/2586/1493 1760/2593/1493 1761/2595/1493
f 1754/2589/1494 1753/2587/1494 1768/2594/1494 1769/2596/1494
f 1747/2573/1495 1746/2588/1495 1761/2595/1495 1762/2597/1495
f 1755/2578/1496 1754/2589/1496 1769/2596/1496 1770/2598/1496
f 1748/2574/1497 1747/2573/1497 1762/2597/1497 1763/2599/1497
f 1741/2576/1498 1710/2600/1498 1756/2601/1498
f 1936/2602/1499 1755/2578/1499 1770/2598/1499
f 1749/2579/1500 1748/2574/1500 1763/2599/1500 1764/2603/1500
f 1742/2580/1501 1741/2576/1501 1756/2601/1501 1757/2604/1501
f 1750/2581/1502 1749/2579/1502 1764/2603/1502 1765/2605/1502
f 1743/2582/1503 1742/2580/1503 1757/2604/1503 1758/2606/1503
f 1751/2583/1504 1750/2581/1504 1765/2605/1504 1766/2590/1504
f 1744/2584/1505 1743/2582/1505 1758/2606/1505 1759/2592/1505
f 1756/2601/1506 1710/2607/1506 1771/2608/1506
f 1936/2609/1507 1770/2598/1507 1785/2610/1507
f 1764/2603/1508 1763/2599/1508 1778/2611/1508 1779/2612/1508
f 1757/2604/1509 1756/2601/1509 1771/2608/1509 1772/2613/1509
f 1765/2605/1510 1764/2603/1510 1779/2612/1510 1780/2614/1510
f 1758/2606/1511 1757/2604/1511 1772/2613/1511 1773/2615/1511
f 1766/2590/1512 1765/2605/1512 1780/2614/1512 1781/2616/1512
f 1759/2592/1513 1758/2606/1513 1773/2615/1513 1774/2617/1513
f 1767/2591/1514 1766/2590/1514 1781/2616/1514 1782/2618/1514
f 1760/2593/1515 1759/2592/1515 1774/2617/1515 1775/2619/1515
f 1768/2594/1516 1767/2591/1516 1782/2618/1516 1783/2620/1516
f 1761/2595/1517 1760/2593/1517 1775/2619/1517 1776/2621/1517
f 1769/2596/1518 1768/2594/1518 1783/2620/1518 1784/2622/1518
f 1762/2597/1519 1761/2595/1519 1776/2621/1519 1777/2623/1519
f 1770/2598/1520 1769/2596/1520 1784/2622/1520 1785/2610/1520
f 1763/2599/1521 1762/2597/1521 1777/2623/1521 1778/2611/1521
f 1775/2619/1522 1774/2617/1522 1789/2624/1522 1790/2625/1522
f 1783/2620/1523 1782/2618/1523 1797/2626/1523 1798/2627/1523
f 1776/2621/1524 1775/2619/1524 1790/2625/1524 1791/2628/1524
f 1784/2622/1525 1783/2620/1525 1798/2627/1525 1799/2629/1525
f 1777/2623/1526 1776/2621/1526 1791/2628/1526 1792/2630/1526
f 1785/2610/1527 1784/2622/1527 1799/2629/1527 1800/2631/1527
f 1778/2611/1528 1777/2623/1528 1792/2630/1528 1793/2632/1528
f 1771/2608/1529 1710/2633/1529 1786/2634/1529
f 1936/2635/1530 1785/2610/1530 1800/2631/1530
f 1779/2612/1531 1778/2611/1531 1793/2632/1531 1794/2636/1531
f 1772/2613/1532 1771/2608/1532 1786/2634/1532 1787/2637/1532
f 1780/2614/1533 1779/2612/1533 1794/2636/1533 1795/2638/1533
f 1773/2615/1534 1772/2613/1534 1787/2637/1534 1788/2639/1534
f 1781/2616/1535 1780/2614/1535 1795/2638/1535 1796/2640/1535
f 1774/2617/1536 1773/2615/1536 1788/2639/1536 1789/2624/1536
f 1782/2618/1537 1781/2616/1537 1796/2640/1537 1797/2626/1537
f 1794/2636/1538 1793/2632/1538 1808/2641/1538 1809/2642/1538
f 1787/2637/1539 1786/2634/1539 1801/2643/1539 1802/2644/1539
f 1795/2638/1540 1794/2636/1540 1809/2642/1540 1810/2645/1540
f 1788/2639/1541 1787/2637/1541 1802/2644/1541 1803/2646/1541
f 1796/2640/1542 1795/2638/1542 1810/2645/1542 1811/2647/1542
f 1789/2624/1543 1788/2639/1543 1803/2646/1543 1804/2648/1543
f 1797/2626/1544 1796/2640/1544 1811/2647/1544 1812/2649/1544
f 1790/2625/1545 1789/2624/1545 1804/2648/1545 1805/2650/1545
f 1798/2627/1546 1797/2626/1546 1812/2649/1546 1813/2651/1546
f 1791/2628/1547 1790/2625/1547 1805/2650/1547 1806/2652/1547
f 1799/2629/1548 1798/2627/1548 1813/2651/1548 1814/2653/1548
f 1792/2630/1549 1791/2628/1549 1806/2652/1549 1807/2654/1549
f 1800/2631/1550 1799/2629/1550 1814/2653/1550 1815/2655/1550
f 1793/2632/1551 1792/2630/1551 1807/2654/1551 1808/2641/1551
f 1786/2634/1552 1710/2656/1552 1801/2643/1552
f 1936/2657/1553 1800/2631/1553 1815/2655/1553
f 1813/2651/1554 1812/2649/1554 1827/2658/1554 1828/2659/1554
f 1806/2652/1555 1805/2650/1555 1820/2660/1555 1821/2661/1555
f 1814/2653/1556 1813/2651/1556 1828/2659/1556 1829/2662/1556
f 1807/2654/1557 1806/2652/1557 1821/2661/1557 1822/2663/1557
f 1815/2655/1558 1814/2653/1558 1829/2662/1558 1830/2664/1558
f 1808/2641/1559 1807/2654/1559 1822/2663/1559 1823/2665/1559
f 1801/2643/1560 1710/2666/1560 1816/2667/1560
f 1936/2668/1561 1815/2655/1561 1830/2664/1561
f 1809/2642/1562 1808/2641/1562 1823/2665/1562 1824/2669/1562
f 1802/2644/1563 1801/2643/1563 1816/2667/1563 1817/2670/1563
f 1810/2645/1564 1809/2642/1564 1824/2669/1564 1825/2671/1564
f 1803/2646/1565 1802/2644/1565 1817/2670/1565 1818/2672/1565
f 1811/2647/1566 1810/2645/1566 1825/2671/1566 1826/2673/1566
f 1804/2648/1567 1803/2646/1567 1818/2672/1567 1819/2674/1567
f 1812/2649/1568 1811/2647/1568 1826/2673/1568 1827/2658/1568
f 1805/2650/1569 1804/2648/1569 1819/2674/1569 1820/2660/1569
f 1825/2671/1570 1824/2669/1570 1839/2675/1570 1840/2676/1570
f 1818/2672/1571 1817/2670/1571 1832/2677/1571 1833/2678/1571
f 1826/2673/1572 1825/2671/1572 1840/2676/1572 1841/2679/1572
f 1819/2674/1573 1818/2672/1573 1833/2678/1573 1834/2680/1573
f 1827/2658/1574 1826/2673/1574 1841/2679/1574 1842/2681/1574
f 1820/2660/1575 1819/2674/1575 1834/2680/1575 1835/2682/1575
f 1828/2659/1576 1827/2658/1576 1842/2681/1576 1843/2683/1576
f 1821/2661/1577 1820/2660/1577 1835/2682/1577 1836/2684/1577
f 1829/2662/1578 1828/2659/1578 1843/2683/1578 1844/2685/1578
f 1822/2663/1579 1821/2661/1579 1836/2684/1579 1837/2686/1579
f 1830/2664/1580 1829/2662/1580 1844/2685/1580 1845/2687/1580
f 1823/2665/1581 1822/2663/1581 1837/2686/1581 1838/2688/1581
f 1816/2667/1582 1710/2689/1582 1831/2690/1582
f 1936/2691/1583 1830/2664/1583 1845/2687/1583
f 1824/2669/1584 1823/2665/1584 1838/2688/1584 1839/2675/1584
f 1817/2670/1585 1816/2667/1585 1831/2690/1585 1832/2677/1585
f 1844/2685/1586 1843/2683/1586 1858/2692/1586 1859/2693/1586
f 1837/2686/1587 1836/2684/1587 1851/2694/1587 1852/2695/1587
f 1845/2687/1588 1844/2685/1588 1859/2693/1588 1860/2696/1588
f 1838/2688/1589 1837/2686/1589 1852/2695/1589 1853/2697/1589
f 1831/2690/1590 1710/2698/1590 1846/2699/1590
f 1936/2700/1591 1845/2687/1591 1860/2696/1591
f 1839/2675/1592 1838/2688/1592 1853/2697/1592 1854/2701/1592
f 1832/2677/1593 1831/2690/1593 1846/2699/1593 1847/2702/1593
f 1840/2676/1594 1839/2675/1594 1854/2701/1594 1855/2703/1594
f 1833/2678/1595 1832/2677/1595 1847/2702/1595 1848/2704/1595
f 1841/2679/1596 1840/2676/1596 1855/2703/1596 1856/2705/1596
f 1834/2680/1597 1833/2678/1597 1848/2704/1597 1849/2706/1597
f 1842/2681/1598 1841/2679/1598 1856/2705/1598 1857/2707/1598
f 1835/2682/1599 1834/2680/1599 1849/2706/1599 1850/2708/1599
f 1843/2683/1600 1842/2681/1600 1857/2707/1600 1858/2692/1600
f 1836/2684/1601 1835/2682/1601 1850/2708/1601 1851/2694/1601
f 1848/2704/1602 1847/2702/1602 1862/2709/1602 1863/2710/1602
f 1856/2705/1603 1855/2703/1603 1870/2711/1603 1871/2712/1603
f 1849/2706/1604 1848/2704/1604 1863/2710/1604 1864/2713/1604
f 1857/2707/1605 1856/2705/1605 1871/2712/1605 1872/2714/1605
f 1850/2708/1606 1849/2706/1606 1864/2713/1606 1865/2715/1606
f 1858/2692/1607 1857/2707/1607 1872/2714/1607 1873/2716/1607
f 1851/2694/1608 1850/2708/1608 1865/2715/1608 1866/2717/1608
f 1859/2693/1609 1858/2692/1609 1873/2716/1609 1874/2718/1609
f 1852/2695/1610 1851/2694/1610 1866/2717/1610 1867/2719/1610
f 1860/2696/1611 1859/2693/1611 1874/2718/1611 1875/2720/1611
f 1853/2697/1612 1852/2695/1612 1867/2719/1612 1868/2721/1612
f 1846/2699/1613 1710/2722/1613 1861/2723/1613
f 1936/2724/1614 1860/2696/1614 1875/2720/1614
f 1854/2701/1615 1853/2697/1615 1868/2721/1615 1869/2725/1615
f 1847/2702/1616 1846/2699/1616 1861/2723/1616 1862/2709/1616
f 1855/2703/1617 1854/2701/1617 1869/2725/1617 1870/2711/1617
f 1867/2719/1618 1866/2717/1618 1881/2726/1618 1882/2727/1618
f 1875/2720/1619 1874/2718/1619 1889/2728/1619 1890/2729/1619
f 1868/2721/1620 1867/2719/1620 1882/2727/1620 1883/2730/1620
f 1861/2723/1621 1710/2731/1621 1876/2732/1621
f 1936/2733/1622 1875/2720/1622 1890/2729/1622
f 1869/2725/1623 1868/2721/1623 1883/2730/1623 1884/2734/1623
f 1862/2709/1624 1861/2723/1624 1876/2732/1624 1877/2735/1624
f 1870/2711/1625 1869/2725/1625 1884/2734/1625 1885/2736/1625
f 1863/2710/1626 1862/2709/1626 1877/2735/1626 1878/2737/1626
f 1871/2712/1627 1870/2711/1627 1885/2736/1627 1886/2738/1627
f 1864/2713/1628 1863/2710/1628 1878/2737/1628 1879/2739/1628
f 1872/2714/1629 1871/2712/1629 1886/2738/1629 1887/2740/1629
f 1865/2715/1630 1864/2713/1630 1879/2739/1630 1880/2741/1630
f 1873/2716/1631 1872/2714/1631 1887/2740/1631 1888/2742/1631
f 1866/2717/1632 1865/2715/1632 1880/2741/1632 1881/2726/1632
f 1874/2718/1633 1873/2716/1633 1888/2742/1633 1889/2728/1633
f 1886/2738/1634 1885/2736/1634 1900/2743/1634 1901/2744/1634
f 1879/2739/1635 1878/2737/1635 1893/2745/1635 1894/2746/1635
f 1887/2740/1636 1886/2738/1636 1901/2744/1636 1902/2747/1636
f 1880/2741/1637 1879/2739/1637 1894/2746/1637 1895/2748/1637
f 1888/2742/1638 1887/2740/1638 1902/2747/1638 1903/2749/1638
f 1881/2726/1639 1880/2741/1639 1895/2748/1639 1896/2750/1639
f 1889/2728/1640 1888/2742/1640 1903/2749/1640 1904/2751/1640
f 1882/2727/1641 1881/2726/1641 1896/2750/1641 1897/2752/1641
f 1890/2729/1642 1889/2728/1642 1904/2751/1642 1905/2753/1642
f 1883/2730/1643 1882/2727/1643 1897/2752/1643 1898/2754/1643
f 1876/2732/1644 1710/2755/1644 1891/2756/1644
f 1936/2757/1645 1890/2729/1645 1905/2753/1645
f 1884/2734/1646 1883/2730/1646 1898/2754/1646 1899/2758/1646
f 1877/2735/1647 1876/2732/1647 1891/2756/1647 1892/2759/1647
f 1885/2736/1648 1884/2734/1648 1899/2758/1648 1900/2743/1648
f 1878/2737/1649 1877/2735/1649 1892/2759/1649 1893/2745/1649
f 1905/2753/1650 1904/2751/1650 1919/2760/1650 1920/2761/1650
f 1898/2754/1651 1897/2752/1651 1912/2762/1651 1913/2763/1651
f 1891/2756/1652 1710/2764/1652 1906/2765/1652
f 1936/2766/1653 1905/2753/1653 1920/2761/1653
f 1899/2758/1654 1898/2754/1654 1913/2763/1654 1914/2767/1654
f 1892/2759/1655 1891/2756/1655 1906/2765/1655 1907/2768/1655
f 1900/2743/1656 1899/2758/1656 1914/2767/1656 1915/2769/1656
f 1893/2745/1657 1892/2759/1657 1907/2768/1657 1908/2770/1657
f 1901/2744/1658 1900/2743/1658 1915/2769/1658 1916/2771/1658
f 1894/2746/1659 1893/2745/1659 1908/2770/1659 1909/2772/1659
f 1902/2747/1660 1901/2744/1660 1916/2771/1660 1917/2773/1660
f 1895/2748/1661 1894/2746/1661 1909/2772/1661 1910/2774/1661
f 1903/2749/1662 1902/2747/1662 1917/2773/1662 1918/2775/1662
f 1896/2750/1663 1895/2748/1663 1910/2774/1663 1911/2776/1663
f 1904/2751/1664 1903/2749/1664 1918/2775/1664 1919/2760/1664
f 1897/2752/1665 1896/2750/1665 1911/2776/1665 1912/2762/1665
f 1909/2772/1666 1908/2770/1666 1923/2777/1666 1924/2778/1666
f 1917/2773/1667 1916/2771/1667 1931/2779/1667 1932/2780/1667
f 1910/2774/1668 1909/2772/1668 1924/2778/1668 1925/2781/1668
f 1918/2775/1669 1917/2773/1669 1932/2780/1669 1933/2782/1669
f 1911/2776/1670 1910/2774/1670 1925/2781/1670 1926/2783/1670
f 1919/2760/1671 1918/2775/1671 1933/2782/1671 1934/2784/1671
f 1912/2762/1672 1911/2776/1672 1926/2783/1672 1927/2785/1672
f 1920/2761/1673 1919/2760/1673 1934/2784/1673 1935/2786/1673
f 1913/2763/1674 1912/2762/1674 1927/2785/1674 1928/2787/1674
f 1906/2765/1675 1710/2788/1675 1921/2789/1675
f 1936/2790/1676 1920/2761/1676 1935/2786/1676
f 1914/2767/1677 1913/2763/1677 1928/2787/1677 1929/2791/1677
f 1907/2768/1678 1906/2765/1678 1921/2789/1678 1922/2792/1678
f 1915/2769/1679 1914/2767/1679 1929/2791/1679 1930/2793/1679
f 1908/2770/1680 1907/2768/1680 1922/2792/1680 1923/2777/1680
f 1916/2771/1681 1915/2769/1681 1930/2793/1681 1931/2779/1681
f 1928/2787/1682 1927/2785/1682 1943/2794/1682 1944/2795/1682
f 1921/2789/1683 1710/2796/1683 1937/2797/1683
f 1936/2798/1684 1935/2786/1684 1951/2799/1684
f 1929/2791/1685 1928/2787/1685 1944/2795/1685 1945/2800/1685
f 1922/2792/1686 1921/2789/1686 1937/2797/1686 1938/2801/1686
f 1930/2793/1687 1929/2791/1687 1945/2800/1687 1946/2802/1687
f 1923/2777/1688 1922/2792/1688 1938/2801/1688 1939/2803/1688
f 1931/2779/1689 1930/2793/1689 1946/2802/1689 1947/2804/1689
f 1924/2778/1690 1923/2777/1690 1939/2803/1690 1940/2805/1690
f 1932/2780/1691 1931/2779/1691 1947/2804/1691 1948/2806/1691
f 1925/2781/1692 1924/2778/1692 1940/2805/1692 1941/2807/1692
f 1933/2782/1693 1932/2780/1693 1948/2806/1693 1949/2808/1693
f 1926/2783/1694 1925/2781/1694 1941/2807/1694 1942/2809/1694
f 1934/2784/1695 1933/2782/1695 1949/2808/1695 1950/2810/1695
f 1927/2785/1696 1926/2783/1696 1942/2809/1696 1943/2794/1696
f 1935/2786/1697 1934/2784/1697 1950/2810/1697 1951/2799/1697
f 1948/2806/1698 1947/2804/1698 1962/2811/1698 1963/2812/1698
f 1941/2807/1699 1940/2805/1699 1955/2813/1699 1956/2814/1699
f 1949/2808/1700 1948/2806/1700 1963/2812/1700 1964/2815/1700
f 1942/2809/1701 1941/2807/1701 1956/2814/1701 1957/2816/1701
f 1950/2810/1702 1949/2808/1702 1964/2815/1702 1965/2817/1702
f 1943/2794/1703 1942/2809/1703 1957/2816/1703 1958/2818/1703
f 1951/2799/1704 1950/2810/1704 1965/2817/1704 1966/2819/1704
f 1944/2795/1705 1943/2794/1705 1958/2818/1705 1959/2820/1705
f 1937/2797/1706 1710/2821/1706 1952/2822/1706
f 1936/2823/1707 1951/2799/1707 1966/2819/1707
f 1945/2800/1708 1944/2795/1708 1959/2820/1708 1960/2824/1708
f 1938/2801/1709 1937/2797/1709 1952/2822/1709 1953/2825/1709
f 1946/2802/1710 1945/2800/1710 1960/2824/1710 1961/2826/1710
f 1939/2803/1711 1938/2801/1711 1953/2825/1711 1954/2827/1711
f 1947/2804/1712 1946/2802/1712 1961/2826/1712 1962/2811/1712
f 1940/2805/1713 1939/2803/1713 1954/2827/1713 1955/2813/1713
f 1936/2828/1714 1966/2819/1714 1981/2829/1714
f 1960/2824/1715 1959/2820/1715 1974/2830/1715 1975/2831/1715
f 1953/2825/1716 1952/2822/1716 1967/2832/1716 1968/2833/1716
f 1961/2826/1717 1960/2824/1717 1975/2831/1717 1976/2834/1717
f 1954/2827/1718 1953/2825/1718 1968/2833/1718 1969/2835/1718
f 1962/2811/1719 1961/2826/1719 1976/2834/1719 1977/2836/1719
f 1955/2813/1720 1954/2827/1720 1969/2835/1720 1970/2837/1720
f 1963/2812/1721 1962/2811/1721 1977/2836/1721 1978/2838/1721
f 1956/2814/1722 1955/2813/1722 1970/2837/1722 1971/2839/1722
f 1964/2815/1723 1963/2812/1723 1978/2838/1723 1979/2840/1723
f 1957/2816/1724 1956/2814/1724 1971/2839/1724 1972/2841/1724
f 1965/2817/1725 1964/2815/1725 1979/2840/1725 1980/2842/1725
f 1958/2818/1726 1957/2816/1726 1972/2841/1726 1973/2843/1726
f 1966/2819/1727 1965/2817/1727 1980/2842/1727 1981/2829/1727
f 1959/2820/1728 1958/2818/1728 1973/2843/1728 1974/2830/1728
f 1952/2822/1729 1710/2844/1729 1967/2832/1729
f 1979/2840/1730 1978/2838/1730 1993/2845/1730 1994/2846/1730
f 1972/2841/1731 1971/2839/1731 1986/2847/1731 1987/2848/1731
f 1980/2842/1732 1979/2840/1732 1994/2846/1732 1995/2849/1732
f 1973/2843/1733 1972/2841/1733 1987/2848/1733 1988/2850/1733
f 1981/2829/1734 1980/2842/1734 1995/2849/1734 1996/2851/1734
f 1974/2830/1735 1973/2843/1735 1988/2850/1735 1989/2852/1735
f 1967/2832/1736 1710/2853/1736 1982/2854/1736
f 1936/2855/1737 1981/2829/1737 1996/2851/1737
f 1975/2831/1738 1974/2830/1738 1989/2852/1738 1990/2856/1738
f 1968/2833/1739 1967/2832/1739 1982/2854/1739 1983/2857/1739
f 1976/2834/1740 1975/2831/1740 1990/2856/1740 1991/2858/1740
f 1969/2835/1741 1968/2833/1741 1983/2857/1741 1984/2859/1741
f 1977/2836/1742 1976/2834/1742 1991/2858/1742 1992/2860/1742
f 1970/2837/1743 1969/2835/1743 1984/2859/1743 1985/2861/1743
f 1978/2838/1744 1977/2836/1744 1992/2860/1744 1993/2845/1744
f 1971/2839/1745 1970/2837/1745 1985/2861/1745 1986/2847/1745
f 1983/2862/1746 1982/2863/1746 1997/2864/1746 1998/2865/1746
f 1991/2866/1747 1990/2867/1747 2005/2868/1747 2006/2869/1747
f 1984/2870/1748 1983/2862/1748 1998/2865/1748 1999/2871/1748
f 1992/2872/1749 1991/2866/1749 2006/2869/1749 2007/2873/1749
f 1985/2874/1750 1984/2870/1750 1999/2871/1750 2000/2875/1750
f 1993/2876/1751 1992/2872/1751 2007/2873/1751 2008/2877/1751
f 1986/2878/1752 1985/2874/1752 2000/2875/1752 2001/2879/1752
f 1994/2880/1753 1993/2876/1753 2008/2877/1753 2009/2881/1753
f 1987/2882/1754 1986/2878/1754 2001/2879/1754 2002/2883/1754
f 1995/2884/1755 1994/2880/1755 2009/2881/1755 2010/2885/1755
f 1988/2886/1756 1987/2882/1756 2002/2883/1756 2003/2887/1756
f 1996/2888/1757 1995/2884/1757 2010/2885/1757 2011/2889/1757
f 1989/2890/1758 1988/2886/1758 2003/2887/1758 2004/2891/1758
f 1982/2863/1759 1710/2892/1759 1997/2864/1759
f 1936/2893/1760 1996/2888/1760 2011/2889/1760
f 1990/2867/1761 1989/2890/1761 2004/2891/1761 2005/2868/1761
f 2002/2883/1762 2001/2879/1762 2016/2894/1762 2017/2895/1762
f 2010/2885/1763 2009/2881/1763 2024/2896/1763 2025/2897/1763
f 2003/2887/1764 2002/2883/1764 2017/2895/1764 2018/2898/1764
f 2011/2889/1765 2010/2885/1765 2025/2897/1765 2026/2899/1765
f 2004/2891/1766 2003/2887/1766 2018/2898/1766 2019/2900/1766
f 1997/2864/1767 1710/2901/1767 2012/2902/1767
f 1936/2903/1768 2011/2889/1768 2026/2899/1768
f 2005/2868/1769 2004/2891/1769 2019/2900/1769 2020/2904/1769
f 1998/2865/1770 1997/2864/1770 2012/2902/1770 2013/2905/1770
f 2006/2869/1771 2005/2868/1771 2020/2904/1771 2021/2906/1771
f 1999/2871/1772 1998/2865/1772 2013/2905/1772 2014/2907/1772
f 2007/2873/1773 2006/2869/1773 2021/2906/1773 2022/2908/1773
f 2000/2875/1774 1999/2871/1774 2014/2907/1774 2015/2909/1774
f 2008/2877/1775 2007/2873/1775 2022/2908/1775 2023/2910/1775
f 2001/2879/1776 2000/2875/1776 2015/2909/1776 2016/2894/1776
f 2009/2881/1777 2008/2877/1777 2023/2910/1777 2024/2896/1777
f 2021/2906/1778 2020/2904/1778 2035/2911/1778 2036/2912/1778
f 2014/2907/1779 2013/2905/1779 2028/2913/1779 2029/2914/1779
f 2022/2908/1780 2021/2906/1780 2036/2912/1780 2037/2915/1780
f 2015/2909/1781 2014/2907/1781 2029/2914/1781 2030/2916/1781
f 2023/2910/1782 2022/2908/1782 2037/2915/1782 2038/2917/1782
f 2016/2894/1783 2015/2909/1783 2030/2916/1783 2031/2918/1783
f 2024/2896/1784 2023/2910/1784 2038/2917/1784 2039/2919/1784
f 2017/2895/1785 2016/2894/1785 2031/2918/1785 2032/2920/1785
f 2025/2897/1786 2024/2896/1786 2039/2919/1786 2040/2921/1786
f 2018/2898/1787 2017/2895/1787 2032/2920/1787 2033/2922/1787
f 2026/2899/1788 2025/2897/1788 2040/2921/1788 2041/2923/1788
f 2019/2900/1789 2018/2898/1789 2033/2922/1789 2034/2924/1789
f 2012/2902/1790 1710/2925/1790 2027/2926/1790
f 1936/2927/1791 2026/2899/1791 2041/2923/1791
f 2020/2904/1792 2019/2900/1792 2034/2924/1792 2035/2911/1792
f 2013/2905/1793 2012/2902/1793 2027/2926/1793 2028/2913/1793
f 2040/2921/1794 2039/2919/1794 2054/2928/1794 2055/2929/1794
f 2033/2922/1795 2032/2920/1795 2047/2930/1795 2048/2931/1795
f 2041/2923/1796 2040/2921/1796 2055/2929/1796 2056/2932/1796
f 2034/2924/1797 2033/2922/1797 2048/2931/1797 2049/2933/1797
f 2027/2926/1798 1710/2934/1798 2042/2935/1798
f 1936/2936/1799 2041/2923/1799 2056/2932/1799
f 2035/2911/1800 2034/2924/1800 2049/2933/1800 2050/2937/1800
f 2028/2913/1801 2027/2926/1801 2042/2935/1801 2043/2938/1801
f 2036/2912/1802 2035/2911/1802 2050/2937/1802 2051/2939/1802
f 2029/2914/1803 2028/2913/1803 2043/2938/1803 2044/2940/1803
f 2037/2915/1804 2036/2912/1804 2051/2939/1804 2052/2941/1804
f 2030/2916/1805 2029/2914/1805 2044/2940/1805 2045/2942/1805
f 2038/2917/1806 2037/2915/1806 2052/2941/1806 2053/2943/1806
f 2031/2918/1807 2030/2916/1807 2045/2942/1807 2046/2944/1807
f 2039/2919/1808 2038/2917/1808 2053/2943/1808 2054/2928/1808
f 2032/2920/1809 2031/2918/1809 2046/2944/1809 2047/2930/1809
f 2044/2940/1810 2043/2938/1810 2058/2945/1810 2059/2946/1810
f 2052/2941/1811 2051/2939/1811 2066/2947/1811 2067/2948/1811
f 2045/2942/1812 2044/2940/1812 2059/2946/1812 2060/2949/1812
f 2053/2943/1813 2052/2941/1813 2067/2948/1813 2068/2950/1813
f 2046/2944/1814 2045/2942/1814 2060/2949/1814 2061/2951/1814
f 2054/2928/1815 2053/2943/1815 2068/2950/1815 2069/2952/1815
f 2047/2930/1816 2046/2944/1816 2061/2951/1816 2062/2953/1816
f 2055/2929/1817 2054/2928/1817 2069/2952/1817 2070/2954/1817
f 2048/2931/1818 2047/2930/1818 2062/2953/1818 2063/2955/1818
f 2056/2932/1819 2055/2929/1819 2070/2954/1819 2071/2956/1819
f 2049/2933/1820 2048/2931/1820 2063/2955/1820 2064/2957/1820
f 2042/2935/1821 1710/2958/1821 2057/2959/1821
f 1936/2960/1822 2056/2932/1822 2071/2956/1822
f 2050/2937/1823 2049/2933/1823 2064/2957/1823 2065/2961/1823
f 2043/2938/1824 2042/2935/1824 2057/2959/1824 2058/2945/1824
f 2051/2939/1825 2050/2937/1825 2065/2961/1825 2066/2947/1825
f 2063/2955/1826 2062/2953/1826 2077/2962/1826 2078/2963/1826
f 2071/2956/1827 2070/2954/1827 2085/2964/1827 2086/2965/1827
f 2064/2957/1828 2063/2955/1828 2078/2963/1828 2079/2966/1828
f 2057/2959/1829 1710/2967/1829 2072/2968/1829
f 1936/2969/1830 2071/2956/1830 2086/2965/1830
f 2065/2961/1831 2064/2957/1831 2079/2966/1831 2080/2970/1831
f 2058/2945/1832 2057/2959/1832 2072/2968/1832 2073/2971/1832
f 2066/2947/1833 2065/2961/1833 2080/2970/1833 2081/2972/1833
f 2059/2946/1834 2058/2945/1834 2073/2971/1834 2074/2973/1834
f 2067/2948/1835 2066/2947/1835 2081/2972/1835 2082/2974/1835
f 2060/2949/1836 2059/2946/1836 2074/2973/1836 2075/2975/1836
f 2068/2950/1837 2067/2948/1837 2082/2974/1837 2083/2976/1837
f 2061/2951/1838 2060/2949/1838 2075/2975/1838 2076/2977/1838
f 2069/2952/1839 2068/2950/1839 2083/2976/1839 2084/2978/1839
f 2062/2953/1840 2061/2951/1840 2076/2977/1840 2077/2962/1840
f 2070/2954/1841 2069/2952/1841 2084/2978/1841 2085/2964/1841
f 2082/2974/1842 2081/2972/1842 2096/2979/1842 2097/2980/1842
f 2075/2975/1843 2074/2973/1843 2089/2981/1843 2090/2982/1843
f 2083/2976/1844 2082/2974/1844 2097/2980/1844 2098/2983/1844
f 2076/2977/1845 2075/2975/1845 2090/2982/1845 2091/2984/1845
f 2084/2978/1846 2083/2976/1846 2098/2983/1846 2099/2985/1846
f 2077/2962/1847 2076/2977/1847 2091/2984/1847 2092/2986/1847
f 2085/2964/1848 2084/2978/1848 2099/2985/1848 2100/2987/1848
f 2078/2963/1849 2077/2962/1849 2092/2986/1849 2093/2988/1849
f 2086/2965/1850 2085/2964/1850 2100/2987/1850 2101/2989/1850
f 2079/2966/1851 2078/2963/1851 2093/2988/1851 2094/2990/1851
f 2072/2968/1852 1710/2991/1852 2087/2992/1852
f 1936/2993/1853 2086/2965/1853 2101/2989/1853
f 2080/2970/1854 2079/2966/1854 2094/2990/1854 2095/2994/1854
f 2073/2971/1855 2072/2968/1855 2087/2992/1855 2088/2995/1855
f 2081/2972/1856 2080/2970/1856 2095/2994/1856 2096/2979/1856
f 2074/2973/1857 2073/2971/1857 2088/2995/1857 2089/2981/1857
f 2101/2989/1858 2100/2987/1858 2109/2440/1858 2110/2439/1858
f 2094/2990/1859 2093/2988/1859 1631/2444/1859 1632/2443/1859
f 2087/2992/1860 1710/2996/1860 2102/2447/1860
f 1936/2997/1861 2101/2989/1861 2110/2439/1861
f 2095/2994/1862 2094/2990/1862 1632/2443/1862 1633/2451/1862
f 2088/2995/1863 2087/2992/1863 2102/2447/1863 2103/2453/1863
f 2096/2979/1864 2095/2994/1864 1633/2451/1864 2106/2455/1864
f 2089/2981/1865 2088/2995/1865 2103/2453/1865 1629/2457/1865
f 2097/2980/1866 2096/2979/1866 2106/2455/1866 1634/2459/1866
f 2090/2982/1867 2089/2981/1867 1629/2457/1867 2104/2461/1867
f 2098/2983/1868 2097/2980/1868 1634/2459/1868 2107/2463/1868
f 2091/2984/1869 2090/2982/1869 2104/2461/1869 1630/2465/1869
f 2099/2985/1870 2098/2983/1870 2107/2463/1870 2108/2467/1870
f 2092/2986/1871 2091/2984/1871 1630/2465/1871 2105/2469/1871
f 2100/2987/1872 2099/2985/1872 2108/2467/1872 2109/2440/1872
f 2093/2988/1873 2092/2986/1873 2105/2469/1873 1631/2444/1873
o Sphere.003
v 17.228352 5.941533 -27.639837
v 16.902792 5.587452 -27.566519
v 16.738461 5.133742 -27.504232
v 16.725662 4.890799 -27.480295
v 16.760370 4.649478 -27.462458
v 16.965189 4.208383 -27.447557
v 17.664331 6.137927 -27.760519
v 17.434444 6.055382 -27.770329
v 17.224821 5.929707 -27.775087
v 17.043522 5.765729 -27.774618
v 16.897511 5.569752 -27.768936
v 16.792400 5.349307 -27.758259
v 16.732229 5.112864 -27.742998
v 16.719311 4.869511 -27.723740
v 16.754141 4.628600 -27.701223
v 16.835381 4.399387 -27.676315
v 16.959908 4.190683 -27.649973
v 17.122938 4.010508 -27.623209
v 17.318205 3.865784 -27.597050
v 17.538206 3.762075 -27.572500
v 17.774485 3.703365 -27.550507
v 17.672407 6.134251 -27.807377
v 17.450285 6.048170 -27.862244
v 17.247820 5.919236 -27.908529
v 17.072794 5.752403 -27.944456
v 16.931931 5.554082 -27.968643
v 16.830647 5.331895 -27.980162
v 16.772831 5.094380 -27.978569
v 16.760708 4.850665 -27.963926
v 16.794743 4.610116 -27.936796
v 16.873627 4.381976 -27.898220
v 16.994328 4.175014 -27.849682
v 17.152210 3.997181 -27.793045
v 17.341204 3.855314 -27.730490
v 17.554047 3.754863 -27.664415
v 17.782560 3.699688 -27.597366
v 17.689489 6.131191 -27.851799
v 17.483791 6.042170 -27.949379
v 17.296463 5.910524 -28.035032
v 17.134705 5.741315 -28.105463
v 17.004730 5.541044 -28.157969
v 16.911535 5.317408 -28.190529
v 16.858704 5.079001 -28.201893
v 16.848263 4.834984 -28.191626
v 16.880613 4.594737 -28.160118
v 16.954515 4.367489 -28.108585
v 17.067127 4.161975 -28.039005
v 17.214119 3.986094 -27.954054
v 17.389847 3.846602 -27.856993
v 17.587553 3.748862 -27.751553
v 17.799643 3.696629 -27.641787
v 17.714918 6.128868 -27.892078
v 17.533672 6.037611 -28.028389
v 17.368881 5.903906 -28.149734
v 17.226873 5.732892 -28.251453
v 17.113110 5.531139 -28.329634
v 17.031961 5.306403 -28.381273
v 16.986546 5.067317 -28.404387
v 16.978609 4.823072 -28.398087
v 17.008457 4.583053 -28.362614
v 17.074940 4.356483 -28.299332
v 17.175507 4.152071 -28.210672
v 17.306290 3.977670 -28.100042
v 17.462263 3.839984 -27.971695
v 17.637434 3.744304 -27.830563
v 17.825071 3.694305 -27.682066
v 17.747719 6.127368 -27.926664
v 17.598015 6.034669 -28.096235
v 17.462290 5.899636 -28.248232
v 17.345760 5.727457 -28.376816
v 17.252907 5.524749 -28.477045
v 17.187294 5.299302 -28.545067
v 17.151447 5.059779 -28.578270
v 17.146740 4.815386 -28.575375
v 17.173357 4.575514 -28.536495
v 17.230274 4.349382 -28.463125
v 17.315302 4.145680 -28.358082
v 17.425177 3.972235 -28.225405
v 17.555672 3.835714 -28.070192
v 17.701775 3.741362 -27.898407
v 17.857872 3.692806 -27.716654
v 17.905651 6.174169 -27.746040
v 17.786631 6.126750 -27.954231
v 17.674341 6.033458 -28.150309
v 17.573099 5.897878 -28.326736
v 17.486795 5.725219 -28.476732
v 17.418745 5.522117 -28.594534
v 17.371565 5.296378 -28.675615
v 17.347067 5.056675 -28.716858
v 17.346193 4.812221 -28.716679
v 17.368979 4.572411 -28.675083
v 17.414545 4.346458 -28.593672
v 17.481142 4.143048 -28.475573
v 17.566210 3.969997 -28.325321
v 17.666483 3.833956 -28.148697
v 17.778103 3.740151 -27.952482
v 17.896784 3.692188 -27.744221
v 17.830158 6.127039 -27.973719
v 17.759722 6.034024 -28.188534
v 17.697054 5.898699 -28.382231
v 17.644558 5.726264 -28.547363
v 17.604256 5.523346 -28.677588
v 17.577692 5.297743 -28.767899
v 17.565891 5.058125 -28.814827
v 17.569305 4.813699 -28.816566
v 17.587803 4.573860 -28.773052
v 17.620672 4.347824 -28.685957
v 17.666653 4.144278 -28.558626
v 17.723974 3.971043 -28.395954
v 17.790436 3.834777 -28.204191
v 17.863483 3.740717 -27.990707
v 17.940310 3.692477 -27.763708
v 17.876627 6.128222 -27.984377
v 17.850876 6.036345 -28.209442
v 17.829388 5.902068 -28.412584
v 17.812988 5.730552 -28.585995
v 17.802307 5.528389 -28.723015
v 17.797756 5.303346 -28.818375
v 17.799509 5.064073 -28.868410
v 17.807501 4.819764 -28.871201
v 17.821421 4.579808 -28.826637
v 17.840736 4.353427 -28.736431
v 17.864704 4.149320 -28.604052
v 17.892403 3.975331 -28.434586
v 17.922770 3.838146 -28.234545
v 17.954638 3.743037 -28.011616
v 17.986780 3.693660 -27.774366
v 17.924253 6.130254 -27.985798
v 17.944298 6.040331 -28.212229
v 17.965015 5.907856 -28.416628
v 17.985611 5.737918 -28.591145
v 18.005289 5.537050 -28.729069
v 18.023298 5.312970 -28.825100
v 18.038944 5.074290 -28.875551
v 18.051624 4.830181 -28.878481
v 18.060854 4.590025 -28.833776
v 18.066278 4.363051 -28.743158
v 18.067686 4.157981 -28.610106
v 18.065025 3.982697 -28.439734
v 18.058399 3.843934 -28.238588
v 18.048059 3.747024 -28.014400
v 18.034407 3.695692 -27.775785
v 17.971207 6.133058 -27.977926
v 18.036400 6.045831 -28.196785
v 18.098726 5.915840 -28.394209
v 18.155792 5.748080 -28.562611
v 18.205402 5.548999 -28.695515
v 18.245651 5.326247 -28.787819
v 18.274992 5.088384 -28.835974
v 18.292297 4.844552 -28.838127
v 18.296904 4.604119 -28.794199
v 18.288631 4.376328 -28.705877
v 18.267799 4.169930 -28.576553
v 18.235207 3.992858 -28.411200
v 18.192110 3.851917 -28.216169
v 18.140162 3.752523 -27.998959
v 18.081360 3.698496 -27.767914
v 18.015682 6.136525 -27.961063
v 18.123642 6.052631 -28.163708
v 18.225382 5.925713 -28.346188
v 18.316992 5.760646 -28.501490
v 18.394955 5.563775 -28.623646
v 18.456270 5.342665 -28.707962
v 18.498585 5.105814 -28.751198
v 18.520271 4.862322 -28.751692
v 18.520494 4.621549 -28.709425
v 18.499250 4.392746 -28.626020
v 18.457352 4.184706 -28.504684
v 18.396408 4.005424 -28.350080
v 18.318764 3.861790 -28.168148
v 18.227402 3.759324 -27.965881
v 18.125834 3.701963 -27.751051
v 18.055969 6.140522 -27.935858
v 18.202669 6.060472 -28.114267
v 18.340113 5.937095 -28.274410
v 18.463018 5.775133 -28.410135
v 18.566662 5.580811 -28.516224
v 18.647062 5.361594 -28.588600
v 18.701128 5.125908 -28.624485
v 18.726782 4.882811 -28.622496
v 18.723038 4.641644 -28.582710
v 18.690041 4.411674 -28.506659
v 18.629059 4.201742 -28.397261
v 18.542433 4.019912 -28.258724
v 18.433496 3.873173 -28.096371
v 18.306431 3.767165 -27.916439
v 18.166122 3.705960 -27.725845
v 18.090523 6.144896 -27.903278
v 18.270449 6.069051 -28.050362
v 18.438511 5.949551 -28.181633
v 18.588257 5.790986 -28.292053
v 18.713926 5.599451 -28.377375
v 18.810694 5.382306 -28.434319
v 18.874838 5.147896 -28.460699
v 18.903894 4.905230 -28.455502
v 18.896749 4.663632 -28.418926
v 18.853672 4.432387 -28.352377
v 18.776323 4.220382 -28.258411
v 18.667671 4.035764 -28.140642
v 18.531895 3.885628 -28.003593
v 18.374210 3.775744 -27.852535
v 18.200676 3.710333 -27.693268
v 18.118013 6.149478 -27.864578
v 18.324371 6.078039 -27.974447
v 18.516796 5.962600 -28.071424
v 18.687895 5.807594 -28.151783
v 18.831089 5.618980 -28.212435
v 18.940876 5.404006 -28.251049
v 19.013041 5.170932 -28.266140
v 19.044804 4.928717 -28.257130
v 19.034950 4.686668 -28.224365
v 18.983856 4.454087 -28.169106
v 18.893484 4.239911 -28.093472
v 18.767309 4.052372 -28.000374
v 18.610180 3.898677 -27.893385
v 18.428133 3.784732 -27.776621
v 18.228167 3.714916 -27.654568
v 18.137384 6.154092 -27.821243
v 18.362370 6.087091 -27.889444
v 18.571960 5.975741 -27.948017
v 18.758104 5.824320 -27.994715
v 18.913645 5.638648 -28.027742
v 19.032610 5.425859 -28.045830
v 19.110422 5.194132 -28.048281
v 19.144094 4.952371 -28.035004
v 19.132334 4.709867 -28.006508
v 19.075588 4.475940 -27.963888
v 18.976042 4.259579 -27.908781
v 18.837519 4.069098 -27.843306
v 18.665342 3.911819 -27.769978
v 18.466129 3.793784 -27.691616
v 18.247536 3.719530 -27.611233
v 18.147890 6.158562 -27.774940
v 18.382978 6.095859 -27.798615
v 18.601881 5.988469 -27.816154
v 18.796185 5.840520 -27.826887
v 18.958426 5.657697 -27.830397
v 19.082365 5.447026 -27.826551
v 19.163244 5.216602 -27.815496
v 19.197950 4.975282 -27.797659
v 19.185154 4.732338 -27.773722
v 19.125345 4.497107 -27.744608
v 19.020823 4.278628 -27.711435
v 18.875601 4.085299 -27.675476
v 18.695263 3.924547 -27.638115
v 18.486740 3.802552 -27.600788
v 18.258043 3.724000 -27.564928
v 18.149130 6.162715 -27.727448
v 18.385408 6.104005 -27.705454
v 18.605410 6.000296 -27.680904
v 18.800676 5.855573 -27.654745
v 18.963707 5.675397 -27.627981
v 19.088234 5.466693 -27.601639
v 19.169474 5.237481 -27.576731
v 19.204302 4.996569 -27.554214
v 19.191383 4.753216 -27.534956
v 19.131214 4.516774 -27.519695
v 19.026104 4.296328 -27.509018
v 18.880093 4.100351 -27.503336
v 18.698792 3.936374 -27.502865
v 18.489170 3.810698 -27.507626
v 18.259283 3.728153 -27.517435
v 18.141054 6.166392 -27.680588
v 18.369568 6.111217 -27.613539
v 18.582411 6.010767 -27.547464
v 18.771404 5.868899 -27.484909
v 18.929287 5.691067 -27.428272
v 19.049988 5.484104 -27.379734
v 19.128872 5.255965 -27.341158
v 19.162907 5.015415 -27.314028
v 19.150784 4.771700 -27.299385
v 19.092968 4.534185 -27.297792
v 18.991682 4.311998 -27.309311
v 18.850821 4.113678 -27.333498
v 18.675793 3.946844 -27.369425
v 18.473330 3.817910 -27.415710
v 18.251205 3.731830 -27.470577
v 18.123972 6.169451 -27.636168
v 18.336061 6.117218 -27.526402
v 18.533768 6.019478 -27.420961
v 18.709496 5.879987 -27.323900
v 18.856487 5.704105 -27.238949
v 18.969099 5.498591 -27.169369
v 19.042999 5.271344 -27.117836
v 19.075352 5.031096 -27.086329
v 19.064911 4.787079 -27.076061
v 19.012077 4.548672 -27.087425
v 18.918884 4.325036 -27.119986
v 18.788910 4.124765 -27.172491
v 18.627151 3.955556 -27.242922
v 18.439823 3.823911 -27.328575
v 18.234125 3.734889 -27.426155
v 18.098543 6.171775 -27.595888
v 18.286180 6.121777 -27.447392
v 18.461351 6.026096 -27.306259
v 18.617325 5.888410 -27.177912
v 18.748108 5.714009 -27.067282
v 18.848673 5.509597 -26.978622
v 18.915157 5.283027 -26.915340
v 18.945004 5.043008 -26.879868
v 18.937069 4.798763 -26.873568
v 18.891653 4.559678 -26.896681
v 18.810505 4.334941 -26.948320
v 18.696741 4.133188 -27.026501
v 18.554733 3.962174 -27.128220
v 18.389942 3.828469 -27.249565
v 18.208696 3.737213 -27.385876
v 18.017963 3.691911 -27.531914
v 18.065742 6.173275 -27.561300
v 18.221840 6.124718 -27.379547
v 18.367943 6.030366 -27.207762
v 18.498438 5.893845 -27.052549
v 18.608313 5.720400 -26.919872
v 18.693340 5.516698 -26.814831
v 18.750257 5.290566 -26.741459
v 18.776873 5.050694 -26.702579
v 18.772167 4.806301 -26.699684
v 18.736320 4.566779 -26.732887
v 18.670708 4.341331 -26.800909
v 18.577854 4.138623 -26.901138
v 18.461325 3.966444 -27.029722
v 18.325600 3.831411 -27.181721
v 18.175896 3.738712 -27.351290
v 18.026831 6.173892 -27.533733
v 18.145512 6.125929 -27.325472
v 18.257132 6.032125 -27.129259
v 18.357403 5.896083 -26.952633
v 18.442472 5.723032 -26.802383
v 18.509069 5.519622 -26.684282
v 18.554636 5.293670 -26.602871
v 18.577419 5.053859 -26.561275
v 18.576546 4.809405 -26.561096
v 18.552050 4.569703 -26.602341
v 18.504869 4.343963 -26.683420
v 18.436819 4.140862 -26.801222
v 18.350515 3.968203 -26.951220
v 18.249273 3.832622 -27.127645
v 18.136984 3.739330 -27.323723
v 17.983305 6.173604 -27.514246
v 18.060131 6.125363 -27.287247
v 18.133179 6.031303 -27.073763
v 18.199640 5.895038 -26.882000
v 18.256962 5.721803 -26.719328
v 18.302942 5.518256 -26.591997
v 18.335812 5.292220 -26.504902
v 18.354309 5.052381 -26.461388
v 18.357723 4.807956 -26.463127
v 18.345921 4.568337 -26.510056
v 18.319359 4.342734 -26.600367
v 18.279057 4.139816 -26.730591
v 18.226561 3.967381 -26.895723
v 18.163893 3.832056 -27.089420
v 18.093456 3.739041 -27.304235
v 17.936834 6.172421 -27.503588
v 17.968977 6.123043 -27.266338
v 18.000845 6.027934 -27.043411
v 18.031212 5.890749 -26.843369
v 18.058910 5.716761 -26.673903
v 18.082878 5.512653 -26.541523
v 18.102194 5.286273 -26.451317
v 18.116114 5.046317 -26.406754
v 18.124104 4.802008 -26.409544
v 18.125858 4.562735 -26.459579
v 18.121307 4.337692 -26.554939
v 18.110626 4.135528 -26.691959
v 18.094227 3.964012 -26.865372
v 18.072739 3.829736 -27.068512
v 18.046988 3.737858 -27.293577
v 17.889208 6.170388 -27.502169
v 17.875555 6.119056 -27.263554
v 17.865215 6.022147 -27.039366
v 17.858589 5.883383 -26.838221
v 17.855928 5.708098 -26.667849
v 17.857336 5.503029 -26.534796
v 17.862761 5.276055 -26.444178
v 17.871988 5.035899 -26.399475
v 17.884670 4.791790 -26.402403
v 17.900316 4.553110 -26.452854
v 17.918325 4.329030 -26.548887
v 17.938004 4.128162 -26.686811
v 17.958599 3.958225 -26.861326
v 17.979317 3.825749 -27.065725
v 17.999361 3.735826 -27.292156
v 17.842255 6.167584 -27.510040
v 17.783453 6.113557 -27.278996
v 17.731504 6.014163 -27.061785
v 17.688408 5.873222 -26.866755
v 17.655815 5.696150 -26.701401
v 17.634985 5.489753 -26.572079
v 17.626711 5.261961 -26.483755
v 17.631317 5.021529 -26.439827
v 17.648623 4.777696 -26.441980
v 17.677963 4.539834 -26.490135
v 17.718212 4.317081 -26.582439
v 17.767822 4.118001 -26.715345
v 17.824888 3.950241 -26.883745
v 17.887215 3.820250 -27.081169
v 17.952408 3.733022 -27.300028
v 17.797781 6.164118 -27.526903
v 17.696213 6.106756 -27.312073
v 17.604851 6.004290 -27.109806
v 17.527206 5.860656 -26.927874
v 17.466265 5.681374 -26.773270
v 17.424364 5.473334 -26.651934
v 17.403120 5.244532 -26.568531
v 17.403343 5.003758 -26.526264
v 17.425030 4.760267 -26.526756
v 17.467344 4.523416 -26.569992
v 17.528660 4.302306 -26.654308
v 17.606623 4.105434 -26.776464
v 17.698233 3.940368 -26.931767
v 17.799973 3.813449 -27.114246
v 17.907932 3.729555 -27.316891
v 17.757492 6.160120 -27.552109
v 17.617184 6.098916 -27.361515
v 17.490118 5.992907 -27.181583
v 17.381182 5.846169 -27.019230
v 17.294556 5.664339 -26.880693
v 17.233574 5.454406 -26.771296
v 17.200577 5.224437 -26.695244
v 17.196833 4.983269 -26.655460
v 17.222486 4.740172 -26.653471
v 17.276552 4.504487 -26.689354
v 17.356953 4.285270 -26.761730
v 17.460596 4.090947 -26.867819
v 17.583502 3.928985 -27.003544
v 17.720945 3.805608 -27.163687
v 17.867645 3.725558 -27.342096
v 17.722939 6.155747 -27.584686
v 17.549406 6.090336 -27.425421
v 17.391720 5.980452 -27.274361
v 17.255943 5.830316 -27.137312
v 17.147291 5.645698 -27.019543
v 17.069942 5.433693 -26.925577
v 17.026867 5.202448 -26.859028
v 17.019720 4.960851 -26.822453
v 17.048777 4.718184 -26.817255
v 17.112921 4.483774 -26.843636
v 17.209688 4.266629 -26.900581
v 17.335358 4.075094 -26.985901
v 17.485104 3.916530 -27.096321
v 17.653166 3.797029 -27.227592
v 17.833092 3.721185 -27.374676
v 17.695448 6.151165 -27.623386
v 17.495481 6.081348 -27.501333
v 17.313435 5.967403 -27.384569
v 17.156305 5.813708 -27.277582
v 17.030130 5.626169 -27.184483
v 16.939758 5.411994 -27.108849
v 16.888664 5.179412 -27.053589
v 16.878811 4.937363 -27.020824
v 16.910574 4.695148 -27.011814
v 16.982738 4.462074 -27.026907
v 17.092525 4.247100 -27.065519
v 17.235720 4.058486 -27.126171
v 17.406818 3.903481 -27.206530
v 17.599243 3.788041 -27.303507
v 17.805601 3.716602 -27.413376
v 17.676079 6.146550 -27.666721
v 17.457485 6.072296 -27.586338
v 17.258272 5.954262 -27.507977
v 17.086096 5.796982 -27.434649
v 16.947573 5.606502 -27.369173
v 16.848026 5.390141 -27.314068
v 16.791281 5.156213 -27.271446
v 16.779520 4.913710 -27.242950
v 16.813192 4.671948 -27.229673
v 16.891005 4.440221 -27.232124
v 17.009970 4.227433 -27.250212
v 17.165510 4.041760 -27.283239
v 17.351656 3.890339 -27.329937
v 17.561247 3.778989 -27.388512
v 17.786230 3.711988 -27.456711
v 17.665571 6.142080 -27.713026
v 17.436874 6.063529 -27.677166
v 17.048014 5.780782 -27.602478
v 16.798269 5.368974 -27.533346
v 16.841249 4.419055 -27.451403
v 17.127430 4.025560 -27.451067
v 17.321733 3.877611 -27.461800
v 17.540636 3.770221 -27.479340
v 17.775724 3.707518 -27.503014
vn -0.2481 -0.9645 0.0908
vn -0.9983 0.0547 0.0213
vn -0.1432 0.9863 -0.0825
vn -0.0535 -0.9946 0.0884
vn -0.9895 -0.1395 0.0380
vn -0.3343 0.9396 -0.0734
vn -0.9430 -0.3284 0.0533
vn -0.5122 0.8567 -0.0615
vn -0.8605 -0.5050 0.0666
vn -0.6701 0.7408 -0.0473
vn -0.7450 -0.6626 0.0774
vn -0.8019 0.5966 -0.0312
vn -0.6006 -0.7950 0.0852
vn -0.9028 0.4298 -0.0140
vn -0.4329 -0.8970 0.0897
vn -0.9690 0.2468 0.0037
vn -0.8904 0.4155 -0.1861
vn -0.4262 -0.9046 -0.0025
vn -0.9555 0.2314 -0.1828
vn -0.2440 -0.9692 0.0340
vn -0.9842 0.0386 -0.1727
vn -0.1418 0.9847 -0.1017
vn -0.0521 -0.9962 0.0692
vn -0.9754 -0.1556 -0.1559
vn -0.3301 0.9349 -0.1303
vn -0.9295 -0.3439 -0.1332
vn -0.5055 0.8490 -0.1537
vn -0.8481 -0.5193 -0.1054
vn -0.6611 0.7305 -0.1713
vn -0.7340 -0.6751 -0.0735
vn -0.7910 0.5841 -0.1822
vn -0.5916 -0.8053 -0.0388
vn -0.8798 -0.3572 -0.3137
vn -0.4809 0.8424 -0.2429
vn -0.8022 -0.5316 -0.2718
vn -0.6281 0.7216 -0.2912
vn -0.6938 -0.6859 -0.2195
vn -0.7508 0.5733 -0.3282
vn -0.5586 -0.8141 -0.1587
vn -0.8445 0.4032 -0.3525
vn -0.4016 -0.9112 -0.0917
vn -0.9058 0.2180 -0.3633
vn -0.2288 -0.9732 -0.0210
vn -0.9325 0.0247 -0.3603
vn -0.1367 0.9833 -0.1203
vn -0.0470 -0.9976 0.0506
vn -0.9237 -0.1694 -0.3435
vn -0.3150 0.9308 -0.1852
vn -0.3601 -0.9165 -0.1744
vn -0.8217 0.2074 -0.5308
vn -0.2032 -0.9765 -0.0720
vn -0.8451 0.0137 -0.5344
vn -0.1280 0.9822 -0.1375
vn -0.0384 -0.9987 0.0334
vn -0.8364 -0.1805 -0.5176
vn -0.2894 0.9276 -0.2362
vn -0.7957 -0.3679 -0.4811
vn -0.4394 0.8372 -0.3257
vn -0.7247 -0.5414 -0.4263
vn -0.5722 0.7145 -0.4025
vn -0.6258 -0.6945 -0.3550
vn -0.6828 0.5647 -0.4636
vn -0.5027 -0.8212 -0.2700
vn -0.7670 0.3934 -0.5069
vn -0.6185 -0.5484 -0.5628
vn -0.4957 0.7095 -0.5009
vn -0.5327 -0.7006 -0.4748
vn -0.5896 0.5586 -0.5834
vn -0.4262 -0.8262 -0.3684
vn -0.6608 0.3864 -0.6434
vn -0.3031 -0.9202 -0.2476
vn -0.7066 0.1998 -0.6788
vn -0.1682 -0.9788 -0.1171
vn -0.7255 0.0058 -0.6882
vn -0.1162 0.9814 -0.1527
vn -0.0265 -0.9995 0.0182
vn -0.7167 -0.1884 -0.6715
vn -0.2543 0.9253 -0.2813
vn -0.6806 -0.3754 -0.6292
vn -0.3825 0.8334 -0.3989
vn -0.1250 -0.9801 -0.1545
vn -0.5781 0.0015 -0.8160
vn -0.1016 0.9810 -0.1654
vn -0.0120 -0.9999 0.0055
vn -0.5693 -0.1927 -0.7992
vn -0.2111 0.9240 -0.3187
vn -0.5388 -0.3796 -0.7520
vn -0.3124 0.8314 -0.4596
vn -0.4878 -0.5522 -0.6761
vn -0.4015 0.7067 -0.5825
vn -0.4180 -0.7040 -0.5742
vn -0.4749 0.5552 -0.6828
vn -0.3320 -0.8290 -0.4500
vn -0.5301 0.3826 -0.7567
vn -0.2331 -0.9223 -0.3083
vn -0.5648 0.1957 -0.8017
vn -0.2932 0.7063 -0.6443
vn -0.2861 -0.7045 -0.6495
vn -0.3431 0.5546 -0.7581
vn -0.2237 -0.8294 -0.5119
vn -0.3797 0.3820 -0.8425
vn -0.1525 -0.9226 -0.3543
vn -0.4019 0.1950 -0.8947
vn -0.0754 -0.9803 -0.1828
vn -0.4086 0.0008 -0.9127
vn -0.0848 0.9809 -0.1749
vn 0.0048 -1.0000 -0.0041
vn -0.3998 -0.1934 -0.8960
vn -0.1615 0.9238 -0.3471
vn -0.3758 -0.3803 -0.8451
vn -0.2319 0.8310 -0.5056
vn -0.3374 -0.5528 -0.7619
vn -0.2237 0.0038 -0.9747
vn -0.0665 0.9812 -0.1811
vn 0.0231 -0.9997 -0.0102
vn -0.2149 -0.1904 -0.9579
vn -0.1073 0.9247 -0.3652
vn -0.1979 -0.3774 -0.9047
vn -0.1439 0.8325 -0.5350
vn -0.1734 -0.5502 -0.8169
vn -0.1749 0.7082 -0.6840
vn -0.1421 -0.7022 -0.6977
vn -0.1991 0.5570 -0.8063
vn -0.1054 -0.8275 -0.5515
vn -0.2157 0.3847 -0.8975
vn -0.0646 -0.9212 -0.3838
vn -0.2239 0.1979 -0.9543
vn -0.0212 -0.9794 -0.2010
vn 0.0084 -0.6970 -0.7170
vn -0.0486 0.5621 -0.8256
vn 0.0182 -0.8233 -0.5674
vn -0.0441 0.3905 -0.9195
vn 0.0274 -0.9180 -0.3956
vn -0.0379 0.2043 -0.9782
vn 0.0355 -0.9774 -0.2082
vn -0.0303 0.0104 -0.9995
vn -0.0474 0.9819 -0.1835
vn 0.0423 -0.9990 -0.0126
vn -0.0215 -0.1838 -0.9827
vn -0.0507 0.9267 -0.3725
vn -0.0119 -0.3710 -0.9286
vn -0.0520 0.8356 -0.5468
vn -0.0018 -0.5443 -0.8389
vn -0.0513 0.7125 -0.6998
vn -0.0281 0.9829 -0.1822
vn 0.0615 -0.9980 -0.0113
vn 0.1729 -0.1738 -0.9695
vn 0.0063 0.9296 -0.3686
vn 0.1751 -0.3614 -0.9158
vn 0.0405 0.8403 -0.5405
vn 0.1707 -0.5355 -0.8271
vn 0.0730 0.7188 -0.6914
vn 0.1596 -0.6893 -0.7067
vn 0.1027 0.5699 -0.8153
vn 0.1425 -0.8169 -0.5589
vn 0.1284 0.3994 -0.9078
vn 0.1198 -0.9133 -0.3893
vn 0.1491 0.2138 -0.9654
vn 0.0925 -0.9745 -0.2044
vn 0.1641 0.0204 -0.9862
vn 0.2489 0.5799 -0.7757
vn 0.2626 -0.8087 -0.5264
vn 0.2951 0.4108 -0.8627
vn 0.2091 -0.9072 -0.3651
vn 0.3299 0.2262 -0.9165
vn 0.1475 -0.9707 -0.1895
vn 0.3521 0.0333 -0.9354
vn -0.0095 0.9841 -0.1772
vn 0.0801 -0.9968 -0.0063
vn 0.3608 -0.1609 -0.9186
vn 0.0614 0.9333 -0.3537
vn 0.3559 -0.3490 -0.8669
vn 0.1298 0.8465 -0.5164
vn 0.3374 -0.5240 -0.7820
vn 0.1931 0.7271 -0.6588
vn 0.3059 -0.6793 -0.6671
vn 0.5351 -0.1456 -0.8322
vn 0.1124 0.9378 -0.3284
vn 0.5235 -0.3343 -0.7837
vn 0.2126 0.8538 -0.4753
vn 0.4919 -0.5104 -0.7053
vn 0.3045 0.7369 -0.6036
vn 0.4415 -0.6673 -0.5998
vn 0.3845 0.5918 -0.7084
vn 0.3740 -0.7989 -0.4711
vn 0.4496 0.4244 -0.7860
vn 0.2920 -0.8999 -0.3240
vn 0.4974 0.2410 -0.8333
vn 0.1985 -0.9663 -0.1641
vn 0.5263 0.0486 -0.8489
vn 0.0077 0.9857 -0.1686
vn 0.0973 -0.9952 0.0023
vn 0.4723 -0.7879 -0.3952
vn 0.5861 0.4397 -0.6806
vn 0.3651 -0.8917 -0.2675
vn 0.6454 0.2575 -0.7191
vn 0.2436 -0.9612 -0.1293
vn 0.6801 0.0658 -0.7302
vn 0.0229 0.9874 -0.1569
vn 0.1126 -0.9935 0.0140
vn 0.6889 -0.1284 -0.7134
vn 0.1575 0.9429 -0.2936
vn 0.6714 -0.3177 -0.6695
vn 0.2858 0.8619 -0.4188
vn 0.6284 -0.4952 -0.6000
vn 0.4028 0.7479 -0.5277
vn 0.5612 -0.6539 -0.5074
vn 0.5042 0.6052 -0.6160
vn 0.7941 -0.3000 -0.5286
vn 0.3464 0.8707 -0.3491
vn 0.7415 -0.4788 -0.4700
vn 0.4844 0.7596 -0.4340
vn 0.6604 -0.6396 -0.3934
vn 0.6034 0.6196 -0.5020
vn 0.5538 -0.7761 -0.3015
vn 0.6992 0.4560 -0.5506
vn 0.4257 -0.8829 -0.1979
vn 0.7681 0.2752 -0.5782
vn 0.2810 -0.9558 -0.0864
vn 0.8076 0.0842 -0.5837
vn 0.0355 0.9892 -0.1424
vn 0.1252 -0.9917 0.0285
vn 0.8164 -0.1100 -0.5669
vn 0.1948 0.9483 -0.2507
vn 0.4715 -0.8740 -0.1177
vn 0.8607 0.2934 -0.4160
vn 0.3092 -0.9503 -0.0370
vn 0.9039 0.1031 -0.4150
vn 0.0451 0.9910 -0.1257
vn 0.1347 -0.9899 0.0452
vn 0.9127 -0.0911 -0.3983
vn 0.2230 0.9538 -0.2013
vn 0.8868 -0.2819 -0.3664
vn 0.3922 0.8797 -0.2690
vn 0.8269 -0.4621 -0.3204
vn 0.5459 0.7717 -0.3262
vn 0.7354 -0.6249 -0.2622
vn 0.6784 0.6343 -0.3708
vn 0.6154 -0.7640 -0.1937
vn 0.7846 0.4728 -0.4011
vn 0.4214 0.8886 -0.1814
vn 0.8814 -0.4455 -0.1570
vn 0.5852 0.7837 -0.2084
vn 0.7832 -0.6104 -0.1188
vn 0.7262 0.6488 -0.2274
vn 0.6547 -0.7521 -0.0760
vn 0.8391 0.4893 -0.2376
vn 0.5007 -0.8651 -0.0301
vn 0.9198 0.3114 -0.2388
vn 0.3272 -0.9448 0.0170
vn 0.9653 0.1218 -0.2308
vn 0.0512 0.9929 -0.1075
vn 0.1408 -0.9880 0.0634
vn 0.9741 -0.0724 -0.2141
vn 0.2410 0.9593 -0.1473
vn 0.9458 -0.2639 -0.1891
vn 0.9430 0.3284 -0.0533
vn 0.3343 -0.9396 0.0734
vn 0.9895 0.1395 -0.0380
vn 0.0535 0.9946 -0.0884
vn 0.1432 -0.9863 0.0825
vn 0.9983 -0.0547 -0.0213
vn 0.2481 0.9645 -0.0908
vn 0.9690 -0.2468 -0.0037
vn 0.4329 0.8970 -0.0897
vn 0.9028 -0.4298 0.0140
vn 0.6006 0.7950 -0.0852
vn 0.8019 -0.5966 0.0312
vn 0.7450 0.6626 -0.0774
vn 0.6701 -0.7408 0.0473
vn 0.8605 0.5050 -0.0666
vn 0.5122 -0.8567 0.0615
vn 0.8904 -0.4155 0.1861
vn 0.5916 0.8053 0.0388
vn 0.7910 -0.5841 0.1822
vn 0.7340 0.6751 0.0735
vn 0.6611 -0.7305 0.1713
vn 0.8481 0.5193 0.1054
vn 0.5055 -0.8490 0.1537
vn 0.9295 0.3439 0.1332
vn 0.3301 -0.9349 0.1303
vn 0.9754 0.1556 0.1559
vn 0.0522 0.9962 -0.0692
vn 0.1418 -0.9847 0.1017
vn 0.9842 -0.0386 0.1727
vn 0.2440 0.9692 -0.0340
vn 0.9555 -0.2314 0.1828
vn 0.4262 0.9046 0.0025
vn 0.3150 -0.9308 0.1852
vn 0.9237 0.1694 0.3435
vn 0.0470 0.9976 -0.0506
vn 0.1367 -0.9833 0.1203
vn 0.9325 -0.0247 0.3603
vn 0.2288 0.9732 0.0210
vn 0.9058 -0.2180 0.3633
vn 0.4016 0.9112 0.0917
vn 0.8445 -0.4032 0.3525
vn 0.5586 0.8141 0.1587
vn 0.7508 -0.5733 0.3282
vn 0.6938 0.6859 0.2195
vn 0.6281 -0.7216 0.2912
vn 0.8022 0.5316 0.2718
vn 0.4809 -0.8424 0.2429
vn 0.8798 0.3572 0.3137
vn 0.5027 0.8212 0.2700
vn 0.6828 -0.5647 0.4636
vn 0.6258 0.6945 0.3550
vn 0.5722 -0.7145 0.4025
vn 0.7247 0.5414 0.4263
vn 0.4394 -0.8372 0.3257
vn 0.7957 0.3679 0.4811
vn 0.2894 -0.9276 0.2362
vn 0.8364 0.1805 0.5176
vn 0.0384 0.9987 -0.0334
vn 0.1280 -0.9822 0.1375
vn 0.8451 -0.0137 0.5344
vn 0.2032 0.9765 0.0720
vn 0.8217 -0.2074 0.5308
vn 0.3601 0.9165 0.1744
vn 0.7670 -0.3934 0.5069
vn 0.7167 0.1884 0.6715
vn 0.0265 0.9995 -0.0182
vn 0.1162 -0.9814 0.1527
vn 0.7255 -0.0058 0.6882
vn 0.1682 0.9788 0.1171
vn 0.7066 -0.1998 0.6788
vn 0.3031 0.9202 0.2476
vn 0.6608 -0.3864 0.6434
vn 0.4262 0.8262 0.3684
vn 0.5896 -0.5586 0.5834
vn 0.5327 0.7006 0.4748
vn 0.4957 -0.7095 0.5009
vn 0.6185 0.5484 0.5628
vn 0.3825 -0.8334 0.3989
vn 0.6806 0.3754 0.6292
vn 0.2543 -0.9253 0.2813
vn 0.4749 -0.5552 0.6828
vn 0.4180 0.7040 0.5742
vn 0.4015 -0.7067 0.5825
vn 0.4878 0.5522 0.6761
vn 0.3124 -0.8314 0.4596
vn 0.5388 0.3796 0.7520
vn 0.2111 -0.9240 0.3187
vn 0.5693 0.1927 0.7992
vn 0.0120 0.9999 -0.0055
vn 0.1016 -0.9810 0.1654
vn 0.5781 -0.0015 0.8160
vn 0.1250 0.9801 0.1545
vn 0.5648 -0.1957 0.8017
vn 0.2331 0.9223 0.3083
vn 0.5301 -0.3826 0.7567
vn 0.3320 0.8290 0.4500
vn 0.0848 -0.9809 0.1749
vn 0.4086 -0.0008 0.9127
vn 0.0754 0.9803 0.1828
vn 0.4019 -0.1950 0.8947
vn 0.1525 0.9226 0.3543
vn 0.3797 -0.3820 0.8425
vn 0.2237 0.8294 0.5119
vn 0.3431 -0.5546 0.7581
vn 0.2861 0.7045 0.6495
vn 0.2932 -0.7063 0.6443
vn 0.3374 0.5528 0.7619
vn 0.2319 -0.8310 0.5056
vn 0.3758 0.3803 0.8451
vn 0.1615 -0.9238 0.3471
vn 0.3998 0.1934 0.8960
vn -0.0048 1.0000 0.0041
vn 0.1749 -0.7082 0.6840
vn 0.1734 0.5502 0.8169
vn 0.1439 -0.8325 0.5350
vn 0.1979 0.3774 0.9047
vn 0.1073 -0.9247 0.3652
vn 0.2149 0.1904 0.9579
vn -0.0231 0.9997 0.0102
vn 0.0665 -0.9812 0.1811
vn 0.2237 -0.0038 0.9747
vn 0.0212 0.9794 0.2010
vn 0.2239 -0.1979 0.9543
vn 0.0646 0.9212 0.3838
vn 0.2157 -0.3847 0.8975
vn 0.1054 0.8275 0.5515
vn 0.1991 -0.5570 0.8063
vn 0.1421 0.7022 0.6977
vn -0.0355 0.9774 0.2082
vn 0.0379 -0.2043 0.9782
vn -0.0274 0.9180 0.3956
vn 0.0441 -0.3905 0.9195
vn -0.0182 0.8233 0.5674
vn 0.0486 -0.5621 0.8256
vn -0.0084 0.6970 0.7170
vn 0.0513 -0.7125 0.6998
vn 0.0018 0.5443 0.8389
vn 0.0520 -0.8356 0.5468
vn 0.0119 0.3710 0.9286
vn 0.0507 -0.9267 0.3725
vn 0.0215 0.1838 0.9827
vn -0.0423 0.9990 0.0126
vn 0.0474 -0.9819 0.1835
vn 0.0303 -0.0104 0.9995
vn -0.1707 0.5355 0.8271
vn -0.0405 -0.8403 0.5405
vn -0.1751 0.3614 0.9158
vn -0.0063 -0.9296 0.3686
vn -0.1729 0.1738 0.9695
vn -0.0615 0.9980 0.0113
vn 0.0281 -0.9829 0.1822
vn -0.1641 -0.0204 0.9862
vn -0.0925 0.9745 0.2044
vn -0.1491 -0.2138 0.9654
vn -0.1198 0.9133 0.3893
vn -0.1284 -0.3994 0.9078
vn -0.1425 0.8169 0.5589
vn -0.1027 -0.5699 0.8153
vn -0.1596 0.6893 0.7067
vn -0.0730 -0.7188 0.6913
vn -0.3299 -0.2262 0.9165
vn -0.2091 0.9072 0.3651
vn -0.2951 -0.4108 0.8627
vn -0.2626 0.8087 0.5264
vn -0.2489 -0.5799 0.7757
vn -0.3059 0.6793 0.6671
vn -0.1931 -0.7271 0.6588
vn -0.3374 0.5240 0.7820
vn -0.1298 -0.8465 0.5164
vn -0.3559 0.3490 0.8669
vn -0.0614 -0.9333 0.3537
vn -0.3608 0.1609 0.9186
vn -0.0801 0.9968 0.0063
vn 0.0095 -0.9841 0.1772
vn -0.3521 -0.0332 0.9354
vn -0.1475 0.9707 0.1895
vn -0.2126 -0.8538 0.4753
vn -0.5235 0.3343 0.7837
vn -0.1124 -0.9378 0.3284
vn -0.5351 0.1456 0.8322
vn -0.0973 0.9952 -0.0023
vn -0.0077 -0.9857 0.1686
vn -0.5263 -0.0486 0.8489
vn -0.1985 0.9663 0.1641
vn -0.4974 -0.2410 0.8333
vn -0.2920 0.8999 0.3240
vn -0.4496 -0.4244 0.7860
vn -0.3740 0.7989 0.4711
vn -0.3845 -0.5918 0.7084
vn -0.4415 0.6673 0.5998
vn -0.3045 -0.7369 0.6036
vn -0.4919 0.5104 0.7053
vn -0.3651 0.8917 0.2675
vn -0.5861 -0.4397 0.6806
vn -0.4723 0.7879 0.3952
vn -0.5042 -0.6052 0.6160
vn -0.5612 0.6539 0.5074
vn -0.4028 -0.7479 0.5277
vn -0.6284 0.4952 0.6000
vn -0.2858 -0.8619 0.4188
vn -0.6714 0.3177 0.6695
vn -0.1575 -0.9429 0.2936
vn -0.6889 0.1284 0.7134
vn -0.1126 0.9935 -0.0140
vn -0.0229 -0.9874 0.1569
vn -0.6801 -0.0658 0.7302
vn -0.2436 0.9612 0.1293
vn -0.6454 -0.2575 0.7191
vn -0.7941 0.3000 0.5286
vn -0.1948 -0.9483 0.2507
vn -0.8164 0.1100 0.5669
vn -0.1252 0.9917 -0.0285
vn -0.0355 -0.9892 0.1424
vn -0.8076 -0.0842 0.5837
vn -0.2810 0.9558 0.0864
vn -0.7681 -0.2752 0.5782
vn -0.4257 0.8829 0.1979
vn -0.6992 -0.4560 0.5506
vn -0.5538 0.7761 0.3015
vn -0.6034 -0.6196 0.5020
vn -0.6604 0.6396 0.3934
vn -0.4844 -0.7596 0.4340
vn -0.7415 0.4788 0.4700
vn -0.3464 -0.8707 0.3491
vn -0.7846 -0.4728 0.4011
vn -0.6154 0.7640 0.1937
vn -0.6784 -0.6343 0.3708
vn -0.7354 0.6249 0.2622
vn -0.5459 -0.7717 0.3262
vn -0.8269 0.4621 0.3204
vn -0.3922 -0.8797 0.2690
vn -0.8868 0.2819 0.3664
vn -0.2230 -0.9538 0.2013
vn -0.9127 0.0911 0.3983
vn -0.1347 0.9899 -0.0452
vn -0.0451 -0.9910 0.1257
vn -0.9039 -0.1031 0.4150
vn -0.3092 0.9503 0.0370
vn -0.8607 -0.2934 0.4160
vn -0.4715 0.8740 0.1177
vn -0.2410 -0.9593 0.1473
vn -0.9741 0.0724 0.2141
vn -0.1408 0.9880 -0.0634
vn -0.0512 -0.9929 0.1075
vn -0.9653 -0.1218 0.2308
vn -0.3272 0.9448 -0.0170
vn -0.9198 -0.3114 0.2388
vn -0.5007 0.8651 0.0301
vn -0.8391 -0.4893 0.2376
vn -0.6547 0.7521 0.0760
vn -0.7262 -0.6488 0.2274
vn -0.7832 0.6104 0.1188
vn -0.5852 -0.7837 0.2084
vn -0.8814 0.4455 0.1570
vn -0.4214 -0.8886 0.1814
vn -0.9458 0.2639 0.1891
vt 0.750000 0.062500
vt 0.750000 0.125000
vt 0.718750 0.125000
vt 0.718750 0.062500
vt 0.750000 0.500000
vt 0.750000 0.562500
vt 0.718750 0.562500
vt 0.718750 0.500000
vt 0.750000 0.937500
vt 0.734375 1.000000
vt 0.718750 0.937500
vt 0.734375 0.000000
vt 0.750000 0.437500
vt 0.718750 0.437500
vt 0.750000 0.875000
vt 0.718750 0.875000
vt 0.750000 0.375000
vt 0.718750 0.375000
vt 0.750000 0.812500
vt 0.718750 0.812500
vt 0.750000 0.312500
vt 0.718750 0.312500
vt 0.750000 0.750000
vt 0.718750 0.750000
vt 0.750000 0.250000
vt 0.718750 0.250000
vt 0.750000 0.687500
vt 0.718750 0.687500
vt 0.750000 0.187500
vt 0.718750 0.187500
vt 0.750000 0.625000
vt 0.718750 0.625000
vt 0.687500 0.687500
vt 0.687500 0.625000
vt 0.687500 0.187500
vt 0.687500 0.125000
vt 0.687500 0.562500
vt 0.687500 0.062500
vt 0.687500 0.500000
vt 0.703125 1.000000
vt 0.687500 0.937500
vt 0.703125 0.000000
vt 0.687500 0.437500
vt 0.687500 0.875000
vt 0.687500 0.375000
vt 0.687500 0.812500
vt 0.687500 0.312500
vt 0.687500 0.750000
vt 0.687500 0.250000
vt 0.656250 0.437500
vt 0.656250 0.375000
vt 0.656250 0.875000
vt 0.656250 0.812500
vt 0.656250 0.312500
vt 0.656250 0.750000
vt 0.656250 0.250000
vt 0.656250 0.687500
vt 0.656250 0.187500
vt 0.656250 0.625000
vt 0.656250 0.125000
vt 0.656250 0.562500
vt 0.656250 0.062500
vt 0.656250 0.500000
vt 0.671875 1.000000
vt 0.656250 0.937500
vt 0.671875 0.000000
vt 0.625000 0.187500
vt 0.625000 0.125000
vt 0.625000 0.625000
vt 0.625000 0.562500
vt 0.625000 0.062500
vt 0.625000 0.500000
vt 0.640625 1.000000
vt 0.625000 0.937500
vt 0.640625 0.000000
vt 0.625000 0.437500
vt 0.625000 0.875000
vt 0.625000 0.375000
vt 0.625000 0.812500
vt 0.625000 0.312500
vt 0.625000 0.750000
vt 0.625000 0.250000
vt 0.625000 0.687500
vt 0.593750 0.375000
vt 0.593750 0.312500
vt 0.593750 0.812500
vt 0.593750 0.750000
vt 0.593750 0.250000
vt 0.593750 0.687500
vt 0.593750 0.187500
vt 0.593750 0.625000
vt 0.593750 0.125000
vt 0.593750 0.562500
vt 0.593750 0.062500
vt 0.593750 0.500000
vt 0.609375 1.000000
vt 0.593750 0.937500
vt 0.609375 0.000000
vt 0.593750 0.437500
vt 0.593750 0.875000
vt 0.562500 0.125000
vt 0.562500 0.062500
vt 0.562500 0.562500
vt 0.562500 0.500000
vt 0.578125 1.000000
vt 0.562500 0.937500
vt 0.578125 0.000000
vt 0.562500 0.437500
vt 0.562500 0.875000
vt 0.562500 0.375000
vt 0.562500 0.812500
vt 0.562500 0.312500
vt 0.562500 0.750000
vt 0.562500 0.250000
vt 0.562500 0.687500
vt 0.562500 0.187500
vt 0.562500 0.625000
vt 0.531250 0.812500
vt 0.531250 0.750000
vt 0.531250 0.312500
vt 0.531250 0.250000
vt 0.531250 0.687500
vt 0.531250 0.187500
vt 0.531250 0.625000
vt 0.531250 0.125000
vt 0.531250 0.562500
vt 0.531250 0.062500
vt 0.531250 0.500000
vt 0.546875 1.000000
vt 0.531250 0.937500
vt 0.546875 0.000000
vt 0.531250 0.437500
vt 0.531250 0.875000
vt 0.531250 0.375000
vt 0.500000 0.562500
vt 0.500000 0.500000
vt 0.515625 1.000000
vt 0.500000 0.937500
vt 0.515625 0.000000
vt 0.500000 0.062500
vt 0.500000 0.437500
vt 0.500000 0.875000
vt 0.500000 0.375000
vt 0.500000 0.812500
vt 0.500000 0.312500
vt 0.500000 0.750000
vt 0.500000 0.250000
vt 0.500000 0.687500
vt 0.500000 0.187500
vt 0.500000 0.625000
vt 0.500000 0.125000
vt 0.468750 0.312500
vt 0.468750 0.250000
vt 0.468750 0.750000
vt 0.468750 0.687500
vt 0.468750 0.187500
vt 0.468750 0.625000
vt 0.468750 0.125000
vt 0.468750 0.562500
vt 0.468750 0.062500
vt 0.468750 0.500000
vt 0.484375 1.000000
vt 0.468750 0.937500
vt 0.484375 0.000000
vt 0.468750 0.437500
vt 0.468750 0.875000
vt 0.468750 0.375000
vt 0.468750 0.812500
vt 0.453125 1.000000
vt 0.437500 0.937500
vt 0.453125 0.000000
vt 0.437500 0.062500
vt 0.437500 0.500000
vt 0.437500 0.437500
vt 0.437500 0.875000
vt 0.437500 0.375000
vt 0.437500 0.812500
vt 0.437500 0.312500
vt 0.437500 0.750000
vt 0.437500 0.250000
vt 0.437500 0.687500
vt 0.437500 0.187500
vt 0.437500 0.625000
vt 0.437500 0.125000
vt 0.437500 0.562500
vt 0.406250 0.750000
vt 0.406250 0.687500
vt 0.406250 0.250000
vt 0.406250 0.187500
vt 0.406250 0.625000
vt 0.406250 0.125000
vt 0.406250 0.562500
vt 0.406250 0.062500
vt 0.406250 0.500000
vt 0.421875 1.000000
vt 0.406250 0.937500
vt 0.421875 0.000000
vt 0.406250 0.437500
vt 0.406250 0.875000
vt 0.406250 0.375000
vt 0.406250 0.812500
vt 0.406250 0.312500
vt 0.375000 0.500000
vt 0.375000 0.437500
vt 0.375000 0.937500
vt 0.375000 0.875000
vt 0.375000 0.375000
vt 0.375000 0.812500
vt 0.375000 0.312500
vt 0.375000 0.750000
vt 0.375000 0.250000
vt 0.375000 0.687500
vt 0.375000 0.187500
vt 0.375000 0.625000
vt 0.375000 0.125000
vt 0.375000 0.562500
vt 0.375000 0.062500
vt 0.390625 1.000000
vt 0.390625 0.000000
vt 0.343750 0.250000
vt 0.343750 0.187500
vt 0.343750 0.687500
vt 0.343750 0.625000
vt 0.343750 0.125000
vt 0.343750 0.562500
vt 0.343750 0.062500
vt 0.343750 0.500000
vt 0.359375 1.000000
vt 0.343750 0.937500
vt 0.359375 0.000000
vt 0.343750 0.437500
vt 0.343750 0.875000
vt 0.343750 0.375000
vt 0.343750 0.812500
vt 0.343750 0.312500
vt 0.343750 0.750000
vt 0.312500 0.437500
vt 0.312500 0.375000
vt 0.312500 0.875000
vt 0.312500 0.812500
vt 0.312500 0.312500
vt 0.312500 0.750000
vt 0.312500 0.250000
vt 0.312500 0.687500
vt 0.312500 0.187500
vt 0.312500 0.625000
vt 0.312500 0.125000
vt 0.312500 0.562500
vt 0.312500 0.062500
vt 0.312500 0.500000
vt 0.328125 1.000000
vt 0.312500 0.937500
vt 0.328125 0.000000
vt 0.281250 0.187500
vt 0.281250 0.125000
vt 0.281250 0.625000
vt 0.281250 0.562500
vt 0.281250 0.062500
vt 0.281250 0.500000
vt 0.296875 1.000000
vt 0.281250 0.937500
vt 0.296875 0.000000
vt 0.281250 0.437500
vt 0.281250 0.875000
vt 0.281250 0.375000
vt 0.281250 0.812500
vt 0.281250 0.312500
vt 0.281250 0.750000
vt 0.281250 0.250000
vt 0.281250 0.687500
vt 0.250000 0.875000
vt 0.250000 0.812500
vt 0.250000 0.375000
vt 0.250000 0.312500
vt 0.250000 0.750000
vt 0.250000 0.250000
vt 0.250000 0.687500
vt 0.250000 0.187500
vt 0.250000 0.625000
vt 0.250000 0.125000
vt 0.250000 0.562500
vt 0.250000 0.062500
vt 0.250000 0.500000
vt 0.265625 1.000000
vt 0.250000 0.937500
vt 0.265625 0.000000
vt 0.250000 0.437500
vt 0.218750 0.625000
vt 0.218750 0.562500
vt 0.218750 0.125000
vt 0.218750 0.062500
vt 0.218750 0.500000
vt 0.234375 1.000000
vt 0.218750 0.937500
vt 0.234375 0.000000
vt 0.218750 0.437500
vt 0.218750 0.875000
vt 0.218750 0.375000
vt 0.218750 0.812500
vt 0.218750 0.312500
vt 0.218750 0.750000
vt 0.218750 0.250000
vt 0.218750 0.687500
vt 0.218750 0.187500
vt 0.187500 0.375000
vt 0.187500 0.312500
vt 0.187500 0.812500
vt 0.187500 0.750000
vt 0.187500 0.250000
vt 0.187500 0.687500
vt 0.187500 0.187500
vt 0.187500 0.625000
vt 0.187500 0.125000
vt 0.187500 0.562500
vt 0.187500 0.062500
vt 0.187500 0.500000
vt 0.203125 1.000000
vt 0.187500 0.937500
vt 0.203125 0.000000
vt 0.187500 0.437500
vt 0.187500 0.875000
vt 0.156250 0.125000
vt 0.156250 0.062500
vt 0.156250 0.562500
vt 0.156250 0.500000
vt 0.171875 1.000000
vt 0.156250 0.937500
vt 0.171875 0.000000
vt 0.156250 0.437500
vt 0.156250 0.875000
vt 0.156250 0.375000
vt 0.156250 0.812500
vt 0.156250 0.312500
vt 0.156250 0.750000
vt 0.156250 0.250000
vt 0.156250 0.687500
vt 0.156250 0.187500
vt 0.156250 0.625000
vt 0.125000 0.812500
vt 0.125000 0.750000
vt 0.125000 0.312500
vt 0.125000 0.250000
vt 0.125000 0.687500
vt 0.125000 0.187500
vt 0.125000 0.625000
vt 0.125000 0.125000
vt 0.125000 0.562500
vt 0.125000 0.062500
vt 0.125000 0.500000
vt 0.140625 1.000000
vt 0.125000 0.937500
vt 0.140625 0.000000
vt 0.125000 0.437500
vt 0.125000 0.875000
vt 0.125000 0.375000
vt 0.093750 0.562500
vt 0.093750 0.500000
vt 0.109375 1.000000
vt 0.093750 0.937500
vt 0.109375 0.000000
vt 0.093750 0.062500
vt 0.093750 0.437500
vt 0.093750 0.875000
vt 0.093750 0.375000
vt 0.093750 0.812500
vt 0.093750 0.312500
vt 0.093750 0.750000
vt 0.093750 0.250000
vt 0.093750 0.687500
vt 0.093750 0.187500
vt 0.093750 0.625000
vt 0.093750 0.125000
vt 0.062500 0.312500
vt 0.062500 0.250000
vt 0.062500 0.750000
vt 0.062500 0.687500
vt 0.062500 0.187500
vt 0.062500 0.625000
vt 0.062500 0.125000
vt 0.062500 0.562500
vt 0.062500 0.062500
vt 0.062500 0.500000
vt 0.078125 1.000000
vt 0.062500 0.937500
vt 0.078125 0.000000
vt 0.062500 0.437500
vt 0.062500 0.875000
vt 0.062500 0.375000
vt 0.062500 0.812500
vt 0.046875 0.000000
vt 0.031250 0.062500
vt 0.031250 0.500000
vt 0.031250 0.437500
vt 0.031250 0.937500
vt 0.031250 0.875000
vt 0.031250 0.375000
vt 0.031250 0.812500
vt 0.031250 0.312500
vt 0.031250 0.750000
vt 0.031250 0.250000
vt 0.031250 0.687500
vt 0.031250 0.187500
vt 0.031250 0.625000
vt 0.031250 0.125000
vt 0.031250 0.562500
vt 0.046875 1.000000
vt 0.000000 0.250000
vt 0.000000 0.187500
vt 0.000000 0.687500
vt 0.000000 0.625000
vt 0.000000 0.125000
vt 0.000000 0.562500
vt 0.000000 0.062500
vt 0.000000 0.500000
vt 0.015625 1.000000
vt 0.000000 0.937500
vt 0.015625 0.000000
vt 0.000000 0.437500
vt 0.000000 0.875000
vt 0.000000 0.375000
vt 0.000000 0.812500
vt 0.000000 0.312500
vt 0.000000 0.750000
vt 1.000000 0.875000
vt 1.000000 0.937500
vt 0.968750 0.937500
vt 0.968750 0.875000
vt 1.000000 0.375000
vt 1.000000 0.437500
vt 0.968750 0.437500
vt 0.968750 0.375000
vt 1.000000 0.812500
vt 0.968750 0.812500
vt 1.000000 0.312500
vt 0.968750 0.312500
vt 1.000000 0.750000
vt 0.968750 0.750000
vt 1.000000 0.250000
vt 0.968750 0.250000
vt 1.000000 0.687500
vt 0.968750 0.687500
vt 1.000000 0.187500
vt 0.968750 0.187500
vt 1.000000 0.625000
vt 0.968750 0.625000
vt 1.000000 0.125000
vt 0.968750 0.125000
vt 1.000000 0.562500
vt 0.968750 0.562500
vt 1.000000 0.062500
vt 0.968750 0.062500
vt 1.000000 0.500000
vt 0.968750 0.500000
vt 0.984375 1.000000
vt 0.984375 0.000000
vt 0.937500 0.687500
vt 0.937500 0.625000
vt 0.937500 0.187500
vt 0.937500 0.125000
vt 0.937500 0.562500
vt 0.937500 0.062500
vt 0.937500 0.500000
vt 0.953125 1.000000
vt 0.937500 0.937500
vt 0.953125 0.000000
vt 0.937500 0.437500
vt 0.937500 0.875000
vt 0.937500 0.375000
vt 0.937500 0.812500
vt 0.937500 0.312500
vt 0.937500 0.750000
vt 0.937500 0.250000
vt 0.906250 0.437500
vt 0.906250 0.375000
vt 0.906250 0.875000
vt 0.906250 0.812500
vt 0.906250 0.312500
vt 0.906250 0.750000
vt 0.906250 0.250000
vt 0.906250 0.687500
vt 0.906250 0.187500
vt 0.906250 0.625000
vt 0.906250 0.125000
vt 0.906250 0.562500
vt 0.906250 0.062500
vt 0.906250 0.500000
vt 0.921875 1.000000
vt 0.906250 0.937500
vt 0.921875 0.000000
vt 0.875000 0.187500
vt 0.875000 0.125000
vt 0.875000 0.625000
vt 0.875000 0.562500
vt 0.875000 0.062500
vt 0.875000 0.500000
vt 0.890625 1.000000
vt 0.875000 0.937500
vt 0.890625 0.000000
vt 0.875000 0.437500
vt 0.875000 0.875000
vt 0.875000 0.375000
vt 0.875000 0.812500
vt 0.875000 0.312500
vt 0.875000 0.750000
vt 0.875000 0.250000
vt 0.875000 0.687500
vt 0.843750 0.875000
vt 0.843750 0.812500
vt 0.843750 0.375000
vt 0.843750 0.312500
vt 0.843750 0.750000
vt 0.843750 0.250000
vt 0.843750 0.687500
vt 0.843750 0.187500
vt 0.843750 0.625000
vt 0.843750 0.125000
vt 0.843750 0.562500
vt 0.843750 0.062500
vt 0.843750 0.500000
vt 0.859375 1.000000
vt 0.843750 0.937500
vt 0.859375 0.000000
vt 0.843750 0.437500
vt 0.812500 0.625000
vt 0.812500 0.562500
vt 0.812500 0.125000
vt 0.812500 0.062500
vt 0.812500 0.500000
vt 0.828125 1.000000
vt 0.812500 0.937500
vt 0.828125 0.000000
vt 0.812500 0.437500
vt 0.812500 0.875000
vt 0.812500 0.375000
vt 0.812500 0.812500
vt 0.812500 0.312500
vt 0.812500 0.750000
vt 0.812500 0.250000
vt 0.812500 0.687500
vt 0.812500 0.187500
vt 0.781250 0.375000
vt 0.781250 0.312500
vt 0.781250 0.812500
vt 0.781250 0.750000
vt 0.781250 0.250000
vt 0.781250 0.687500
vt 0.781250 0.187500
vt 0.781250 0.625000
vt 0.781250 0.125000
vt 0.781250 0.562500
vt 0.781250 0.062500
vt 0.781250 0.500000
vt 0.796875 1.000000
vt 0.781250 0.937500
vt 0.796875 0.000000
vt 0.781250 0.437500
vt 0.781250 0.875000
vt 0.765625 1.000000
vt 0.765625 0.000000
s 0
usemtl tree.001
f 2592/2998/1874 2591/2999/1874 2130/3000/1874 2131/3001/1874
f 2114/3002/1875 2113/3003/1875 2123/3004/1875 2124/3005/1875
f 2584/3006/1876 2192/3007/1876 2117/3008/1876
f 2418/3009/1877 2592/2998/1877 2131/3001/1877
f 2115/3010/1878 2114/3002/1878 2124/3005/1878 2125/3011/1878
f 2585/3012/1879 2584/3006/1879 2117/3008/1879 2118/3013/1879
f 2588/3014/1880 2115/3010/1880 2125/3011/1880 2126/3015/1880
f 2111/3016/1881 2585/3012/1881 2118/3013/1881 2119/3017/1881
f 2116/3018/1882 2588/3014/1882 2126/3015/1882 2127/3019/1882
f 2586/3020/1883 2111/3016/1883 2119/3017/1883 2120/3021/1883
f 2589/3022/1884 2116/3018/1884 2127/3019/1884 2128/3023/1884
f 2112/3024/1885 2586/3020/1885 2120/3021/1885 2121/3025/1885
f 2590/3026/1886 2589/3022/1886 2128/3023/1886 2129/3027/1886
f 2587/3028/1887 2112/3024/1887 2121/3025/1887 2122/3029/1887
f 2591/2999/1888 2590/3026/1888 2129/3027/1888 2130/3000/1888
f 2113/3003/1889 2587/3028/1889 2122/3029/1889 2123/3004/1889
f 2122/3029/1890 2121/3025/1890 2136/3030/1890 2137/3031/1890
f 2130/3000/1891 2129/3027/1891 2144/3032/1891 2145/3033/1891
f 2123/3004/1892 2122/3029/1892 2137/3031/1892 2138/3034/1892
f 2131/3001/1893 2130/3000/1893 2145/3033/1893 2146/3035/1893
f 2124/3005/1894 2123/3004/1894 2138/3034/1894 2139/3036/1894
f 2117/3008/1895 2192/3037/1895 2132/3038/1895
f 2418/3039/1896 2131/3001/1896 2146/3035/1896
f 2125/3011/1897 2124/3005/1897 2139/3036/1897 2140/3040/1897
f 2118/3013/1898 2117/3008/1898 2132/3038/1898 2133/3041/1898
f 2126/3015/1899 2125/3011/1899 2140/3040/1899 2141/3042/1899
f 2119/3017/1900 2118/3013/1900 2133/3041/1900 2134/3043/1900
f 2127/3019/1901 2126/3015/1901 2141/3042/1901 2142/3044/1901
f 2120/3021/1902 2119/3017/1902 2134/3043/1902 2135/3045/1902
f 2128/3023/1903 2127/3019/1903 2142/3044/1903 2143/3046/1903
f 2121/3025/1904 2120/3021/1904 2135/3045/1904 2136/3030/1904
f 2129/3027/1905 2128/3023/1905 2143/3046/1905 2144/3032/1905
f 2141/3042/1906 2140/3040/1906 2155/3047/1906 2156/3048/1906
f 2134/3043/1907 2133/3041/1907 2148/3049/1907 2149/3050/1907
f 2142/3044/1908 2141/3042/1908 2156/3048/1908 2157/3051/1908
f 2135/3045/1909 2134/3043/1909 2149/3050/1909 2150/3052/1909
f 2143/3046/1910 2142/3044/1910 2157/3051/1910 2158/3053/1910
f 2136/3030/1911 2135/3045/1911 2150/3052/1911 2151/3054/1911
f 2144/3032/1912 2143/3046/1912 2158/3053/1912 2159/3055/1912
f 2137/3031/1913 2136/3030/1913 2151/3054/1913 2152/3056/1913
f 2145/3033/1914 2144/3032/1914 2159/3055/1914 2160/3057/1914
f 2138/3034/1915 2137/3031/1915 2152/3056/1915 2153/3058/1915
f 2146/3035/1916 2145/3033/1916 2160/3057/1916 2161/3059/1916
f 2139/3036/1917 2138/3034/1917 2153/3058/1917 2154/3060/1917
f 2132/3038/1918 2192/3061/1918 2147/3062/1918
f 2418/3063/1919 2146/3035/1919 2161/3059/1919
f 2140/3040/1920 2139/3036/1920 2154/3060/1920 2155/3047/1920
f 2133/3041/1921 2132/3038/1921 2147/3062/1921 2148/3049/1921
f 2160/3057/1922 2159/3055/1922 2174/3064/1922 2175/3065/1922
f 2153/3058/1923 2152/3056/1923 2167/3066/1923 2168/3067/1923
f 2161/3059/1924 2160/3057/1924 2175/3065/1924 2176/3068/1924
f 2154/3060/1925 2153/3058/1925 2168/3067/1925 2169/3069/1925
f 2147/3062/1926 2192/3070/1926 2162/3071/1926
f 2418/3072/1927 2161/3059/1927 2176/3068/1927
f 2155/3047/1928 2154/3060/1928 2169/3069/1928 2170/3073/1928
f 2148/3049/1929 2147/3062/1929 2162/3071/1929 2163/3074/1929
f 2156/3048/1930 2155/3047/1930 2170/3073/1930 2171/3075/1930
f 2149/3050/1931 2148/3049/1931 2163/3074/1931 2164/3076/1931
f 2157/3051/1932 2156/3048/1932 2171/3075/1932 2172/3077/1932
f 2150/3052/1933 2149/3050/1933 2164/3076/1933 2165/3078/1933
f 2158/3053/1934 2157/3051/1934 2172/3077/1934 2173/3079/1934
f 2151/3054/1935 2150/3052/1935 2165/3078/1935 2166/3080/1935
f 2159/3055/1936 2158/3053/1936 2173/3079/1936 2174/3064/1936
f 2152/3056/1937 2151/3054/1937 2166/3080/1937 2167/3066/1937
f 2172/3077/1938 2171/3075/1938 2186/3081/1938 2187/3082/1938
f 2165/3078/1939 2164/3076/1939 2179/3083/1939 2180/3084/1939
f 2173/3079/1940 2172/3077/1940 2187/3082/1940 2188/3085/1940
f 2166/3080/1941 2165/3078/1941 2180/3084/1941 2181/3086/1941
f 2174/3064/1942 2173/3079/1942 2188/3085/1942 2189/3087/1942
f 2167/3066/1943 2166/3080/1943 2181/3086/1943 2182/3088/1943
f 2175/3065/1944 2174/3064/1944 2189/3087/1944 2190/3089/1944
f 2168/3067/1945 2167/3066/1945 2182/3088/1945 2183/3090/1945
f 2176/3068/1946 2175/3065/1946 2190/3089/1946 2191/3091/1946
f 2169/3069/1947 2168/3067/1947 2183/3090/1947 2184/3092/1947
f 2162/3071/1948 2192/3093/1948 2177/3094/1948
f 2418/3095/1949 2176/3068/1949 2191/3091/1949
f 2170/3073/1950 2169/3069/1950 2184/3092/1950 2185/3096/1950
f 2163/3074/1951 2162/3071/1951 2177/3094/1951 2178/3097/1951
f 2171/3075/1952 2170/3073/1952 2185/3096/1952 2186/3081/1952
f 2164/3076/1953 2163/3074/1953 2178/3097/1953 2179/3083/1953
f 2191/3091/1954 2190/3089/1954 2206/3098/1954 2207/3099/1954
f 2184/3092/1955 2183/3090/1955 2199/3100/1955 2200/3101/1955
f 2177/3094/1956 2192/3102/1956 2193/3103/1956
f 2418/3104/1957 2191/3091/1957 2207/3099/1957
f 2185/3096/1958 2184/3092/1958 2200/3101/1958 2201/3105/1958
f 2178/3097/1959 2177/3094/1959 2193/3103/1959 2194/3106/1959
f 2186/3081/1960 2185/3096/1960 2201/3105/1960 2202/3107/1960
f 2179/3083/1961 2178/3097/1961 2194/3106/1961 2195/3108/1961
f 2187/3082/1962 2186/3081/1962 2202/3107/1962 2203/3109/1962
f 2180/3084/1963 2179/3083/1963 2195/3108/1963 2196/3110/1963
f 2188/3085/1964 2187/3082/1964 2203/3109/1964 2204/3111/1964
f 2181/3086/1965 2180/3084/1965 2196/3110/1965 2197/3112/1965
f 2189/3087/1966 2188/3085/1966 2204/3111/1966 2205/3113/1966
f 2182/3088/1967 2181/3086/1967 2197/3112/1967 2198/3114/1967
f 2190/3089/1968 2189/3087/1968 2205/3113/1968 2206/3098/1968
f 2183/3090/1969 2182/3088/1969 2198/3114/1969 2199/3100/1969
f 2196/3110/1970 2195/3108/1970 2210/3115/1970 2211/3116/1970
f 2204/3111/1971 2203/3109/1971 2218/3117/1971 2219/3118/1971
f 2197/3112/1972 2196/3110/1972 2211/3116/1972 2212/3119/1972
f 2205/3113/1973 2204/3111/1973 2219/3118/1973 2220/3120/1973
f 2198/3114/1974 2197/3112/1974 2212/3119/1974 2213/3121/1974
f 2206/3098/1975 2205/3113/1975 2220/3120/1975 2221/3122/1975
f 2199/3100/1976 2198/3114/1976 2213/3121/1976 2214/3123/1976
f 2207/3099/1977 2206/3098/1977 2221/3122/1977 2222/3124/1977
f 2200/3101/1978 2199/3100/1978 2214/3123/1978 2215/3125/1978
f 2193/3103/1979 2192/3126/1979 2208/3127/1979
f 2418/3128/1980 2207/3099/1980 2222/3124/1980
f 2201/3105/1981 2200/3101/1981 2215/3125/1981 2216/3129/1981
f 2194/3106/1982 2193/3103/1982 2208/3127/1982 2209/3130/1982
f 2202/3107/1983 2201/3105/1983 2216/3129/1983 2217/3131/1983
f 2195/3108/1984 2194/3106/1984 2209/3130/1984 2210/3115/1984
f 2203/3109/1985 2202/3107/1985 2217/3131/1985 2218/3117/1985
f 2215/3125/1986 2214/3123/1986 2229/3132/1986 2230/3133/1986
f 2208/3127/1987 2192/3134/1987 2223/3135/1987
f 2418/3136/1988 2222/3124/1988 2237/3137/1988
f 2216/3129/1989 2215/3125/1989 2230/3133/1989 2231/3138/1989
f 2209/3130/1990 2208/3127/1990 2223/3135/1990 2224/3139/1990
f 2217/3131/1991 2216/3129/1991 2231/3138/1991 2232/3140/1991
f 2210/3115/1992 2209/3130/1992 2224/3139/1992 2225/3141/1992
f 2218/3117/1993 2217/3131/1993 2232/3140/1993 2233/3142/1993
f 2211/3116/1994 2210/3115/1994 2225/3141/1994 2226/3143/1994
f 2219/3118/1995 2218/3117/1995 2233/3142/1995 2234/3144/1995
f 2212/3119/1996 2211/3116/1996 2226/3143/1996 2227/3145/1996
f 2220/3120/1997 2219/3118/1997 2234/3144/1997 2235/3146/1997
f 2213/3121/1998 2212/3119/1998 2227/3145/1998 2228/3147/1998
f 2221/3122/1999 2220/3120/1999 2235/3146/1999 2236/3148/1999
f 2214/3123/2000 2213/3121/2000 2228/3147/2000 2229/3132/2000
f 2222/3124/2001 2221/3122/2001 2236/3148/2001 2237/3137/2001
f 2234/3144/2002 2233/3142/2002 2248/3149/2002 2249/3150/2002
f 2227/3145/2003 2226/3143/2003 2241/3151/2003 2242/3152/2003
f 2235/3146/2004 2234/3144/2004 2249/3150/2004 2250/3153/2004
f 2228/3147/2005 2227/3145/2005 2242/3152/2005 2243/3154/2005
f 2236/3148/2006 2235/3146/2006 2250/3153/2006 2251/3155/2006
f 2229/3132/2007 2228/3147/2007 2243/3154/2007 2244/3156/2007
f 2237/3137/2008 2236/3148/2008 2251/3155/2008 2252/3157/2008
f 2230/3133/2009 2229/3132/2009 2244/3156/2009 2245/3158/2009
f 2223/3135/2010 2192/3159/2010 2238/3160/2010
f 2418/3161/2011 2237/3137/2011 2252/3157/2011
f 2231/3138/2012 2230/3133/2012 2245/3158/2012 2246/3162/2012
f 2224/3139/2013 2223/3135/2013 2238/3160/2013 2239/3163/2013
f 2232/3140/2014 2231/3138/2014 2246/3162/2014 2247/3164/2014
f 2225/3141/2015 2224/3139/2015 2239/3163/2015 2240/3165/2015
f 2233/3142/2016 2232/3140/2016 2247/3164/2016 2248/3149/2016
f 2226/3143/2017 2225/3141/2017 2240/3165/2017 2241/3151/2017
f 2238/3160/2018 2192/3166/2018 2253/3167/2018
f 2418/3168/2019 2252/3157/2019 2267/3169/2019
f 2246/3162/2020 2245/3158/2020 2260/3170/2020 2261/3171/2020
f 2239/3163/2021 2238/3160/2021 2253/3167/2021 2254/3172/2021
f 2247/3164/2022 2246/3162/2022 2261/3171/2022 2262/3173/2022
f 2240/3165/2023 2239/3163/2023 2254/3172/2023 2255/3174/2023
f 2248/3149/2024 2247/3164/2024 2262/3173/2024 2263/3175/2024
f 2241/3151/2025 2240/3165/2025 2255/3174/2025 2256/3176/2025
f 2249/3150/2026 2248/3149/2026 2263/3175/2026 2264/3177/2026
f 2242/3152/2027 2241/3151/2027 2256/3176/2027 2257/3178/2027
f 2250/3153/2028 2249/3150/2028 2264/3177/2028 2265/3179/2028
f 2243/3154/2029 2242/3152/2029 2257/3178/2029 2258/3180/2029
f 2251/3155/2030 2250/3153/2030 2265/3179/2030 2266/3181/2030
f 2244/3156/2031 2243/3154/2031 2258/3180/2031 2259/3182/2031
f 2252/3157/2032 2251/3155/2032 2266/3181/2032 2267/3169/2032
f 2245/3158/2033 2244/3156/2033 2259/3182/2033 2260/3170/2033
f 2257/3178/2034 2256/3176/2034 2271/3183/2034 2272/3184/2034
f 2265/3179/2035 2264/3177/2035 2279/3185/2035 2280/3186/2035
f 2258/3180/2036 2257/3178/2036 2272/3184/2036 2273/3187/2036
f 2266/3181/2037 2265/3179/2037 2280/3186/2037 2281/3188/2037
f 2259/3182/2038 2258/3180/2038 2273/3187/2038 2274/3189/2038
f 2267/3169/2039 2266/3181/2039 2281/3188/2039 2282/3190/2039
f 2260/3170/2040 2259/3182/2040 2274/3189/2040 2275/3191/2040
f 2253/3167/2041 2192/3192/2041 2268/3193/2041
f 2418/3194/2042 2267/3169/2042 2282/3190/2042
f 2261/3171/2043 2260/3170/2043 2275/3191/2043 2276/3195/2043
f 2254/3172/2044 2253/3167/2044 2268/3193/2044 2269/3196/2044
f 2262/3173/2045 2261/3171/2045 2276/3195/2045 2277/3197/2045
f 2255/3174/2046 2254/3172/2046 2269/3196/2046 2270/3198/2046
f 2263/3175/2047 2262/3173/2047 2277/3197/2047 2278/3199/2047
f 2256/3176/2048 2255/3174/2048 2270/3198/2048 2271/3183/2048
f 2264/3177/2049 2263/3175/2049 2278/3199/2049 2279/3185/2049
f 2276/3195/2050 2275/3191/2050 2290/3200/2050 2291/3201/2050
f 2269/3196/2051 2268/3193/2051 2283/3202/2051 2284/3203/2051
f 2277/3197/2052 2276/3195/2052 2291/3201/2052 2292/3204/2052
f 2270/3198/2053 2269/3196/2053 2284/3203/2053 2285/3205/2053
f 2278/3199/2054 2277/3197/2054 2292/3204/2054 2293/3206/2054
f 2271/3183/2055 2270/3198/2055 2285/3205/2055 2286/3207/2055
f 2279/3185/2056 2278/3199/2056 2293/3206/2056 2294/3208/2056
f 2272/3184/2057 2271/3183/2057 2286/3207/2057 2287/3209/2057
f 2280/3186/2058 2279/3185/2058 2294/3208/2058 2295/3210/2058
f 2273/3187/2059 2272/3184/2059 2287/3209/2059 2288/3211/2059
f 2281/3188/2060 2280/3186/2060 2295/3210/2060 2296/3212/2060
f 2274/3189/2061 2273/3187/2061 2288/3211/2061 2289/3213/2061
f 2282/3190/2062 2281/3188/2062 2296/3212/2062 2297/3214/2062
f 2275/3191/2063 2274/3189/2063 2289/3213/2063 2290/3200/2063
f 2268/3193/2064 2192/3215/2064 2283/3202/2064
f 2418/3216/2065 2282/3190/2065 2297/3214/2065
f 2295/3210/2066 2294/3208/2066 2309/3217/2066 2310/3218/2066
f 2288/3211/2067 2287/3209/2067 2302/3219/2067 2303/3220/2067
f 2296/3212/2068 2295/3210/2068 2310/3218/2068 2311/3221/2068
f 2289/3213/2069 2288/3211/2069 2303/3220/2069 2304/3222/2069
f 2297/3214/2070 2296/3212/2070 2311/3221/2070 2312/3223/2070
f 2290/3200/2071 2289/3213/2071 2304/3222/2071 2305/3224/2071
f 2283/3202/2072 2192/3225/2072 2298/3226/2072
f 2418/3227/2073 2297/3214/2073 2312/3223/2073
f 2291/3201/2074 2290/3200/2074 2305/3224/2074 2306/3228/2074
f 2284/3203/2075 2283/3202/2075 2298/3226/2075 2299/3229/2075
f 2292/3204/2076 2291/3201/2076 2306/3228/2076 2307/3230/2076
f 2285/3205/2077 2284/3203/2077 2299/3229/2077 2300/3231/2077
f 2293/3206/2078 2292/3204/2078 2307/3230/2078 2308/3232/2078
f 2286/3207/2079 2285/3205/2079 2300/3231/2079 2301/3233/2079
f 2294/3208/2080 2293/3206/2080 2308/3232/2080 2309/3217/2080
f 2287/3209/2081 2286/3207/2081 2301/3233/2081 2302/3219/2081
f 2307/3230/2082 2306/3228/2082 2321/3234/2082 2322/3235/2082
f 2300/3231/2083 2299/3229/2083 2314/3236/2083 2315/3237/2083
f 2308/3232/2084 2307/3230/2084 2322/3235/2084 2323/3238/2084
f 2301/3233/2085 2300/3231/2085 2315/3237/2085 2316/3239/2085
f 2309/3217/2086 2308/3232/2086 2323/3238/2086 2324/3240/2086
f 2302/3219/2087 2301/3233/2087 2316/3239/2087 2317/3241/2087
f 2310/3218/2088 2309/3217/2088 2324/3240/2088 2325/3242/2088
f 2303/3220/2089 2302/3219/2089 2317/3241/2089 2318/3243/2089
f 2311/3221/2090 2310/3218/2090 2325/3242/2090 2326/3244/2090
f 2304/3222/2091 2303/3220/2091 2318/3243/2091 2319/3245/2091
f 2312/3223/2092 2311/3221/2092 2326/3244/2092 2327/3246/2092
f 2305/3224/2093 2304/3222/2093 2319/3245/2093 2320/3247/2093
f 2298/3226/2094 2192/3248/2094 2313/3249/2094
f 2418/3250/2095 2312/3223/2095 2327/3246/2095
f 2306/3228/2096 2305/3224/2096 2320/3247/2096 2321/3234/2096
f 2299/3229/2097 2298/3226/2097 2313/3249/2097 2314/3236/2097
f 2326/3244/2098 2325/3242/2098 2340/3251/2098 2341/3252/2098
f 2319/3245/2099 2318/3243/2099 2333/3253/2099 2334/3254/2099
f 2327/3246/2100 2326/3244/2100 2341/3252/2100 2342/3255/2100
f 2320/3247/2101 2319/3245/2101 2334/3254/2101 2335/3256/2101
f 2313/3249/2102 2192/3257/2102 2328/3258/2102
f 2418/3259/2103 2327/3246/2103 2342/3255/2103
f 2321/3234/2104 2320/3247/2104 2335/3256/2104 2336/3260/2104
f 2314/3236/2105 2313/3249/2105 2328/3258/2105 2329/3261/2105
f 2322/3235/2106 2321/3234/2106 2336/3260/2106 2337/3262/2106
f 2315/3237/2107 2314/3236/2107 2329/3261/2107 2330/3263/2107
f 2323/3238/2108 2322/3235/2108 2337/3262/2108 2338/3264/2108
f 2316/3239/2109 2315/3237/2109 2330/3263/2109 2331/3265/2109
f 2324/3240/2110 2323/3238/2110 2338/3264/2110 2339/3266/2110
f 2317/3241/2111 2316/3239/2111 2331/3265/2111 2332/3267/2111
f 2325/3242/2112 2324/3240/2112 2339/3266/2112 2340/3251/2112
f 2318/3243/2113 2317/3241/2113 2332/3267/2113 2333/3253/2113
f 2330/3263/2114 2329/3261/2114 2344/3268/2114 2345/3269/2114
f 2338/3264/2115 2337/3262/2115 2352/3270/2115 2353/3271/2115
f 2331/3265/2116 2330/3263/2116 2345/3269/2116 2346/3272/2116
f 2339/3266/2117 2338/3264/2117 2353/3271/2117 2354/3273/2117
f 2332/3267/2118 2331/3265/2118 2346/3272/2118 2347/3274/2118
f 2340/3251/2119 2339/3266/2119 2354/3273/2119 2355/3275/2119
f 2333/3253/2120 2332/3267/2120 2347/3274/2120 2348/3276/2120
f 2341/3252/2121 2340/3251/2121 2355/3275/2121 2356/3277/2121
f 2334/3254/2122 2333/3253/2122 2348/3276/2122 2349/3278/2122
f 2342/3255/2123 2341/3252/2123 2356/3277/2123 2357/3279/2123
f 2335/3256/2124 2334/3254/2124 2349/3278/2124 2350/3280/2124
f 2328/3258/2125 2192/3281/2125 2343/3282/2125
f 2418/3283/2126 2342/3255/2126 2357/3279/2126
f 2336/3260/2127 2335/3256/2127 2350/3280/2127 2351/3284/2127
f 2329/3261/2128 2328/3258/2128 2343/3282/2128 2344/3268/2128
f 2337/3262/2129 2336/3260/2129 2351/3284/2129 2352/3270/2129
f 2349/3278/2130 2348/3276/2130 2363/3285/2130 2364/3286/2130
f 2357/3279/2131 2356/3277/2131 2371/3287/2131 2372/3288/2131
f 2350/3280/2132 2349/3278/2132 2364/3286/2132 2365/3289/2132
f 2343/3282/2133 2192/3290/2133 2358/3291/2133
f 2418/3292/2134 2357/3279/2134 2372/3288/2134
f 2351/3284/2135 2350/3280/2135 2365/3289/2135 2366/3293/2135
f 2344/3268/2136 2343/3282/2136 2358/3291/2136 2359/3294/2136
f 2352/3270/2137 2351/3284/2137 2366/3293/2137 2367/3295/2137
f 2345/3269/2138 2344/3268/2138 2359/3294/2138 2360/3296/2138
f 2353/3271/2139 2352/3270/2139 2367/3295/2139 2368/3297/2139
f 2346/3272/2140 2345/3269/2140 2360/3296/2140 2361/3298/2140
f 2354/3273/2141 2353/3271/2141 2368/3297/2141 2369/3299/2141
f 2347/3274/2142 2346/3272/2142 2361/3298/2142 2362/3300/2142
f 2355/3275/2143 2354/3273/2143 2369/3299/2143 2370/3301/2143
f 2348/3276/2144 2347/3274/2144 2362/3300/2144 2363/3285/2144
f 2356/3277/2145 2355/3275/2145 2370/3301/2145 2371/3287/2145
f 2368/3297/2146 2367/3295/2146 2382/3302/2146 2383/3303/2146
f 2361/3298/2147 2360/3296/2147 2375/3304/2147 2376/3305/2147
f 2369/3299/2148 2368/3297/2148 2383/3303/2148 2384/3306/2148
f 2362/3300/2149 2361/3298/2149 2376/3305/2149 2377/3307/2149
f 2370/3301/2150 2369/3299/2150 2384/3306/2150 2385/3308/2150
f 2363/3285/2151 2362/3300/2151 2377/3307/2151 2378/3309/2151
f 2371/3287/2152 2370/3301/2152 2385/3308/2152 2386/3310/2152
f 2364/3286/2153 2363/3285/2153 2378/3309/2153 2379/3311/2153
f 2372/3288/2154 2371/3287/2154 2386/3310/2154 2387/3312/2154
f 2365/3289/2155 2364/3286/2155 2379/3311/2155 2380/3313/2155
f 2358/3291/2156 2192/3314/2156 2373/3315/2156
f 2418/3316/2157 2372/3288/2157 2387/3312/2157
f 2366/3293/2158 2365/3289/2158 2380/3313/2158 2381/3317/2158
f 2359/3294/2159 2358/3291/2159 2373/3315/2159 2374/3318/2159
f 2367/3295/2160 2366/3293/2160 2381/3317/2160 2382/3302/2160
f 2360/3296/2161 2359/3294/2161 2374/3318/2161 2375/3304/2161
f 2387/3312/2162 2386/3310/2162 2401/3319/2162 2402/3320/2162
f 2380/3313/2163 2379/3311/2163 2394/3321/2163 2395/3322/2163
f 2373/3315/2164 2192/3323/2164 2388/3324/2164
f 2418/3325/2165 2387/3312/2165 2402/3320/2165
f 2381/3317/2166 2380/3313/2166 2395/3322/2166 2396/3326/2166
f 2374/3318/2167 2373/3315/2167 2388/3324/2167 2389/3327/2167
f 2382/3302/2168 2381/3317/2168 2396/3326/2168 2397/3328/2168
f 2375/3304/2169 2374/3318/2169 2389/3327/2169 2390/3329/2169
f 2383/3303/2170 2382/3302/2170 2397/3328/2170 2398/3330/2170
f 2376/3305/2171 2375/3304/2171 2390/3329/2171 2391/3331/2171
f 2384/3306/2172 2383/3303/2172 2398/3330/2172 2399/3332/2172
f 2377/3307/2173 2376/3305/2173 2391/3331/2173 2392/3333/2173
f 2385/3308/2174 2384/3306/2174 2399/3332/2174 2400/3334/2174
f 2378/3309/2175 2377/3307/2175 2392/3333/2175 2393/3335/2175
f 2386/3310/2176 2385/3308/2176 2400/3334/2176 2401/3319/2176
f 2379/3311/2177 2378/3309/2177 2393/3335/2177 2394/3321/2177
f 2391/3331/2178 2390/3329/2178 2405/3336/2178 2406/3337/2178
f 2399/3332/2179 2398/3330/2179 2413/3338/2179 2414/3339/2179
f 2392/3333/2180 2391/3331/2180 2406/3337/2180 2407/3340/2180
f 2400/3334/2181 2399/3332/2181 2414/3339/2181 2415/3341/2181
f 2393/3335/2182 2392/3333/2182 2407/3340/2182 2408/3342/2182
f 2401/3319/2183 2400/3334/2183 2415/3341/2183 2416/3343/2183
f 2394/3321/2184 2393/3335/2184 2408/3342/2184 2409/3344/2184
f 2402/3320/2185 2401/3319/2185 2416/3343/2185 2417/3345/2185
f 2395/3322/2186 2394/3321/2186 2409/3344/2186 2410/3346/2186
f 2388/3324/2187 2192/3347/2187 2403/3348/2187
f 2418/3349/2188 2402/3320/2188 2417/3345/2188
f 2396/3326/2189 2395/3322/2189 2410/3346/2189 2411/3350/2189
f 2389/3327/2190 2388/3324/2190 2403/3348/2190 2404/3351/2190
f 2397/3328/2191 2396/3326/2191 2411/3350/2191 2412/3352/2191
f 2390/3329/2192 2389/3327/2192 2404/3351/2192 2405/3336/2192
f 2398/3330/2193 2397/3328/2193 2412/3352/2193 2413/3338/2193
f 2410/3346/2194 2409/3344/2194 2425/3353/2194 2426/3354/2194
f 2403/3348/2195 2192/3355/2195 2419/3356/2195
f 2418/3357/2196 2417/3345/2196 2433/3358/2196
f 2411/3350/2197 2410/3346/2197 2426/3354/2197 2427/3359/2197
f 2404/3351/2198 2403/3348/2198 2419/3356/2198 2420/3360/2198
f 2412/3352/2199 2411/3350/2199 2427/3359/2199 2428/3361/2199
f 2405/3336/2200 2404/3351/2200 2420/3360/2200 2421/3362/2200
f 2413/3338/2201 2412/3352/2201 2428/3361/2201 2429/3363/2201
f 2406/3337/2202 2405/3336/2202 2421/3362/2202 2422/3364/2202
f 2414/3339/2203 2413/3338/2203 2429/3363/2203 2430/3365/2203
f 2407/3340/2204 2406/3337/2204 2422/3364/2204 2423/3366/2204
f 2415/3341/2205 2414/3339/2205 2430/3365/2205 2431/3367/2205
f 2408/3342/2206 2407/3340/2206 2423/3366/2206 2424/3368/2206
f 2416/3343/2207 2415/3341/2207 2431/3367/2207 2432/3369/2207
f 2409/3344/2208 2408/3342/2208 2424/3368/2208 2425/3353/2208
f 2417/3345/2209 2416/3343/2209 2432/3369/2209 2433/3358/2209
f 2430/3365/2210 2429/3363/2210 2444/3370/2210 2445/3371/2210
f 2423/3366/2211 2422/3364/2211 2437/3372/2211 2438/3373/2211
f 2431/3367/2212 2430/3365/2212 2445/3371/2212 2446/3374/2212
f 2424/3368/2213 2423/3366/2213 2438/3373/2213 2439/3375/2213
f 2432/3369/2214 2431/3367/2214 2446/3374/2214 2447/3376/2214
f 2425/3353/2215 2424/3368/2215 2439/3375/2215 2440/3377/2215
f 2433/3358/2216 2432/3369/2216 2447/3376/2216 2448/3378/2216
f 2426/3354/2217 2425/3353/2217 2440/3377/2217 2441/3379/2217
f 2419/3356/2218 2192/3380/2218 2434/3381/2218
f 2418/3382/2219 2433/3358/2219 2448/3378/2219
f 2427/3359/2220 2426/3354/2220 2441/3379/2220 2442/3383/2220
f 2420/3360/2221 2419/3356/2221 2434/3381/2221 2435/3384/2221
f 2428/3361/2222 2427/3359/2222 2442/3383/2222 2443/3385/2222
f 2421/3362/2223 2420/3360/2223 2435/3384/2223 2436/3386/2223
f 2429/3363/2224 2428/3361/2224 2443/3385/2224 2444/3370/2224
f 2422/3364/2225 2421/3362/2225 2436/3386/2225 2437/3372/2225
f 2418/3387/2226 2448/3378/2226 2463/3388/2226
f 2442/3383/2227 2441/3379/2227 2456/3389/2227 2457/3390/2227
f 2435/3384/2228 2434/3381/2228 2449/3391/2228 2450/3392/2228
f 2443/3385/2229 2442/3383/2229 2457/3390/2229 2458/3393/2229
f 2436/3386/2230 2435/3384/2230 2450/3392/2230 2451/3394/2230
f 2444/3370/2231 2443/3385/2231 2458/3393/2231 2459/3395/2231
f 2437/3372/2232 2436/3386/2232 2451/3394/2232 2452/3396/2232
f 2445/3371/2233 2444/3370/2233 2459/3395/2233 2460/3397/2233
f 2438/3373/2234 2437/3372/2234 2452/3396/2234 2453/3398/2234
f 2446/3374/2235 2445/3371/2235 2460/3397/2235 2461/3399/2235
f 2439/3375/2236 2438/3373/2236 2453/3398/2236 2454/3400/2236
f 2447/3376/2237 2446/3374/2237 2461/3399/2237 2462/3401/2237
f 2440/3377/2238 2439/3375/2238 2454/3400/2238 2455/3402/2238
f 2448/3378/2239 2447/3376/2239 2462/3401/2239 2463/3388/2239
f 2441/3379/2240 2440/3377/2240 2455/3402/2240 2456/3389/2240
f 2434/3381/2241 2192/3403/2241 2449/3391/2241
f 2461/3399/2242 2460/3397/2242 2475/3404/2242 2476/3405/2242
f 2454/3400/2243 2453/3398/2243 2468/3406/2243 2469/3407/2243
f 2462/3401/2244 2461/3399/2244 2476/3405/2244 2477/3408/2244
f 2455/3402/2245 2454/3400/2245 2469/3407/2245 2470/3409/2245
f 2463/3388/2246 2462/3401/2246 2477/3408/2246 2478/3410/2246
f 2456/3389/2247 2455/3402/2247 2470/3409/2247 2471/3411/2247
f 2449/3391/2248 2192/3412/2248 2464/3413/2248
f 2418/3414/2249 2463/3388/2249 2478/3410/2249
f 2457/3390/2250 2456/3389/2250 2471/3411/2250 2472/3415/2250
f 2450/3392/2251 2449/3391/2251 2464/3413/2251 2465/3416/2251
f 2458/3393/2252 2457/3390/2252 2472/3415/2252 2473/3417/2252
f 2451/3394/2253 2450/3392/2253 2465/3416/2253 2466/3418/2253
f 2459/3395/2254 2458/3393/2254 2473/3417/2254 2474/3419/2254
f 2452/3396/2255 2451/3394/2255 2466/3418/2255 2467/3420/2255
f 2460/3397/2256 2459/3395/2256 2474/3419/2256 2475/3404/2256
f 2453/3398/2257 2452/3396/2257 2467/3420/2257 2468/3406/2257
f 2465/3421/2258 2464/3422/2258 2479/3423/2258 2480/3424/2258
f 2473/3425/2259 2472/3426/2259 2487/3427/2259 2488/3428/2259
f 2466/3429/2260 2465/3421/2260 2480/3424/2260 2481/3430/2260
f 2474/3431/2261 2473/3425/2261 2488/3428/2261 2489/3432/2261
f 2467/3433/2262 2466/3429/2262 2481/3430/2262 2482/3434/2262
f 2475/3435/2263 2474/3431/2263 2489/3432/2263 2490/3436/2263
f 2468/3437/2264 2467/3433/2264 2482/3434/2264 2483/3438/2264
f 2476/3439/2265 2475/3435/2265 2490/3436/2265 2491/3440/2265
f 2469/3441/2266 2468/3437/2266 2483/3438/2266 2484/3442/2266
f 2477/3443/2267 2476/3439/2267 2491/3440/2267 2492/3444/2267
f 2470/3445/2268 2469/3441/2268 2484/3442/2268 2485/3446/2268
f 2478/3447/2269 2477/3443/2269 2492/3444/2269 2493/3448/2269
f 2471/3449/2270 2470/3445/2270 2485/3446/2270 2486/3450/2270
f 2464/3422/2271 2192/3451/2271 2479/3423/2271
f 2418/3452/2272 2478/3447/2272 2493/3448/2272
f 2472/3426/2273 2471/3449/2273 2486/3450/2273 2487/3427/2273
f 2484/3442/2274 2483/3438/2274 2498/3453/2274 2499/3454/2274
f 2492/3444/2275 2491/3440/2275 2506/3455/2275 2507/3456/2275
f 2485/3446/2276 2484/3442/2276 2499/3454/2276 2500/3457/2276
f 2493/3448/2277 2492/3444/2277 2507/3456/2277 2508/3458/2277
f 2486/3450/2278 2485/3446/2278 2500/3457/2278 2501/3459/2278
f 2479/3423/2279 2192/3460/2279 2494/3461/2279
f 2418/3462/2280 2493/3448/2280 2508/3458/2280
f 2487/3427/2281 2486/3450/2281 2501/3459/2281 2502/3463/2281
f 2480/3424/2282 2479/3423/2282 2494/3461/2282 2495/3464/2282
f 2488/3428/2283 2487/3427/2283 2502/3463/2283 2503/3465/2283
f 2481/3430/2284 2480/3424/2284 2495/3464/2284 2496/3466/2284
f 2489/3432/2285 2488/3428/2285 2503/3465/2285 2504/3467/2285
f 2482/3434/2286 2481/3430/2286 2496/3466/2286 2497/3468/2286
f 2490/3436/2287 2489/3432/2287 2504/3467/2287 2505/3469/2287
f 2483/3438/2288 2482/3434/2288 2497/3468/2288 2498/3453/2288
f 2491/3440/2289 2490/3436/2289 2505/3469/2289 2506/3455/2289
f 2503/3465/2290 2502/3463/2290 2517/3470/2290 2518/3471/2290
f 2496/3466/2291 2495/3464/2291 2510/3472/2291 2511/3473/2291
f 2504/3467/2292 2503/3465/2292 2518/3471/2292 2519/3474/2292
f 2497/3468/2293 2496/3466/2293 2511/3473/2293 2512/3475/2293
f 2505/3469/2294 2504/3467/2294 2519/3474/2294 2520/3476/2294
f 2498/3453/2295 2497/3468/2295 2512/3475/2295 2513/3477/2295
f 2506/3455/2296 2505/3469/2296 2520/3476/2296 2521/3478/2296
f 2499/3454/2297 2498/3453/2297 2513/3477/2297 2514/3479/2297
f 2507/3456/2298 2506/3455/2298 2521/3478/2298 2522/3480/2298
f 2500/3457/2299 2499/3454/2299 2514/3479/2299 2515/3481/2299
f 2508/3458/2300 2507/3456/2300 2522/3480/2300 2523/3482/2300
f 2501/3459/2301 2500/3457/2301 2515/3481/2301 2516/3483/2301
f 2494/3461/2302 2192/3484/2302 2509/3485/2302
f 2418/3486/2303 2508/3458/2303 2523/3482/2303
f 2502/3463/2304 2501/3459/2304 2516/3483/2304 2517/3470/2304
f 2495/3464/2305 2494/3461/2305 2509/3485/2305 2510/3472/2305
f 2522/3480/2306 2521/3478/2306 2536/3487/2306 2537/3488/2306
f 2515/3481/2307 2514/3479/2307 2529/3489/2307 2530/3490/2307
f 2523/3482/2308 2522/3480/2308 2537/3488/2308 2538/3491/2308
f 2516/3483/2309 2515/3481/2309 2530/3490/2309 2531/3492/2309
f 2509/3485/2310 2192/3493/2310 2524/3494/2310
f 2418/3495/2311 2523/3482/2311 2538/3491/2311
f 2517/3470/2312 2516/3483/2312 2531/3492/2312 2532/3496/2312
f 2510/3472/2313 2509/3485/2313 2524/3494/2313 2525/3497/2313
f 2518/3471/2314 2517/3470/2314 2532/3496/2314 2533/3498/2314
f 2511/3473/2315 2510/3472/2315 2525/3497/2315 2526/3499/2315
f 2519/3474/2316 2518/3471/2316 2533/3498/2316 2534/3500/2316
f 2512/3475/2317 2511/3473/2317 2526/3499/2317 2527/3501/2317
f 2520/3476/2318 2519/3474/2318 2534/3500/2318 2535/3502/2318
f 2513/3477/2319 2512/3475/2319 2527/3501/2319 2528/3503/2319
f 2521/3478/2320 2520/3476/2320 2535/3502/2320 2536/3487/2320
f 2514/3479/2321 2513/3477/2321 2528/3503/2321 2529/3489/2321
f 2526/3499/2322 2525/3497/2322 2540/3504/2322 2541/3505/2322
f 2534/3500/2323 2533/3498/2323 2548/3506/2323 2549/3507/2323
f 2527/3501/2324 2526/3499/2324 2541/3505/2324 2542/3508/2324
f 2535/3502/2325 2534/3500/2325 2549/3507/2325 2550/3509/2325
f 2528/3503/2326 2527/3501/2326 2542/3508/2326 2543/3510/2326
f 2536/3487/2327 2535/3502/2327 2550/3509/2327 2551/3511/2327
f 2529/3489/2328 2528/3503/2328 2543/3510/2328 2544/3512/2328
f 2537/3488/2329 2536/3487/2329 2551/3511/2329 2552/3513/2329
f 2530/3490/2330 2529/3489/2330 2544/3512/2330 2545/3514/2330
f 2538/3491/2331 2537/3488/2331 2552/3513/2331 2553/3515/2331
f 2531/3492/2332 2530/3490/2332 2545/3514/2332 2546/3516/2332
f 2524/3494/2333 2192/3517/2333 2539/3518/2333
f 2418/3519/2334 2538/3491/2334 2553/3515/2334
f 2532/3496/2335 2531/3492/2335 2546/3516/2335 2547/3520/2335
f 2525/3497/2336 2524/3494/2336 2539/3518/2336 2540/3504/2336
f 2533/3498/2337 2532/3496/2337 2547/3520/2337 2548/3506/2337
f 2545/3514/2338 2544/3512/2338 2559/3521/2338 2560/3522/2338
f 2553/3515/2339 2552/3513/2339 2567/3523/2339 2568/3524/2339
f 2546/3516/2340 2545/3514/2340 2560/3522/2340 2561/3525/2340
f 2539/3518/2341 2192/3526/2341 2554/3527/2341
f 2418/3528/2342 2553/3515/2342 2568/3524/2342
f 2547/3520/2343 2546/3516/2343 2561/3525/2343 2562/3529/2343
f 2540/3504/2344 2539/3518/2344 2554/3527/2344 2555/3530/2344
f 2548/3506/2345 2547/3520/2345 2562/3529/2345 2563/3531/2345
f 2541/3505/2346 2540/3504/2346 2555/3530/2346 2556/3532/2346
f 2549/3507/2347 2548/3506/2347 2563/3531/2347 2564/3533/2347
f 2542/3508/2348 2541/3505/2348 2556/3532/2348 2557/3534/2348
f 2550/3509/2349 2549/3507/2349 2564/3533/2349 2565/3535/2349
f 2543/3510/2350 2542/3508/2350 2557/3534/2350 2558/3536/2350
f 2551/3511/2351 2550/3509/2351 2565/3535/2351 2566/3537/2351
f 2544/3512/2352 2543/3510/2352 2558/3536/2352 2559/3521/2352
f 2552/3513/2353 2551/3511/2353 2566/3537/2353 2567/3523/2353
f 2564/3533/2354 2563/3531/2354 2578/3538/2354 2579/3539/2354
f 2557/3534/2355 2556/3532/2355 2571/3540/2355 2572/3541/2355
f 2565/3535/2356 2564/3533/2356 2579/3539/2356 2580/3542/2356
f 2558/3536/2357 2557/3534/2357 2572/3541/2357 2573/3543/2357
f 2566/3537/2358 2565/3535/2358 2580/3542/2358 2581/3544/2358
f 2559/3521/2359 2558/3536/2359 2573/3543/2359 2574/3545/2359
f 2567/3523/2360 2566/3537/2360 2581/3544/2360 2582/3546/2360
f 2560/3522/2361 2559/3521/2361 2574/3545/2361 2575/3547/2361
f 2568/3524/2362 2567/3523/2362 2582/3546/2362 2583/3548/2362
f 2561/3525/2363 2560/3522/2363 2575/3547/2363 2576/3549/2363
f 2554/3527/2364 2192/3550/2364 2569/3551/2364
f 2418/3552/2365 2568/3524/2365 2583/3548/2365
f 2562/3529/2366 2561/3525/2366 2576/3549/2366 2577/3553/2366
f 2555/3530/2367 2554/3527/2367 2569/3551/2367 2570/3554/2367
f 2563/3531/2368 2562/3529/2368 2577/3553/2368 2578/3538/2368
f 2556/3532/2369 2555/3530/2369 2570/3554/2369 2571/3540/2369
f 2583/3548/2370 2582/3546/2370 2591/2999/2370 2592/2998/2370
f 2576/3549/2371 2575/3547/2371 2113/3003/2371 2114/3002/2371
f 2569/3551/2372 2192/3555/2372 2584/3006/2372
f 2418/3556/2373 2583/3548/2373 2592/2998/2373
f 2577/3553/2374 2576/3549/2374 2114/3002/2374 2115/3010/2374
f 2570/3554/2375 2569/3551/2375 2584/3006/2375 2585/3012/2375
f 2578/3538/2376 2577/3553/2376 2115/3010/2376 2588/3014/2376
f 2571/3540/2377 2570/3554/2377 2585/3012/2377 2111/3016/2377
f 2579/3539/2378 2578/3538/2378 2588/3014/2378 2116/3018/2378
f 2572/3541/2379 2571/3540/2379 2111/3016/2379 2586/3020/2379
f 2580/3542/2380 2579/3539/2380 2116/3018/2380 2589/3022/2380
f 2573/3543/2381 2572/3541/2381 2586/3020/2381 2112/3024/2381
f 2581/3544/2382 2580/3542/2382 2589/3022/2382 2590/3026/2382
f 2574/3545/2383 2573/3543/2383 2112/3024/2383 2587/3028/2383
f 2582/3546/2384 2581/3544/2384 2590/3026/2384 2591/2999/2384
f 2575/3547/2385 2574/3545/2385 2587/3028/2385 2113/3003/2385
o Sphere.004
v 17.251184 4.666143 -28.592531
v 16.869734 4.360618 -28.512365
v 16.635544 3.930229 -28.440275
v 16.585863 3.688204 -28.410782
v 16.584265 3.440501 -28.387234
v 16.723705 2.965989 -28.361317
v 17.720091 4.795248 -28.716816
v 17.476240 4.746690 -28.726469
v 17.246254 4.651777 -28.729935
v 17.038971 4.514157 -28.727076
v 16.862356 4.339118 -28.718004
v 16.723196 4.133387 -28.703068
v 16.626839 3.904869 -28.682840
v 16.576988 3.662347 -28.658102
v 16.575560 3.415140 -28.629801
v 16.622608 3.172750 -28.599024
v 16.716326 2.944489 -28.566956
v 16.853111 2.739132 -28.534826
v 17.027706 2.564569 -28.503874
v 17.233402 2.427508 -28.475285
v 17.462296 2.333217 -28.450159
v 17.727806 4.789289 -28.764370
v 17.491375 4.735003 -28.819752
v 17.268225 4.634809 -28.865358
v 17.066935 4.492561 -28.899437
v 16.895237 4.313724 -28.920679
v 16.759731 4.105170 -28.928268
v 16.665627 3.874914 -28.921913
v 16.616535 3.631805 -28.901859
v 16.614347 3.385186 -28.868874
v 16.659145 3.144533 -28.824224
v 16.749208 2.919095 -28.769630
v 16.881075 2.717536 -28.707190
v 17.049677 2.547601 -28.639297
v 17.248537 2.415820 -28.568567
v 17.470011 2.327259 -28.497715
v 17.744671 4.782646 -28.809402
v 17.524456 4.721971 -28.908085
v 17.316254 4.615891 -28.993599
v 17.128063 4.468482 -29.062656
v 16.967117 4.285410 -29.112606
v 16.839602 4.073709 -29.141525
v 16.750414 3.841516 -29.148306
v 16.702984 3.597753 -29.132685
v 16.699135 3.351788 -29.095264
v 16.739014 3.113073 -29.037481
v 16.821089 2.890782 -28.961557
v 16.942204 2.693457 -28.870407
v 17.097706 2.528682 -28.767538
v 17.281620 2.402789 -28.656900
v 17.486876 2.320615 -28.542746
v 17.770039 4.775573 -28.850182
v 17.574217 4.708097 -28.988075
v 17.388494 4.595749 -29.109728
v 17.220007 4.442847 -29.210461
v 17.075233 4.255266 -29.286404
v 16.959732 4.040215 -29.334641
v 16.877945 3.805959 -29.353315
v 16.833014 3.561499 -29.341711
v 16.826666 3.316230 -29.300274
v 16.859146 3.079578 -29.230597
v 16.929203 2.860637 -29.135355
v 17.034147 2.667822 -29.018211
v 17.169947 2.508540 -28.883667
v 17.331379 2.388915 -28.736891
v 17.512243 2.313542 -28.583525
v 17.802933 4.768342 -28.885139
v 17.638742 4.693913 -29.056650
v 17.482170 4.575158 -29.209282
v 17.339235 4.416639 -29.337170
v 17.215429 4.224449 -29.435398
v 17.115509 4.005973 -29.500193
v 17.043318 3.769608 -29.529066
v 17.001627 3.524436 -29.520905
v 16.992039 3.279879 -29.476025
v 17.014923 3.045336 -29.396149
v 17.069399 2.829821 -29.284349
v 17.153376 2.641614 -29.144920
v 17.263622 2.487949 -28.983221
v 17.395905 2.374732 -28.805466
v 17.545137 2.306312 -28.618484
v 17.968433 4.795584 -28.701344
v 17.842091 4.761232 -28.912935
v 17.715553 4.679966 -29.111172
v 17.593681 4.554909 -29.288435
v 17.481161 4.390867 -29.437914
v 17.382318 4.194144 -29.553862
v 17.300947 3.972300 -29.631823
v 17.240175 3.733860 -29.668802
v 17.202341 3.487988 -29.663380
v 17.188898 3.244132 -29.615761
v 17.200359 3.011663 -29.527779
v 17.236288 2.799515 -29.402813
v 17.295301 2.615842 -29.245665
v 17.375134 2.467700 -29.062376
v 17.472715 2.360784 -28.859987
v 17.584295 2.299201 -28.646280
v 17.886007 4.754515 -28.932499
v 17.801697 4.666790 -29.149548
v 17.718744 4.535780 -29.344149
v 17.640335 4.366520 -29.508821
v 17.569487 4.165515 -29.637239
v 17.508917 3.940490 -29.724468
v 17.460957 3.700090 -29.767155
v 17.427448 3.453557 -29.763659
v 17.409678 3.210362 -29.714113
v 17.408331 2.979853 -29.620424
v 17.423456 2.770887 -29.486191
v 17.454475 2.591495 -29.316574
v 17.500196 2.448571 -29.118088
v 17.558859 2.347607 -28.898363
v 17.628212 2.292484 -28.665842
v 17.932993 4.748449 -28.943079
v 17.893864 4.654891 -29.170301
v 17.852551 4.518506 -29.374277
v 17.810638 4.344535 -29.547169
v 17.769741 4.139663 -29.682331
v 17.731428 3.911764 -29.774570
v 17.697174 3.669596 -29.820343
v 17.668293 3.422465 -29.817888
v 17.645895 3.179868 -29.767302
v 17.630842 2.951128 -29.670527
v 17.623713 2.745035 -29.531282
v 17.624779 2.569510 -29.354919
v 17.634003 2.431297 -29.148216
v 17.651026 2.335709 -28.919117
v 17.675198 2.286418 -28.676422
v 17.981245 4.743268 -28.944269
v 17.988512 4.644728 -29.172634
v 17.989958 4.503751 -29.377665
v 17.985527 4.325756 -29.551481
v 17.975388 4.117581 -29.687403
v 17.959930 3.887228 -29.780207
v 17.939751 3.643548 -29.826324
v 17.915621 3.395907 -29.823988
v 17.888472 3.153820 -29.773283
v 17.859344 2.926591 -29.676163
v 17.829359 2.722953 -29.536354
v 17.799667 2.550730 -29.359232
v 17.771410 2.416542 -29.151606
v 17.745676 2.325546 -28.921450
v 17.723450 2.281237 -28.677612
v 18.028908 4.739170 -28.936022
v 18.082005 4.636690 -29.156460
v 18.125689 4.492083 -29.354183
v 18.158278 4.310904 -29.521593
v 18.178522 4.100118 -29.652258
v 18.185642 3.867824 -29.741156
v 18.179363 3.622949 -29.784870
v 18.159929 3.374904 -29.781719
v 18.128084 3.133220 -29.731829
v 18.085054 2.907187 -29.637112
v 18.032494 2.705489 -29.501209
v 17.972418 2.535879 -29.329346
v 17.907141 2.404874 -29.128122
v 17.839169 2.317508 -28.905275
v 17.771112 2.277140 -28.669367
v 18.074148 4.736314 -28.918657
v 18.170750 4.631087 -29.122396
v 18.254524 4.483948 -29.304731
v 18.322256 4.300551 -29.458652
v 18.371338 4.087944 -29.578249
v 18.399887 3.854297 -29.658920
v 18.406805 3.608589 -29.697569
v 18.391827 3.360262 -29.692709
v 18.355528 3.118860 -29.644527
v 18.299301 2.893660 -29.554876
v 18.225309 2.693316 -29.427200
v 18.136395 2.525526 -29.266405
v 18.035976 2.396739 -29.078671
v 17.927912 2.311905 -28.871212
v 17.816353 2.274283 -28.652002
v 18.115229 4.734808 -28.892841
v 18.251333 4.628134 -29.071756
v 18.371515 4.479661 -29.231211
v 18.471155 4.295094 -29.365080
v 18.546427 4.081528 -29.468218
v 18.594435 3.847168 -29.536661
v 18.613337 3.601021 -29.567780
v 18.602404 3.352546 -29.560377
v 18.562057 3.111292 -29.514738
v 18.493849 2.886531 -29.432617
v 18.400398 2.686899 -29.317169
v 18.285295 2.520070 -29.172832
v 18.152967 2.392452 -29.005152
v 18.008495 2.308952 -28.820570
v 17.857435 2.272778 -28.626184
v 18.150572 4.734712 -28.859564
v 18.320662 4.627945 -29.006481
v 18.472164 4.479386 -29.136448
v 18.599258 4.294744 -29.244471
v 18.697058 4.081116 -29.326395
v 18.761808 3.846710 -29.379076
v 18.791019 3.600534 -29.400488
v 18.783567 3.352050 -29.389809
v 18.739740 3.110806 -29.347446
v 18.661222 2.886073 -29.275032
v 18.551029 2.686487 -29.175346
v 18.413397 2.519719 -29.052221
v 18.253616 2.392177 -28.910389
v 18.077824 2.308763 -28.755297
v 17.892778 2.272681 -28.592909
v 18.178820 4.736028 -28.820108
v 18.376070 4.630526 -28.929085
v 18.552603 4.483133 -29.024084
v 18.701637 4.299514 -29.101458
v 18.817446 4.086724 -29.158232
v 18.895575 3.852941 -29.192223
v 18.933025 3.607150 -29.202126
v 18.928354 3.358795 -29.187559
v 18.881746 3.117421 -29.149084
v 18.794989 2.892304 -29.088179
v 18.671415 2.692095 -29.007183
v 18.515778 2.524488 -28.909210
v 18.334055 2.395924 -28.798023
v 18.133232 2.311344 -28.677900
v 17.921024 2.273997 -28.553452
v 18.198883 4.738706 -28.775986
v 18.415428 4.635778 -28.842537
v 18.609743 4.490759 -28.898438
v 18.774363 4.309219 -28.941540
v 18.902960 4.098136 -28.970186
v 18.990593 3.865622 -28.983278
v 19.033895 3.620612 -28.980312
v 19.031202 3.372521 -28.961399
v 18.982618 3.130883 -28.927271
v 18.890007 2.904985 -28.879234
v 18.756931 2.703508 -28.819138
v 18.588503 2.534194 -28.749290
v 18.391195 2.403550 -28.672377
v 18.172590 2.316596 -28.591352
v 17.941090 2.276675 -28.509331
v 18.209995 4.742642 -28.728895
v 18.437223 4.643500 -28.750166
v 18.641386 4.501970 -28.764336
v 18.814636 4.323488 -28.770861
v 18.950317 4.114915 -28.769489
v 19.043215 3.884265 -28.760275
v 19.089758 3.640403 -28.743572
v 19.088158 3.392700 -28.720022
v 19.038479 3.150675 -28.690531
v 18.942627 2.923628 -28.656231
v 18.804287 2.720286 -28.618441
v 18.628777 2.548463 -28.578611
v 18.422838 2.414761 -28.538275
v 18.194386 2.324318 -28.498981
v 17.952200 2.280612 -28.462240
v 18.211727 4.747686 -28.680647
v 18.440620 4.653396 -28.655521
v 18.646317 4.516335 -28.626932
v 18.820911 4.341772 -28.595980
v 18.957697 4.136414 -28.563850
v 19.051414 3.908154 -28.531782
v 19.098461 3.665763 -28.501005
v 19.097033 3.418557 -28.472704
v 19.047184 3.176035 -28.447964
v 18.950827 2.947517 -28.427738
v 18.811666 2.741786 -28.412802
v 18.635052 2.566746 -28.403730
v 18.427769 2.429126 -28.400871
v 18.197783 2.334213 -28.404337
v 17.953932 2.285656 -28.413990
v 18.204012 4.753645 -28.633091
v 18.425486 4.665083 -28.562239
v 18.624346 4.533303 -28.491508
v 18.792948 4.363368 -28.423616
v 18.924814 4.161808 -28.361176
v 19.014877 3.936371 -28.306581
v 19.059675 3.695718 -28.261932
v 19.057486 3.449099 -28.228947
v 19.008396 3.205990 -28.208893
v 18.914289 2.975734 -28.202538
v 18.778786 2.767180 -28.210127
v 18.607088 2.588343 -28.231369
v 18.405796 2.446094 -28.265448
v 18.182648 2.345901 -28.311054
v 17.946217 2.291614 -28.366436
v 18.187147 4.760288 -28.588060
v 18.392403 4.678115 -28.473906
v 18.576317 4.552221 -28.363268
v 18.731819 4.387446 -28.260399
v 18.852934 4.190122 -28.169249
v 18.935009 3.967831 -28.093325
v 18.974888 3.729116 -28.035542
v 18.971037 3.483151 -27.998121
v 18.923609 3.239388 -27.982500
v 18.834421 3.007194 -27.989281
v 18.706905 2.795493 -28.018202
v 18.545959 2.612421 -28.068150
v 18.357769 2.465013 -28.137207
v 18.149565 2.358932 -28.222721
v 17.929352 2.298258 -28.321404
v 18.161779 4.767361 -28.547281
v 18.342644 4.691988 -28.393915
v 18.504076 4.572363 -28.247139
v 18.639875 4.413082 -28.112595
v 18.744820 4.220266 -27.995451
v 18.814877 4.001326 -27.900209
v 18.847357 3.764673 -27.830532
v 18.841007 3.519405 -27.789095
v 18.796078 3.274945 -27.777491
v 18.714291 3.040689 -27.796165
v 18.598789 2.825638 -27.844402
v 18.454014 2.638057 -27.920345
v 18.285528 2.485154 -28.021080
v 18.099806 2.372807 -28.142731
v 17.903984 2.305330 -28.280624
v 17.705589 2.285319 -28.429462
v 18.128883 4.774591 -28.512321
v 18.278118 4.706172 -28.325340
v 18.410400 4.592955 -28.147585
v 18.520647 4.439290 -27.985886
v 18.604624 4.251083 -27.846457
v 18.659100 4.035567 -27.734657
v 18.681984 3.801024 -27.654781
v 18.672396 3.556468 -27.609901
v 18.630705 3.311296 -27.601740
v 18.558514 3.074930 -27.630613
v 18.458593 2.856454 -27.695408
v 18.334787 2.664264 -27.793636
v 18.191853 2.505745 -27.921524
v 18.035280 2.386990 -28.074156
v 17.871090 2.312561 -28.245667
v 18.089727 4.781702 -28.484528
v 18.201307 4.720120 -28.270819
v 18.298889 4.613204 -28.068430
v 18.378721 4.465062 -27.885141
v 18.437735 4.281388 -27.727995
v 18.473663 4.069241 -27.603027
v 18.485125 3.836771 -27.515045
v 18.471680 3.592916 -27.467428
v 18.433846 3.347043 -27.462004
v 18.373075 3.108603 -27.498983
v 18.291704 2.886760 -27.576946
v 18.192860 2.690037 -27.692892
v 18.080341 2.525995 -27.842371
v 17.958469 2.400938 -28.019634
v 17.831932 2.319672 -28.217871
v 18.045811 4.788420 -28.464964
v 18.115164 4.733296 -28.232443
v 18.173826 4.632333 -28.012718
v 18.219547 4.489408 -27.814234
v 18.250566 4.310017 -27.644615
v 18.265692 4.101051 -27.510382
v 18.264345 3.870541 -27.416693
v 18.246574 3.627347 -27.367149
v 18.213066 3.380813 -27.363651
v 18.165106 3.140414 -27.406338
v 18.104536 2.915388 -27.493567
v 18.033688 2.714383 -27.621984
v 17.955278 2.545124 -27.786659
v 17.872326 2.414114 -27.981258
v 17.788015 2.326389 -28.198307
v 17.998825 4.794485 -28.454384
v 18.022997 4.745194 -28.211689
v 18.040020 4.649607 -27.982590
v 18.049244 4.511394 -27.775887
v 18.050310 4.335869 -27.599524
v 18.043180 4.129776 -27.460279
v 18.028128 3.901036 -27.363504
v 18.005730 3.658439 -27.312918
v 17.976849 3.411308 -27.310463
v 17.942595 3.169139 -27.356236
v 17.904282 2.941240 -27.448475
v 17.863384 2.736369 -27.583637
v 17.821472 2.562397 -27.756529
v 17.780159 2.426013 -27.960505
v 17.741030 2.332455 -28.187727
v 17.950573 4.799666 -28.453194
v 17.928347 4.755358 -28.209356
v 17.902613 4.664361 -27.979200
v 17.874355 4.530173 -27.771574
v 17.844664 4.357951 -27.594452
v 17.814678 4.154313 -27.454645
v 17.785551 3.927084 -27.357523
v 17.758402 3.684997 -27.306820
v 17.734272 3.437355 -27.304482
v 17.714092 3.193676 -27.350601
v 17.698635 2.963322 -27.443403
v 17.688496 2.755148 -27.579325
v 17.684065 2.577152 -27.753141
v 17.685511 2.436176 -27.958172
v 17.692778 2.337636 -28.186537
v 17.902910 4.803764 -28.461439
v 17.834854 4.763395 -28.225531
v 17.766882 4.676030 -28.002684
v 17.701605 4.545025 -27.801462
v 17.641529 4.375414 -27.629597
v 17.588968 4.173717 -27.493694
v 17.545938 3.947683 -27.398979
v 17.514093 3.706000 -27.349087
v 17.494659 3.457955 -27.345938
v 17.488380 3.213080 -27.389650
v 17.495501 2.980786 -27.478548
v 17.515745 2.770000 -27.609213
v 17.548334 2.588821 -27.776625
v 17.592018 2.444213 -27.974346
v 17.645115 2.341733 -28.194784
v 17.857670 4.806620 -28.478806
v 17.746111 4.768998 -28.259594
v 17.638046 4.684164 -28.052135
v 17.537628 4.555377 -27.864401
v 17.448713 4.387588 -27.703608
v 17.374722 4.187243 -27.575930
v 17.318495 3.962043 -27.486279
v 17.282196 3.720641 -27.438097
v 17.267218 3.472315 -27.433237
v 17.274136 3.226607 -27.471886
v 17.302685 2.992959 -27.552559
v 17.351767 2.780352 -27.672153
v 17.419498 2.596955 -27.826077
v 17.503273 2.449816 -28.008410
v 17.599874 2.344590 -28.212149
v 17.816587 4.808125 -28.504622
v 17.665527 4.771951 -28.310236
v 17.521057 4.688451 -28.125656
v 17.388727 4.560834 -27.957973
v 17.273624 4.394004 -27.813637
v 17.180174 4.194373 -27.698189
v 17.111965 3.969611 -27.616068
v 17.071619 3.728358 -27.570431
v 17.060686 3.479883 -27.563026
v 17.079588 3.233736 -27.594145
v 17.127596 2.999376 -27.662588
v 17.202868 2.785809 -27.765726
v 17.302507 2.601242 -27.899595
v 17.422689 2.452769 -28.059052
v 17.558794 2.346095 -28.237965
v 17.781244 4.808222 -28.537897
v 17.596199 4.772141 -28.375509
v 17.420406 4.688726 -28.220419
v 17.260626 4.561184 -28.078585
v 17.122993 4.394416 -27.955460
v 17.012802 4.194830 -27.855774
v 16.934282 3.970097 -27.783360
v 16.890455 3.728853 -27.740997
v 16.883003 3.480369 -27.730318
v 16.912214 3.234194 -27.751730
v 16.976965 2.999788 -27.804411
v 17.074766 2.786159 -27.886335
v 17.201859 2.601517 -27.994358
v 17.353361 2.452959 -28.124325
v 17.523451 2.346192 -28.271242
v 17.752998 4.806907 -28.577354
v 17.540791 4.769560 -28.452906
v 17.339968 4.684979 -28.332783
v 17.158245 4.556415 -28.221596
v 17.002607 4.388808 -28.123625
v 16.879034 4.188599 -28.042627
v 16.792276 3.963482 -27.981722
v 16.745668 3.722108 -27.943249
v 16.740999 3.473754 -27.928680
v 16.778448 3.227962 -27.938583
v 16.856579 2.994179 -27.972576
v 16.972385 2.781390 -28.029348
v 17.121420 2.597770 -28.106722
v 17.297953 2.450378 -28.201721
v 17.495203 2.344876 -28.310698
v 17.732933 4.804229 -28.621475
v 17.501432 4.764307 -28.539454
v 17.282829 4.677354 -28.458429
v 17.085520 4.546710 -28.381516
v 16.917091 4.377396 -28.311668
v 16.784016 4.175919 -28.251572
v 16.691406 3.950020 -28.203535
v 16.642820 3.708383 -28.169407
v 16.640127 3.460292 -28.150496
v 16.683430 3.215281 -28.147528
v 16.771063 2.982767 -28.160620
v 16.899660 2.771684 -28.189266
v 17.064280 2.590145 -28.232368
v 17.258595 2.445125 -28.288269
v 17.475140 2.342198 -28.354820
v 17.721823 4.800292 -28.668566
v 17.479637 4.756585 -28.631824
v 17.045246 4.532441 -28.552195
v 16.731396 4.157275 -28.474575
v 16.630808 3.196638 -28.370531
v 16.859386 2.757416 -28.359945
v 17.032639 2.578934 -28.366470
v 17.236799 2.437403 -28.380640
v 17.464027 2.338261 -28.401911
vn -0.3889 -0.9148 0.1096
vn -0.9791 0.2027 0.0139
vn 0.0051 0.9945 -0.1042
vn -0.2009 -0.9735 0.1090
vn -0.9993 0.0098 0.0348
vn -0.1908 0.9770 -0.0953
vn -0.9815 -0.1836 0.0544
vn -0.3791 0.9216 -0.0828
vn -0.9262 -0.3702 0.0719
vn -0.5525 0.8308 -0.0670
vn -0.8353 -0.5428 0.0867
vn -0.7044 0.7082 -0.0488
vn -0.7123 -0.6950 0.0982
vn -0.8289 0.5586 -0.0287
vn -0.5615 -0.8206 0.1060
vn -0.9216 0.3880 -0.0075
vn -0.8182 0.5389 -0.2003
vn -0.5558 -0.8312 0.0140
vn -0.9100 0.3666 -0.1936
vn -0.3853 -0.9213 0.0529
vn -0.9671 0.1805 -0.1795
vn 0.0063 0.9923 -0.1233
vn -0.1997 -0.9757 0.0898
vn -0.9873 -0.0125 -0.1586
vn -0.1872 0.9705 -0.1520
vn -0.9699 -0.2050 -0.1317
vn -0.3734 0.9111 -0.1747
vn -0.9155 -0.3899 -0.0997
vn -0.5448 0.8166 -0.1907
vn -0.8259 -0.5601 -0.0638
vn -0.6950 0.6909 -0.1993
vn -0.7046 -0.7092 -0.0254
vn -0.9221 -0.2294 -0.3115
vn -0.3498 0.8990 -0.2636
vn -0.8714 -0.4124 -0.2655
vn -0.5131 0.8003 -0.3102
vn -0.7873 -0.5799 -0.2093
vn -0.6563 0.6711 -0.3448
vn -0.6728 -0.7255 -0.1450
vn -0.7742 0.5163 -0.3661
vn -0.5322 -0.8433 -0.0749
vn -0.8623 0.3421 -0.3734
vn -0.3708 -0.9287 -0.0019
vn -0.9174 0.1550 -0.3665
vn 0.0112 0.9898 -0.1418
vn -0.1948 -0.9782 0.0713
vn -0.9376 -0.0379 -0.3456
vn -0.1727 0.9630 -0.2067
vn -0.4917 -0.8565 -0.1573
vn -0.7802 0.3155 -0.5401
vn -0.3458 -0.9368 -0.0526
vn -0.8321 0.1273 -0.5397
vn 0.0197 0.9871 -0.1590
vn -0.1864 -0.9810 0.0542
vn -0.8523 -0.0656 -0.5188
vn -0.1477 0.9549 -0.2575
vn -0.8401 -0.2561 -0.4782
vn -0.3092 0.8858 -0.3460
vn -0.7958 -0.4370 -0.4192
vn -0.4585 0.7826 -0.4210
vn -0.7210 -0.6015 -0.3442
vn -0.5900 0.6495 -0.4797
vn -0.6183 -0.7432 -0.2557
vn -0.6985 0.4918 -0.5198
vn -0.6914 -0.4626 -0.5549
vn -0.3833 0.7642 -0.5188
vn -0.6294 -0.6240 -0.4632
vn -0.4984 0.6270 -0.5987
vn -0.5431 -0.7616 -0.3535
vn -0.5942 0.4661 -0.6555
vn -0.4357 -0.8702 -0.2300
vn -0.6671 0.2877 -0.6872
vn -0.3113 -0.9453 -0.0974
vn -0.7145 0.0984 -0.6927
vn 0.0313 0.9842 -0.1741
vn -0.1747 -0.9838 0.0391
vn -0.7347 -0.0945 -0.6718
vn -0.1132 0.9465 -0.3023
vn -0.7269 -0.2839 -0.6253
vn -0.2533 0.8721 -0.4187
vn -0.2687 -0.9538 -0.1345
vn -0.5690 0.0695 -0.8194
vn 0.0457 0.9814 -0.1866
vn -0.1603 -0.9867 0.0265
vn -0.5892 -0.1234 -0.7985
vn -0.0706 0.9380 -0.3394
vn -0.5870 -0.3117 -0.7472
vn -0.1841 0.8583 -0.4790
vn -0.5624 -0.4883 -0.6673
vn -0.2903 0.7457 -0.5998
vn -0.5162 -0.6465 -0.5618
vn -0.3852 0.6045 -0.6973
vn -0.4501 -0.7801 -0.4345
vn -0.4651 0.4405 -0.7679
vn -0.3665 -0.8840 -0.2902
vn -0.5271 0.2598 -0.8091
vn -0.1831 0.7278 -0.6609
vn -0.3856 -0.6682 -0.6362
vn -0.2546 0.5828 -0.7717
vn -0.3429 -0.7980 -0.4956
vn -0.3163 0.4157 -0.8527
vn -0.2868 -0.8972 -0.3357
vn -0.3658 0.2330 -0.9011
vn -0.2196 -0.9620 -0.1626
vn -0.4013 0.0416 -0.9150
vn 0.0623 0.9786 -0.1961
vn -0.1437 -0.9895 0.0171
vn -0.4215 -0.1514 -0.8941
vn -0.0215 0.9298 -0.3675
vn -0.4256 -0.3386 -0.8392
vn -0.1044 0.8450 -0.5244
vn -0.4135 -0.5131 -0.7521
vn -0.2177 0.0157 -0.9759
vn 0.0805 0.9760 -0.2021
vn -0.1256 -0.9920 0.0110
vn -0.2379 -0.1772 -0.9550
vn 0.0323 0.9222 -0.3853
vn -0.2491 -0.3634 -0.8977
vn -0.0171 0.8328 -0.5534
vn -0.2507 -0.5360 -0.8061
vn -0.0657 0.7113 -0.6998
vn -0.2428 -0.6883 -0.6836
vn -0.1118 0.5627 -0.8191
vn -0.2255 -0.8145 -0.5346
vn -0.1535 0.3928 -0.9067
vn -0.1995 -0.9095 -0.3647
vn -0.1892 0.2081 -0.9596
vn -0.1658 -0.9695 -0.1804
vn -0.0931 -0.7060 -0.7021
vn 0.0379 0.5450 -0.8376
vn -0.1026 -0.8290 -0.5497
vn 0.0171 0.3726 -0.9278
vn -0.1081 -0.9203 -0.3760
vn -0.0042 0.1863 -0.9825
vn -0.1094 -0.9762 -0.1874
vn -0.0254 -0.0070 -0.9997
vn 0.0995 0.9738 -0.2045
vn -0.1065 -0.9943 0.0087
vn -0.0456 -0.1999 -0.9788
vn 0.0886 0.9156 -0.3923
vn -0.0641 -0.3853 -0.9206
vn 0.0743 0.8220 -0.5647
vn -0.0801 -0.5561 -0.8272
vn 0.0572 0.6968 -0.7150
vn 0.1187 0.9719 -0.2031
vn -0.0874 -0.9961 0.0101
vn 0.1481 -0.2186 -0.9645
vn 0.1454 0.9101 -0.3881
vn 0.1222 -0.4033 -0.9069
vn 0.1664 0.8131 -0.5579
vn 0.0917 -0.5728 -0.8146
vn 0.1810 0.6848 -0.7059
vn 0.0576 -0.7206 -0.6910
vn 0.1886 0.5304 -0.8265
vn 0.0212 -0.8410 -0.5406
vn 0.1889 0.3560 -0.9152
vn -0.0160 -0.9292 -0.3692
vn 0.1821 0.1683 -0.9688
vn -0.0527 -0.9817 -0.1832
vn 0.1683 -0.0257 -0.9854
vn 0.3346 0.5195 -0.7862
vn 0.1412 -0.8500 -0.5076
vn 0.3554 0.3436 -0.8693
vn 0.0732 -0.9359 -0.3446
vn 0.3625 0.1548 -0.9190
vn 0.0023 -0.9858 -0.1680
vn 0.3559 -0.0397 -0.9337
vn 0.1373 0.9706 -0.1979
vn -0.0688 -0.9975 0.0152
vn 0.3357 -0.2327 -0.9128
vn 0.2003 0.9060 -0.3729
vn 0.3027 -0.4168 -0.8571
vn 0.2556 0.8064 -0.5333
vn 0.2581 -0.5852 -0.7687
vn 0.3009 0.6758 -0.6728
vn 0.2036 -0.7315 -0.6507
vn 0.5100 -0.2415 -0.8256
vn 0.2514 0.9034 -0.3474
vn 0.4703 -0.4253 -0.7733
vn 0.3385 0.8022 -0.4918
vn 0.4127 -0.5930 -0.6914
vn 0.4124 0.6702 -0.6171
vn 0.3392 -0.7384 -0.5829
vn 0.4702 0.5127 -0.7184
vn 0.2526 -0.8556 -0.4518
vn 0.5100 0.3358 -0.7919
vn 0.1560 -0.9401 -0.3031
vn 0.5302 0.1463 -0.8352
vn 0.0533 -0.9884 -0.1425
vn 0.5302 -0.0485 -0.8465
vn 0.1545 0.9697 -0.1893
vn -0.0516 -0.9984 0.0238
vn 0.3512 -0.8577 -0.3756
vn 0.6469 0.3329 -0.6861
vn 0.2294 -0.9416 -0.2464
vn 0.6786 0.1432 -0.7204
vn 0.0985 -0.9893 -0.1075
vn 0.6845 -0.0518 -0.7272
vn 0.1698 0.9694 -0.1775
vn -0.0363 -0.9987 0.0356
vn 0.6643 -0.2447 -0.7063
vn 0.2966 0.9024 -0.3124
vn 0.6188 -0.4284 -0.6585
vn 0.4119 0.8007 -0.4351
vn 0.5496 -0.5959 -0.5855
vn 0.5110 0.6681 -0.5408
vn 0.4593 -0.7409 -0.4900
vn 0.5903 0.5101 -0.6255
vn 0.7423 -0.4260 -0.5172
vn 0.4729 0.8018 -0.3653
vn 0.6635 -0.5937 -0.4552
vn 0.5931 0.6697 -0.4469
vn 0.5593 -0.7390 -0.3757
vn 0.6903 0.5121 -0.5112
vn 0.4333 -0.8561 -0.2817
vn 0.7608 0.3351 -0.5558
vn 0.2905 -0.9405 -0.1766
vn 0.8022 0.1456 -0.5791
vn 0.1362 -0.9886 -0.0645
vn 0.8129 -0.0493 -0.5803
vn 0.1825 0.9696 -0.1630
vn -0.0236 -0.9985 0.0502
vn 0.7927 -0.2422 -0.5594
vn 0.3342 0.9032 -0.2694
vn 0.3368 -0.9366 -0.0963
vn 0.8960 0.1533 -0.4168
vn 0.1647 -0.9862 -0.0151
vn 0.9105 -0.0413 -0.4115
vn 0.1921 0.9704 -0.1463
vn -0.0139 -0.9977 0.0669
vn 0.8903 -0.2342 -0.3906
vn 0.3628 0.9055 -0.2200
vn 0.8361 -0.4183 -0.3549
vn 0.5193 0.8057 -0.2850
vn 0.7501 -0.5866 -0.3055
vn 0.6555 0.6749 -0.3390
vn 0.6352 -0.7327 -0.2444
vn 0.7662 0.5183 -0.3799
vn 0.4957 -0.8509 -0.1738
vn 0.8473 0.3422 -0.4061
vn 0.5492 0.8120 -0.1975
vn 0.8059 -0.5747 -0.1421
vn 0.6957 0.6834 -0.2213
vn 0.6842 -0.7223 -0.1011
vn 0.8152 0.5287 -0.2365
vn 0.5359 -0.8424 -0.0560
vn 0.9032 0.3541 -0.2427
vn 0.3668 -0.9303 -0.0088
vn 0.9565 0.1662 -0.2396
vn 0.1832 -0.9823 0.0389
vn 0.9734 -0.0279 -0.2274
vn 0.1984 0.9717 -0.1280
vn -0.0077 -0.9963 0.0851
vn 0.9532 -0.2208 -0.2065
vn 0.3813 0.9094 -0.1660
vn 0.8967 -0.4054 -0.1777
vn 0.9815 0.1836 -0.0544
vn 0.1908 -0.9770 0.0953
vn 0.9993 -0.0098 -0.0348
vn 0.2009 0.9735 -0.1090
vn -0.0051 -0.9945 0.1042
vn 0.9791 -0.2027 -0.0139
vn 0.3889 0.9148 -0.1096
vn 0.9216 -0.3880 0.0075
vn 0.5615 0.8206 -0.1059
vn 0.8289 -0.5586 0.0287
vn 0.7123 0.6950 -0.0982
vn 0.7044 -0.7082 0.0488
vn 0.8353 0.5428 -0.0867
vn 0.5525 -0.8308 0.0670
vn 0.9262 0.3702 -0.0719
vn 0.3791 -0.9216 0.0828
vn 0.8182 -0.5389 0.2003
vn 0.7046 0.7092 0.0254
vn 0.6950 -0.6909 0.1993
vn 0.8259 0.5601 0.0638
vn 0.5448 -0.8166 0.1907
vn 0.9155 0.3899 0.0997
vn 0.3734 -0.9111 0.1747
vn 0.9699 0.2050 0.1317
vn 0.1872 -0.9705 0.1520
vn 0.9873 0.0125 0.1586
vn 0.1997 0.9757 -0.0898
vn -0.0063 -0.9923 0.1233
vn 0.9671 -0.1805 0.1795
vn 0.3853 0.9213 -0.0529
vn 0.9100 -0.3666 0.1936
vn 0.5558 0.8312 -0.0140
vn 0.1727 -0.9630 0.2067
vn 0.9376 0.0379 0.3456
vn 0.1948 0.9782 -0.0713
vn -0.0112 -0.9898 0.1418
vn 0.9174 -0.1550 0.3665
vn 0.3708 0.9287 0.0019
vn 0.8623 -0.3421 0.3734
vn 0.5322 0.8433 0.0749
vn 0.7742 -0.5163 0.3661
vn 0.6728 0.7255 0.1450
vn 0.6563 -0.6711 0.3448
vn 0.7873 0.5799 0.2093
vn 0.5131 -0.8003 0.3102
vn 0.8714 0.4124 0.2655
vn 0.3498 -0.8990 0.2636
vn 0.9221 0.2294 0.3115
vn 0.6183 0.7432 0.2557
vn 0.5900 -0.6495 0.4797
vn 0.7210 0.6015 0.3442
vn 0.4585 -0.7826 0.4210
vn 0.7958 0.4370 0.4192
vn 0.3092 -0.8858 0.3460
vn 0.8401 0.2561 0.4782
vn 0.1477 -0.9549 0.2575
vn 0.8523 0.0656 0.5188
vn 0.1864 0.9810 -0.0542
vn -0.0197 -0.9871 0.1590
vn 0.8321 -0.1273 0.5397
vn 0.3458 0.9368 0.0526
vn 0.7802 -0.3155 0.5401
vn 0.4917 0.8565 0.1573
vn 0.6985 -0.4918 0.5198
vn 0.7347 0.0945 0.6718
vn 0.1747 0.9838 -0.0391
vn -0.0313 -0.9842 0.1741
vn 0.7145 -0.0984 0.6927
vn 0.3113 0.9453 0.0974
vn 0.6671 -0.2877 0.6872
vn 0.4357 0.8702 0.2300
vn 0.5942 -0.4661 0.6555
vn 0.5431 0.7616 0.3535
vn 0.4984 -0.6270 0.5987
vn 0.6294 0.6240 0.4632
vn 0.3833 -0.7642 0.5188
vn 0.6914 0.4626 0.5549
vn 0.2533 -0.8721 0.4187
vn 0.7269 0.2839 0.6253
vn 0.1132 -0.9465 0.3023
vn 0.3852 -0.6045 0.6973
vn 0.5162 0.6465 0.5618
vn 0.2903 -0.7457 0.5998
vn 0.5624 0.4883 0.6673
vn 0.1841 -0.8583 0.4790
vn 0.5870 0.3117 0.7472
vn 0.0706 -0.9380 0.3394
vn 0.5892 0.1234 0.7985
vn 0.1603 0.9867 -0.0265
vn -0.0457 -0.9814 0.1866
vn 0.5690 -0.0695 0.8194
vn 0.2687 0.9538 0.1345
vn 0.5271 -0.2598 0.8091
vn 0.3665 0.8840 0.2902
vn 0.4651 -0.4405 0.7679
vn 0.4501 0.7801 0.4345
vn -0.0623 -0.9786 0.1961
vn 0.4013 -0.0416 0.9150
vn 0.2196 0.9620 0.1626
vn 0.3658 -0.2330 0.9011
vn 0.2868 0.8972 0.3357
vn 0.3163 -0.4157 0.8527
vn 0.3429 0.7980 0.4956
vn 0.2546 -0.5828 0.7717
vn 0.3856 0.6682 0.6362
vn 0.1831 -0.7278 0.6609
vn 0.4135 0.5131 0.7521
vn 0.1044 -0.8450 0.5244
vn 0.4256 0.3386 0.8392
vn 0.0215 -0.9298 0.3675
vn 0.4215 0.1514 0.8941
vn 0.1437 0.9895 -0.0171
vn 0.0657 -0.7113 0.6998
vn 0.2507 0.5360 0.8061
vn 0.0171 -0.8328 0.5534
vn 0.2491 0.3634 0.8977
vn -0.0323 -0.9222 0.3853
vn 0.2379 0.1772 0.9550
vn 0.1256 0.9920 -0.0110
vn -0.0805 -0.9760 0.2021
vn 0.2177 -0.0157 0.9759
vn 0.1658 0.9695 0.1804
vn 0.1892 -0.2081 0.9596
vn 0.1995 0.9095 0.3647
vn 0.1535 -0.3928 0.9067
vn 0.2255 0.8145 0.5345
vn 0.1118 -0.5627 0.8191
vn 0.2428 0.6883 0.6836
vn 0.1094 0.9762 0.1874
vn 0.0042 -0.1863 0.9825
vn 0.1081 0.9203 0.3760
vn -0.0171 -0.3726 0.9278
vn 0.1026 0.8290 0.5497
vn -0.0379 -0.5450 0.8376
vn 0.0931 0.7060 0.7021
vn -0.0572 -0.6968 0.7150
vn 0.0801 0.5561 0.8272
vn -0.0743 -0.8220 0.5647
vn 0.0641 0.3853 0.9206
vn -0.0886 -0.9156 0.3923
vn 0.0456 0.1999 0.9788
vn 0.1065 0.9943 -0.0087
vn -0.0995 -0.9738 0.2045
vn 0.0254 0.0070 0.9997
vn -0.0917 0.5728 0.8146
vn -0.1664 -0.8131 0.5579
vn -0.1222 0.4033 0.9069
vn -0.1454 -0.9101 0.3881
vn -0.1481 0.2186 0.9645
vn 0.0874 0.9961 -0.0101
vn -0.1187 -0.9719 0.2031
vn -0.1683 0.0257 0.9854
vn 0.0527 0.9817 0.1832
vn -0.1821 -0.1683 0.9688
vn 0.0160 0.9292 0.3692
vn -0.1889 -0.3560 0.9152
vn -0.0212 0.8410 0.5406
vn -0.1886 -0.5304 0.8265
vn -0.0576 0.7206 0.6910
vn -0.1810 -0.6848 0.7059
vn -0.3625 -0.1548 0.9190
vn -0.0732 0.9359 0.3446
vn -0.3554 -0.3436 0.8693
vn -0.1412 0.8500 0.5076
vn -0.3346 -0.5195 0.7862
vn -0.2036 0.7315 0.6507
vn -0.3009 -0.6758 0.6728
vn -0.2581 0.5852 0.7687
vn -0.2556 -0.8064 0.5333
vn -0.3027 0.4168 0.8571
vn -0.2003 -0.9060 0.3729
vn -0.3357 0.2327 0.9128
vn 0.0688 0.9975 -0.0152
vn -0.1373 -0.9706 0.1979
vn -0.3559 0.0397 0.9337
vn -0.0023 0.9858 0.1680
vn -0.3385 -0.8022 0.4918
vn -0.4703 0.4253 0.7733
vn -0.2514 -0.9034 0.3474
vn -0.5100 0.2415 0.8256
vn 0.0516 0.9984 -0.0238
vn -0.1545 -0.9697 0.1893
vn -0.5302 0.0485 0.8465
vn -0.0533 0.9884 0.1425
vn -0.5302 -0.1463 0.8352
vn -0.1560 0.9401 0.3031
vn -0.5100 -0.3358 0.7919
vn -0.2526 0.8556 0.4518
vn -0.4702 -0.5127 0.7184
vn -0.3392 0.7384 0.5829
vn -0.4124 -0.6702 0.6171
vn -0.4127 0.5930 0.6914
vn -0.2294 0.9416 0.2464
vn -0.6469 -0.3329 0.6861
vn -0.3512 0.8577 0.3756
vn -0.5903 -0.5101 0.6255
vn -0.4593 0.7409 0.4900
vn -0.5110 -0.6681 0.5408
vn -0.5496 0.5959 0.5855
vn -0.4119 -0.8007 0.4351
vn -0.6188 0.4284 0.6585
vn -0.2966 -0.9024 0.3124
vn -0.6643 0.2447 0.7063
vn 0.0363 0.9987 -0.0357
vn -0.1698 -0.9694 0.1775
vn -0.6845 0.0518 0.7272
vn -0.0985 0.9893 0.1075
vn -0.6786 -0.1432 0.7204
vn -0.7423 0.4260 0.5172
vn -0.3342 -0.9032 0.2694
vn -0.7927 0.2422 0.5594
vn 0.0236 0.9985 -0.0502
vn -0.1825 -0.9696 0.1630
vn -0.8129 0.0493 0.5803
vn -0.1362 0.9886 0.0645
vn -0.8022 -0.1456 0.5791
vn -0.2905 0.9405 0.1766
vn -0.7608 -0.3351 0.5558
vn -0.4333 0.8561 0.2817
vn -0.6903 -0.5121 0.5112
vn -0.5593 0.7390 0.3757
vn -0.5931 -0.6697 0.4469
vn -0.6635 0.5937 0.4552
vn -0.4729 -0.8018 0.3653
vn -0.8473 -0.3422 0.4061
vn -0.4957 0.8509 0.1738
vn -0.7662 -0.5183 0.3799
vn -0.6352 0.7327 0.2444
vn -0.6555 -0.6749 0.3390
vn -0.7501 0.5866 0.3055
vn -0.5193 -0.8057 0.2850
vn -0.8361 0.4182 0.3549
vn -0.3628 -0.9055 0.2200
vn -0.8903 0.2342 0.3906
vn 0.0139 0.9977 -0.0669
vn -0.1921 -0.9704 0.1463
vn -0.9105 0.0413 0.4115
vn -0.1647 0.9862 0.0151
vn -0.8960 -0.1533 0.4168
vn -0.3368 0.9366 0.0963
vn -0.3813 -0.9094 0.1660
vn -0.9532 0.2208 0.2065
vn 0.0077 0.9963 -0.0851
vn -0.1984 -0.9717 0.1280
vn -0.9734 0.0279 0.2274
vn -0.1832 0.9823 -0.0389
vn -0.9565 -0.1662 0.2396
vn -0.3668 0.9303 0.0088
vn -0.9032 -0.3541 0.2427
vn -0.5359 0.8424 0.0560
vn -0.8152 -0.5287 0.2366
vn -0.6842 0.7223 0.1011
vn -0.6957 -0.6834 0.2213
vn -0.8059 0.5747 0.1421
vn -0.5492 -0.8120 0.1975
vn -0.8967 0.4054 0.1777
vt 0.750000 0.062500
vt 0.750000 0.125000
vt 0.718750 0.125000
vt 0.718750 0.062500
vt 0.750000 0.500000
vt 0.750000 0.562500
vt 0.718750 0.562500
vt 0.718750 0.500000
vt 0.750000 0.937500
vt 0.734375 1.000000
vt 0.718750 0.937500
vt 0.734375 0.000000
vt 0.750000 0.437500
vt 0.718750 0.437500
vt 0.750000 0.875000
vt 0.718750 0.875000
vt 0.750000 0.375000
vt 0.718750 0.375000
vt 0.750000 0.812500
vt 0.718750 0.812500
vt 0.750000 0.312500
vt 0.718750 0.312500
vt 0.750000 0.750000
vt 0.718750 0.750000
vt 0.750000 0.250000
vt 0.718750 0.250000
vt 0.750000 0.687500
vt 0.718750 0.687500
vt 0.750000 0.187500
vt 0.718750 0.187500
vt 0.750000 0.625000
vt 0.718750 0.625000
vt 0.687500 0.687500
vt 0.687500 0.625000
vt 0.687500 0.187500
vt 0.687500 0.125000
vt 0.687500 0.562500
vt 0.687500 0.062500
vt 0.687500 0.500000
vt 0.703125 1.000000
vt 0.687500 0.937500
vt 0.703125 0.000000
vt 0.687500 0.437500
vt 0.687500 0.875000
vt 0.687500 0.375000
vt 0.687500 0.812500
vt 0.687500 0.312500
vt 0.687500 0.750000
vt 0.687500 0.250000
vt 0.656250 0.437500
vt 0.656250 0.375000
vt 0.656250 0.875000
vt 0.656250 0.812500
vt 0.656250 0.312500
vt 0.656250 0.750000
vt 0.656250 0.250000
vt 0.656250 0.687500
vt 0.656250 0.187500
vt 0.656250 0.625000
vt 0.656250 0.125000
vt 0.656250 0.562500
vt 0.656250 0.062500
vt 0.656250 0.500000
vt 0.671875 1.000000
vt 0.656250 0.937500
vt 0.671875 0.000000
vt 0.625000 0.187500
vt 0.625000 0.125000
vt 0.625000 0.625000
vt 0.625000 0.562500
vt 0.625000 0.062500
vt 0.625000 0.500000
vt 0.640625 1.000000
vt 0.625000 0.937500
vt 0.640625 0.000000
vt 0.625000 0.437500
vt 0.625000 0.875000
vt 0.625000 0.375000
vt 0.625000 0.812500
vt 0.625000 0.312500
vt 0.625000 0.750000
vt 0.625000 0.250000
vt 0.625000 0.687500
vt 0.593750 0.375000
vt 0.593750 0.312500
vt 0.593750 0.812500
vt 0.593750 0.750000
vt 0.593750 0.250000
vt 0.593750 0.687500
vt 0.593750 0.187500
vt 0.593750 0.625000
vt 0.593750 0.125000
vt 0.593750 0.562500
vt 0.593750 0.062500
vt 0.593750 0.500000
vt 0.609375 1.000000
vt 0.593750 0.937500
vt 0.609375 0.000000
vt 0.593750 0.437500
vt 0.593750 0.875000
vt 0.562500 0.125000
vt 0.562500 0.062500
vt 0.562500 0.562500
vt 0.562500 0.500000
vt 0.578125 1.000000
vt 0.562500 0.937500
vt 0.578125 0.000000
vt 0.562500 0.437500
vt 0.562500 0.875000
vt 0.562500 0.375000
vt 0.562500 0.812500
vt 0.562500 0.312500
vt 0.562500 0.750000
vt 0.562500 0.250000
vt 0.562500 0.687500
vt 0.562500 0.187500
vt 0.562500 0.625000
vt 0.531250 0.812500
vt 0.531250 0.750000
vt 0.531250 0.312500
vt 0.531250 0.250000
vt 0.531250 0.687500
vt 0.531250 0.187500
vt 0.531250 0.625000
vt 0.531250 0.125000
vt 0.531250 0.562500
vt 0.531250 0.062500
vt 0.531250 0.500000
vt 0.546875 1.000000
vt 0.531250 0.937500
vt 0.546875 0.000000
vt 0.531250 0.437500
vt 0.531250 0.875000
vt 0.531250 0.375000
vt 0.500000 0.562500
vt 0.500000 0.500000
vt 0.515625 1.000000
vt 0.500000 0.937500
vt 0.515625 0.000000
vt 0.500000 0.062500
vt 0.500000 0.437500
vt 0.500000 0.875000
vt 0.500000 0.375000
vt 0.500000 0.812500
vt 0.500000 0.312500
vt 0.500000 0.750000
vt 0.500000 0.250000
vt 0.500000 0.687500
vt 0.500000 0.187500
vt 0.500000 0.625000
vt 0.500000 0.125000
vt 0.468750 0.312500
vt 0.468750 0.250000
vt 0.468750 0.750000
vt 0.468750 0.687500
vt 0.468750 0.187500
vt 0.468750 0.625000
vt 0.468750 0.125000
vt 0.468750 0.562500
vt 0.468750 0.062500
vt 0.468750 0.500000
vt 0.484375 1.000000
vt 0.468750 0.937500
vt 0.484375 0.000000
vt 0.468750 0.437500
vt 0.468750 0.875000
vt 0.468750 0.375000
vt 0.468750 0.812500
vt 0.453125 1.000000
vt 0.437500 0.937500
vt 0.453125 0.000000
vt 0.437500 0.062500
vt 0.437500 0.500000
vt 0.437500 0.437500
vt 0.437500 0.875000
vt 0.437500 0.375000
vt 0.437500 0.812500
vt 0.437500 0.312500
vt 0.437500 0.750000
vt 0.437500 0.250000
vt 0.437500 0.687500
vt 0.437500 0.187500
vt 0.437500 0.625000
vt 0.437500 0.125000
vt 0.437500 0.562500
vt 0.406250 0.750000
vt 0.406250 0.687500
vt 0.406250 0.250000
vt 0.406250 0.187500
vt 0.406250 0.625000
vt 0.406250 0.125000
vt 0.406250 0.562500
vt 0.406250 0.062500
vt 0.406250 0.500000
vt 0.421875 1.000000
vt 0.406250 0.937500
vt 0.421875 0.000000
vt 0.406250 0.437500
vt 0.406250 0.875000
vt 0.406250 0.375000
vt 0.406250 0.812500
vt 0.406250 0.312500
vt 0.375000 0.500000
vt 0.375000 0.437500
vt 0.375000 0.937500
vt 0.375000 0.875000
vt 0.375000 0.375000
vt 0.375000 0.812500
vt 0.375000 0.312500
vt 0.375000 0.750000
vt 0.375000 0.250000
vt 0.375000 0.687500
vt 0.375000 0.187500
vt 0.375000 0.625000
vt 0.375000 0.125000
vt 0.375000 0.562500
vt 0.375000 0.062500
vt 0.390625 1.000000
vt 0.390625 0.000000
vt 0.343750 0.250000
vt 0.343750 0.187500
vt 0.343750 0.687500
vt 0.343750 0.625000
vt 0.343750 0.125000
vt 0.343750 0.562500
vt 0.343750 0.062500
vt 0.343750 0.500000
vt 0.359375 1.000000
vt 0.343750 0.937500
vt 0.359375 0.000000
vt 0.343750 0.437500
vt 0.343750 0.875000
vt 0.343750 0.375000
vt 0.343750 0.812500
vt 0.343750 0.312500
vt 0.343750 0.750000
vt 0.312500 0.437500
vt 0.312500 0.375000
vt 0.312500 0.875000
vt 0.312500 0.812500
vt 0.312500 0.312500
vt 0.312500 0.750000
vt 0.312500 0.250000
vt 0.312500 0.687500
vt 0.312500 0.187500
vt 0.312500 0.625000
vt 0.312500 0.125000
vt 0.312500 0.562500
vt 0.312500 0.062500
vt 0.312500 0.500000
vt 0.328125 1.000000
vt 0.312500 0.937500
vt 0.328125 0.000000
vt 0.281250 0.187500
vt 0.281250 0.125000
vt 0.281250 0.625000
vt 0.281250 0.562500
vt 0.281250 0.062500
vt 0.281250 0.500000
vt 0.296875 1.000000
vt 0.281250 0.937500
vt 0.296875 0.000000
vt 0.281250 0.437500
vt 0.281250 0.875000
vt 0.281250 0.375000
vt 0.281250 0.812500
vt 0.281250 0.312500
vt 0.281250 0.750000
vt 0.281250 0.250000
vt 0.281250 0.687500
vt 0.250000 0.875000
vt 0.250000 0.812500
vt 0.250000 0.375000
vt 0.250000 0.312500
vt 0.250000 0.750000
vt 0.250000 0.250000
vt 0.250000 0.687500
vt 0.250000 0.187500
vt 0.250000 0.625000
vt 0.250000 0.125000
vt 0.250000 0.562500
vt 0.250000 0.062500
vt 0.250000 0.500000
vt 0.265625 1.000000
vt 0.250000 0.937500
vt 0.265625 0.000000
vt 0.250000 0.437500
vt 0.218750 0.625000
vt 0.218750 0.562500
vt 0.218750 0.125000
vt 0.218750 0.062500
vt 0.218750 0.500000
vt 0.234375 1.000000
vt 0.218750 0.937500
vt 0.234375 0.000000
vt 0.218750 0.437500
vt 0.218750 0.875000
vt 0.218750 0.375000
vt 0.218750 0.812500
vt 0.218750 0.312500
vt 0.218750 0.750000
vt 0.218750 0.250000
vt 0.218750 0.687500
vt 0.218750 0.187500
vt 0.187500 0.375000
vt 0.187500 0.312500
vt 0.187500 0.812500
vt 0.187500 0.750000
vt 0.187500 0.250000
vt 0.187500 0.687500
vt 0.187500 0.187500
vt 0.187500 0.625000
vt 0.187500 0.125000
vt 0.187500 0.562500
vt 0.187500 0.062500
vt 0.187500 0.500000
vt 0.203125 1.000000
vt 0.187500 0.937500
vt 0.203125 0.000000
vt 0.187500 0.437500
vt 0.187500 0.875000
vt 0.156250 0.125000
vt 0.156250 0.062500
vt 0.156250 0.562500
vt 0.156250 0.500000
vt 0.171875 1.000000
vt 0.156250 0.937500
vt 0.171875 0.000000
vt 0.156250 0.437500
vt 0.156250 0.875000
vt 0.156250 0.375000
vt 0.156250 0.812500
vt 0.156250 0.312500
vt 0.156250 0.750000
vt 0.156250 0.250000
vt 0.156250 0.687500
vt 0.156250 0.187500
vt 0.156250 0.625000
vt 0.125000 0.812500
vt 0.125000 0.750000
vt 0.125000 0.312500
vt 0.125000 0.250000
vt 0.125000 0.687500
vt 0.125000 0.187500
vt 0.125000 0.625000
vt 0.125000 0.125000
vt 0.125000 0.562500
vt 0.125000 0.062500
vt 0.125000 0.500000
vt 0.140625 1.000000
vt 0.125000 0.937500
vt 0.140625 0.000000
vt 0.125000 0.437500
vt 0.125000 0.875000
vt 0.125000 0.375000
vt 0.093750 0.562500
vt 0.093750 0.500000
vt 0.109375 1.000000
vt 0.093750 0.937500
vt 0.109375 0.000000
vt 0.093750 0.062500
vt 0.093750 0.437500
vt 0.093750 0.875000
vt 0.093750 0.375000
vt 0.093750 0.812500
vt 0.093750 0.312500
vt 0.093750 0.750000
vt 0.093750 0.250000
vt 0.093750 0.687500
vt 0.093750 0.187500
vt 0.093750 0.625000
vt 0.093750 0.125000
vt 0.062500 0.312500
vt 0.062500 0.250000
vt 0.062500 0.750000
vt 0.062500 0.687500
vt 0.062500 0.187500
vt 0.062500 0.625000
vt 0.062500 0.125000
vt 0.062500 0.562500
vt 0.062500 0.062500
vt 0.062500 0.500000
vt 0.078125 1.000000
vt 0.062500 0.937500
vt 0.078125 0.000000
vt 0.062500 0.437500
vt 0.062500 0.875000
vt 0.062500 0.375000
vt 0.062500 0.812500
vt 0.046875 0.000000
vt 0.031250 0.062500
vt 0.031250 0.500000
vt 0.031250 0.437500
vt 0.031250 0.937500
vt 0.031250 0.875000
vt 0.031250 0.375000
vt 0.031250 0.812500
vt 0.031250 0.312500
vt 0.031250 0.750000
vt 0.031250 0.250000
vt 0.031250 0.687500
vt 0.031250 0.187500
vt 0.031250 0.625000
vt 0.031250 0.125000
vt 0.031250 0.562500
vt 0.046875 1.000000
vt 0.000000 0.250000
vt 0.000000 0.187500
vt 0.000000 0.687500
vt 0.000000 0.625000
vt 0.000000 0.125000
vt 0.000000 0.562500
vt 0.000000 0.062500
vt 0.000000 0.500000
vt 0.015625 1.000000
vt 0.000000 0.937500
vt 0.015625 0.000000
vt 0.000000 0.437500
vt 0.000000 0.875000
vt 0.000000 0.375000
vt 0.000000 0.812500
vt 0.000000 0.312500
vt 0.000000 0.750000
vt 1.000000 0.875000
vt 1.000000 0.937500
vt 0.968750 0.937500
vt 0.968750 0.875000
vt 1.000000 0.375000
vt 1.000000 0.437500
vt 0.968750 0.437500
vt 0.968750 0.375000
vt 1.000000 0.812500
vt 0.968750 0.812500
vt 1.000000 0.312500
vt 0.968750 0.312500
vt 1.000000 0.750000
vt 0.968750 0.750000
vt 1.000000 0.250000
vt 0.968750 0.250000
vt 1.000000 0.687500
vt 0.968750 0.687500
vt 1.000000 0.187500
vt 0.968750 0.187500
vt 1.000000 0.625000
vt 0.968750 0.625000
vt 1.000000 0.125000
vt 0.968750 0.125000
vt 1.000000 0.562500
vt 0.968750 0.562500
vt 1.000000 0.062500
vt 0.968750 0.062500
vt 1.000000 0.500000
vt 0.968750 0.500000
vt 0.984375 1.000000
vt 0.984375 0.000000
vt 0.937500 0.687500
vt 0.937500 0.625000
vt 0.937500 0.187500
vt 0.937500 0.125000
vt 0.937500 0.562500
vt 0.937500 0.062500
vt 0.937500 0.500000
vt 0.953125 1.000000
vt 0.937500 0.937500
vt 0.953125 0.000000
vt 0.937500 0.437500
vt 0.937500 0.875000
vt 0.937500 0.375000
vt 0.937500 0.812500
vt 0.937500 0.312500
vt 0.937500 0.750000
vt 0.937500 0.250000
vt 0.906250 0.437500
vt 0.906250 0.375000
vt 0.906250 0.875000
vt 0.906250 0.812500
vt 0.906250 0.312500
vt 0.906250 0.750000
vt 0.906250 0.250000
vt 0.906250 0.687500
vt 0.906250 0.187500
vt 0.906250 0.625000
vt 0.906250 0.125000
vt 0.906250 0.562500
vt 0.906250 0.062500
vt 0.906250 0.500000
vt 0.921875 1.000000
vt 0.906250 0.937500
vt 0.921875 0.000000
vt 0.875000 0.187500
vt 0.875000 0.125000
vt 0.875000 0.625000
vt 0.875000 0.562500
vt 0.875000 0.062500
vt 0.875000 0.500000
vt 0.890625 1.000000
vt 0.875000 0.937500
vt 0.890625 0.000000
vt 0.875000 0.437500
vt 0.875000 0.875000
vt 0.875000 0.375000
vt 0.875000 0.812500
vt 0.875000 0.312500
vt 0.875000 0.750000
vt 0.875000 0.250000
vt 0.875000 0.687500
vt 0.843750 0.875000
vt 0.843750 0.812500
vt 0.843750 0.375000
vt 0.843750 0.312500
vt 0.843750 0.750000
vt 0.843750 0.250000
vt 0.843750 0.687500
vt 0.843750 0.187500
vt 0.843750 0.625000
vt 0.843750 0.125000
vt 0.843750 0.562500
vt 0.843750 0.062500
vt 0.843750 0.500000
vt 0.859375 1.000000
vt 0.843750 0.937500
vt 0.859375 0.000000
vt 0.843750 0.437500
vt 0.812500 0.625000
vt 0.812500 0.562500
vt 0.812500 0.125000
vt 0.812500 0.062500
vt 0.812500 0.500000
vt 0.828125 1.000000
vt 0.812500 0.937500
vt 0.828125 0.000000
vt 0.812500 0.437500
vt 0.812500 0.875000
vt 0.812500 0.375000
vt 0.812500 0.812500
vt 0.812500 0.312500
vt 0.812500 0.750000
vt 0.812500 0.250000
vt 0.812500 0.687500
vt 0.812500 0.187500
vt 0.781250 0.375000
vt 0.781250 0.312500
vt 0.781250 0.812500
vt 0.781250 0.750000
vt 0.781250 0.250000
vt 0.781250 0.687500
vt 0.781250 0.187500
vt 0.781250 0.625000
vt 0.781250 0.125000
vt 0.781250 0.562500
vt 0.781250 0.062500
vt 0.781250 0.500000
vt 0.796875 1.000000
vt 0.781250 0.937500
vt 0.796875 0.000000
vt 0.781250 0.437500
vt 0.781250 0.875000
vt 0.765625 1.000000
vt 0.765625 0.000000
s 0
usemtl tree.001
f 3074/3557/2386 3073/3558/2386 2612/3559/2386 2613/3560/2386
f 2596/3561/2387 2595/3562/2387 2605/3563/2387 2606/3564/2387
f 3066/3565/2388 2674/3566/2388 2599/3567/2388
f 2900/3568/2389 3074/3557/2389 2613/3560/2389
f 2597/3569/2390 2596/3561/2390 2606/3564/2390 2607/3570/2390
f 3067/3571/2391 3066/3565/2391 2599/3567/2391 2600/3572/2391
f 3070/3573/2392 2597/3569/2392 2607/3570/2392 2608/3574/2392
f 2593/3575/2393 3067/3571/2393 2600/3572/2393 2601/3576/2393
f 2598/3577/2394 3070/3573/2394 2608/3574/2394 2609/3578/2394
f 3068/3579/2395 2593/3575/2395 2601/3576/2395 2602/3580/2395
f 3071/3581/2396 2598/3577/2396 2609/3578/2396 2610/3582/2396
f 2594/3583/2397 3068/3579/2397 2602/3580/2397 2603/3584/2397
f 3072/3585/2398 3071/3581/2398 2610/3582/2398 2611/3586/2398
f 3069/3587/2399 2594/3583/2399 2603/3584/2399 2604/3588/2399
f 3073/3558/2400 3072/3585/2400 2611/3586/2400 2612/3559/2400
f 2595/3562/2401 3069/3587/2401 2604/3588/2401 2605/3563/2401
f 2604/3588/2402 2603/3584/2402 2618/3589/2402 2619/3590/2402
f 2612/3559/2403 2611/3586/2403 2626/3591/2403 2627/3592/2403
f 2605/3563/2404 2604/3588/2404 2619/3590/2404 2620/3593/2404
f 2613/3560/2405 2612/3559/2405 2627/3592/2405 2628/3594/2405
f 2606/3564/2406 2605/3563/2406 2620/3593/2406 2621/3595/2406
f 2599/3567/2407 2674/3596/2407 2614/3597/2407
f 2900/3598/2408 2613/3560/2408 2628/3594/2408
f 2607/3570/2409 2606/3564/2409 2621/3595/2409 2622/3599/2409
f 2600/3572/2410 2599/3567/2410 2614/3597/2410 2615/3600/2410
f 2608/3574/2411 2607/3570/2411 2622/3599/2411 2623/3601/2411
f 2601/3576/2412 2600/3572/2412 2615/3600/2412 2616/3602/2412
f 2609/3578/2413 2608/3574/2413 2623/3601/2413 2624/3603/2413
f 2602/3580/2414 2601/3576/2414 2616/3602/2414 2617/3604/2414
f 2610/3582/2415 2609/3578/2415 2624/3603/2415 2625/3605/2415
f 2603/3584/2416 2602/3580/2416 2617/3604/2416 2618/3589/2416
f 2611/3586/2417 2610/3582/2417 2625/3605/2417 2626/3591/2417
f 2623/3601/2418 2622/3599/2418 2637/3606/2418 2638/3607/2418
f 2616/3602/2419 2615/3600/2419 2630/3608/2419 2631/3609/2419
f 2624/3603/2420 2623/3601/2420 2638/3607/2420 2639/3610/2420
f 2617/3604/2421 2616/3602/2421 2631/3609/2421 2632/3611/2421
f 2625/3605/2422 2624/3603/2422 2639/3610/2422 2640/3612/2422
f 2618/3589/2423 2617/3604/2423 2632/3611/2423 2633/3613/2423
f 2626/3591/2424 2625/3605/2424 2640/3612/2424 2641/3614/2424
f 2619/3590/2425 2618/3589/2425 2633/3613/2425 2634/3615/2425
f 2627/3592/2426 2626/3591/2426 2641/3614/2426 2642/3616/2426
f 2620/3593/2427 2619/3590/2427 2634/3615/2427 2635/3617/2427
f 2628/3594/2428 2627/3592/2428 2642/3616/2428 2643/3618/2428
f 2621/3595/2429 2620/3593/2429 2635/3617/2429 2636/3619/2429
f 2614/3597/2430 2674/3620/2430 2629/3621/2430
f 2900/3622/2431 2628/3594/2431 2643/3618/2431
f 2622/3599/2432 2621/3595/2432 2636/3619/2432 2637/3606/2432
f 2615/3600/2433 2614/3597/2433 2629/3621/2433 2630/3608/2433
f 2642/3616/2434 2641/3614/2434 2656/3623/2434 2657/3624/2434
f 2635/3617/2435 2634/3615/2435 2649/3625/2435 2650/3626/2435
f 2643/3618/2436 2642/3616/2436 2657/3624/2436 2658/3627/2436
f 2636/3619/2437 2635/3617/2437 2650/3626/2437 2651/3628/2437
f 2629/3621/2438 2674/3629/2438 2644/3630/2438
f 2900/3631/2439 2643/3618/2439 2658/3627/2439
f 2637/3606/2440 2636/3619/2440 2651/3628/2440 2652/3632/2440
f 2630/3608/2441 2629/3621/2441 2644/3630/2441 2645/3633/2441
f 2638/3607/2442 2637/3606/2442 2652/3632/2442 2653/3634/2442
f 2631/3609/2443 2630/3608/2443 2645/3633/2443 2646/3635/2443
f 2639/3610/2444 2638/3607/2444 2653/3634/2444 2654/3636/2444
f 2632/3611/2445 2631/3609/2445 2646/3635/2445 2647/3637/2445
f 2640/3612/2446 2639/3610/2446 2654/3636/2446 2655/3638/2446
f 2633/3613/2447 2632/3611/2447 2647/3637/2447 2648/3639/2447
f 2641/3614/2448 2640/3612/2448 2655/3638/2448 2656/3623/2448
f 2634/3615/2449 2633/3613/2449 2648/3639/2449 2649/3625/2449
f 2654/3636/2450 2653/3634/2450 2668/3640/2450 2669/3641/2450
f 2647/3637/2451 2646/3635/2451 2661/3642/2451 2662/3643/2451
f 2655/3638/2452 2654/3636/2452 2669/3641/2452 2670/3644/2452
f 2648/3639/2453 2647/3637/2453 2662/3643/2453 2663/3645/2453
f 2656/3623/2454 2655/3638/2454 2670/3644/2454 2671/3646/2454
f 2649/3625/2455 2648/3639/2455 2663/3645/2455 2664/3647/2455
f 2657/3624/2456 2656/3623/2456 2671/3646/2456 2672/3648/2456
f 2650/3626/2457 2649/3625/2457 2664/3647/2457 2665/3649/2457
f 2658/3627/2458 2657/3624/2458 2672/3648/2458 2673/3650/2458
f 2651/3628/2459 2650/3626/2459 2665/3649/2459 2666/3651/2459
f 2644/3630/2460 2674/3652/2460 2659/3653/2460
f 2900/3654/2461 2658/3627/2461 2673/3650/2461
f 2652/3632/2462 2651/3628/2462 2666/3651/2462 2667/3655/2462
f 2645/3633/2463 2644/3630/2463 2659/3653/2463 2660/3656/2463
f 2653/3634/2464 2652/3632/2464 2667/3655/2464 2668/3640/2464
f 2646/3635/2465 2645/3633/2465 2660/3656/2465 2661/3642/2465
f 2673/3650/2466 2672/3648/2466 2688/3657/2466 2689/3658/2466
f 2666/3651/2467 2665/3649/2467 2681/3659/2467 2682/3660/2467
f 2659/3653/2468 2674/3661/2468 2675/3662/2468
f 2900/3663/2469 2673/3650/2469 2689/3658/2469
f 2667/3655/2470 2666/3651/2470 2682/3660/2470 2683/3664/2470
f 2660/3656/2471 2659/3653/2471 2675/3662/2471 2676/3665/2471
f 2668/3640/2472 2667/3655/2472 2683/3664/2472 2684/3666/2472
f 2661/3642/2473 2660/3656/2473 2676/3665/2473 2677/3667/2473
f 2669/3641/2474 2668/3640/2474 2684/3666/2474 2685/3668/2474
f 2662/3643/2475 2661/3642/2475 2677/3667/2475 2678/3669/2475
f 2670/3644/2476 2669/3641/2476 2685/3668/2476 2686/3670/2476
f 2663/3645/2477 2662/3643/2477 2678/3669/2477 2679/3671/2477
f 2671/3646/2478 2670/3644/2478 2686/3670/2478 2687/3672/2478
f 2664/3647/2479 2663/3645/2479 2679/3671/2479 2680/3673/2479
f 2672/3648/2480 2671/3646/2480 2687/3672/2480 2688/3657/2480
f 2665/3649/2481 2664/3647/2481 2680/3673/2481 2681/3659/2481
f 2678/3669/2482 2677/3667/2482 2692/3674/2482 2693/3675/2482
f 2686/3670/2483 2685/3668/2483 2700/3676/2483 2701/3677/2483
f 2679/3671/2484 2678/3669/2484 2693/3675/2484 2694/3678/2484
f 2687/3672/2485 2686/3670/2485 2701/3677/2485 2702/3679/2485
f 2680/3673/2486 2679/3671/2486 2694/3678/2486 2695/3680/2486
f 2688/3657/2487 2687/3672/2487 2702/3679/2487 2703/3681/2487
f 2681/3659/2488 2680/3673/2488 2695/3680/2488 2696/3682/2488
f 2689/3658/2489 2688/3657/2489 2703/3681/2489 2704/3683/2489
f 2682/3660/2490 2681/3659/2490 2696/3682/2490 2697/3684/2490
f 2675/3662/2491 2674/3685/2491 2690/3686/2491
f 2900/3687/2492 2689/3658/2492 2704/3683/2492
f 2683/3664/2493 2682/3660/2493 2697/3684/2493 2698/3688/2493
f 2676/3665/2494 2675/3662/2494 2690/3686/2494 2691/3689/2494
f 2684/3666/2495 2683/3664/2495 2698/3688/2495 2699/3690/2495
f 2677/3667/2496 2676/3665/2496 2691/3689/2496 2692/3674/2496
f 2685/3668/2497 2684/3666/2497 2699/3690/2497 2700/3676/2497
f 2697/3684/2498 2696/3682/2498 2711/3691/2498 2712/3692/2498
f 2690/3686/2499 2674/3693/2499 2705/3694/2499
f 2900/3695/2500 2704/3683/2500 2719/3696/2500
f 2698/3688/2501 2697/3684/2501 2712/3692/2501 2713/3697/2501
f 2691/3689/2502 2690/3686/2502 2705/3694/2502 2706/3698/2502
f 2699/3690/2503 2698/3688/2503 2713/3697/2503 2714/3699/2503
f 2692/3674/2504 2691/3689/2504 2706/3698/2504 2707/3700/2504
f 2700/3676/2505 2699/3690/2505 2714/3699/2505 2715/3701/2505
f 2693/3675/2506 2692/3674/2506 2707/3700/2506 2708/3702/2506
f 2701/3677/2507 2700/3676/2507 2715/3701/2507 2716/3703/2507
f 2694/3678/2508 2693/3675/2508 2708/3702/2508 2709/3704/2508
f 2702/3679/2509 2701/3677/2509 2716/3703/2509 2717/3705/2509
f 2695/3680/2510 2694/3678/2510 2709/3704/2510 2710/3706/2510
f 2703/3681/2511 2702/3679/2511 2717/3705/2511 2718/3707/2511
f 2696/3682/2512 2695/3680/2512 2710/3706/2512 2711/3691/2512
f 2704/3683/2513 2703/3681/2513 2718/3707/2513 2719/3696/2513
f 2716/3703/2514 2715/3701/2514 2730/3708/2514 2731/3709/2514
f 2709/3704/2515 2708/3702/2515 2723/3710/2515 2724/3711/2515
f 2717/3705/2516 2716/3703/2516 2731/3709/2516 2732/3712/2516
f 2710/3706/2517 2709/3704/2517 2724/3711/2517 2725/3713/2517
f 2718/3707/2518 2717/3705/2518 2732/3712/2518 2733/3714/2518
f 2711/3691/2519 2710/3706/2519 2725/3713/2519 2726/3715/2519
f 2719/3696/2520 2718/3707/2520 2733/3714/2520 2734/3716/2520
f 2712/3692/2521 2711/3691/2521 2726/3715/2521 2727/3717/2521
f 2705/3694/2522 2674/3718/2522 2720/3719/2522
f 2900/3720/2523 2719/3696/2523 2734/3716/2523
f 2713/3697/2524 2712/3692/2524 2727/3717/2524 2728/3721/2524
f 2706/3698/2525 2705/3694/2525 2720/3719/2525 2721/3722/2525
f 2714/3699/2526 2713/3697/2526 2728/3721/2526 2729/3723/2526
f 2707/3700/2527 2706/3698/2527 2721/3722/2527 2722/3724/2527
f 2715/3701/2528 2714/3699/2528 2729/3723/2528 2730/3708/2528
f 2708/3702/2529 2707/3700/2529 2722/3724/2529 2723/3710/2529
f 2720/3719/2530 2674/3725/2530 2735/3726/2530
f 2900/3727/2531 2734/3716/2531 2749/3728/2531
f 2728/3721/2532 2727/3717/2532 2742/3729/2532 2743/3730/2532
f 2721/3722/2533 2720/3719/2533 2735/3726/2533 2736/3731/2533
f 2729/3723/2534 2728/3721/2534 2743/3730/2534 2744/3732/2534
f 2722/3724/2535 2721/3722/2535 2736/3731/2535 2737/3733/2535
f 2730/3708/2536 2729/3723/2536 2744/3732/2536 2745/3734/2536
f 2723/3710/2537 2722/3724/2537 2737/3733/2537 2738/3735/2537
f 2731/3709/2538 2730/3708/2538 2745/3734/2538 2746/3736/2538
f 2724/3711/2539 2723/3710/2539 2738/3735/2539 2739/3737/2539
f 2732/3712/2540 2731/3709/2540 2746/3736/2540 2747/3738/2540
f 2725/3713/2541 2724/3711/2541 2739/3737/2541 2740/3739/2541
f 2733/3714/2542 2732/3712/2542 2747/3738/2542 2748/3740/2542
f 2726/3715/2543 2725/3713/2543 2740/3739/2543 2741/3741/2543
f 2734/3716/2544 2733/3714/2544 2748/3740/2544 2749/3728/2544
f 2727/3717/2545 2726/3715/2545 2741/3741/2545 2742/3729/2545
f 2739/3737/2546 2738/3735/2546 2753/3742/2546 2754/3743/2546
f 2747/3738/2547 2746/3736/2547 2761/3744/2547 2762/3745/2547
f 2740/3739/2548 2739/3737/2548 2754/3743/2548 2755/3746/2548
f 2748/3740/2549 2747/3738/2549 2762/3745/2549 2763/3747/2549
f 2741/3741/2550 2740/3739/2550 2755/3746/2550 2756/3748/2550
f 2749/3728/2551 2748/3740/2551 2763/3747/2551 2764/3749/2551
f 2742/3729/2552 2741/3741/2552 2756/3748/2552 2757/3750/2552
f 2735/3726/2553 2674/3751/2553 2750/3752/2553
f 2900/3753/2554 2749/3728/2554 2764/3749/2554
f 2743/3730/2555 2742/3729/2555 2757/3750/2555 2758/3754/2555
f 2736/3731/2556 2735/3726/2556 2750/3752/2556 2751/3755/2556
f 2744/3732/2557 2743/3730/2557 2758/3754/2557 2759/3756/2557
f 2737/3733/2558 2736/3731/2558 2751/3755/2558 2752/3757/2558
f 2745/3734/2559 2744/3732/2559 2759/3756/2559 2760/3758/2559
f 2738/3735/2560 2737/3733/2560 2752/3757/2560 2753/3742/2560
f 2746/3736/2561 2745/3734/2561 2760/3758/2561 2761/3744/2561
f 2758/3754/2562 2757/3750/2562 2772/3759/2562 2773/3760/2562
f 2751/3755/2563 2750/3752/2563 2765/3761/2563 2766/3762/2563
f 2759/3756/2564 2758/3754/2564 2773/3760/2564 2774/3763/2564
f 2752/3757/2565 2751/3755/2565 2766/3762/2565 2767/3764/2565
f 2760/3758/2566 2759/3756/2566 2774/3763/2566 2775/3765/2566
f 2753/3742/2567 2752/3757/2567 2767/3764/2567 2768/3766/2567
f 2761/3744/2568 2760/3758/2568 2775/3765/2568 2776/3767/2568
f 2754/3743/2569 2753/3742/2569 2768/3766/2569 2769/3768/2569
f 2762/3745/2570 2761/3744/2570 2776/3767/2570 2777/3769/2570
f 2755/3746/2571 2754/3743/2571 2769/3768/2571 2770/3770/2571
f 2763/3747/2572 2762/3745/2572 2777/3769/2572 2778/3771/2572
f 2756/3748/2573 2755/3746/2573 2770/3770/2573 2771/3772/2573
f 2764/3749/2574 2763/3747/2574 2778/3771/2574 2779/3773/2574
f 2757/3750/2575 2756/3748/2575 2771/3772/2575 2772/3759/2575
f 2750/3752/2576 2674/3774/2576 2765/3761/2576
f 2900/3775/2577 2764/3749/2577 2779/3773/2577
f 2777/3769/2578 2776/3767/2578 2791/3776/2578 2792/3777/2578
f 2770/3770/2579 2769/3768/2579 2784/3778/2579 2785/3779/2579
f 2778/3771/2580 2777/3769/2580 2792/3777/2580 2793/3780/2580
f 2771/3772/2581 2770/3770/2581 2785/3779/2581 2786/3781/2581
f 2779/3773/2582 2778/3771/2582 2793/3780/2582 2794/3782/2582
f 2772/3759/2583 2771/3772/2583 2786/3781/2583 2787/3783/2583
f 2765/3761/2584 2674/3784/2584 2780/3785/2584
f 2900/3786/2585 2779/3773/2585 2794/3782/2585
f 2773/3760/2586 2772/3759/2586 2787/3783/2586 2788/3787/2586
f 2766/3762/2587 2765/3761/2587 2780/3785/2587 2781/3788/2587
f 2774/3763/2588 2773/3760/2588 2788/3787/2588 2789/3789/2588
f 2767/3764/2589 2766/3762/2589 2781/3788/2589 2782/3790/2589
f 2775/3765/2590 2774/3763/2590 2789/3789/2590 2790/3791/2590
f 2768/3766/2591 2767/3764/2591 2782/3790/2591 2783/3792/2591
f 2776/3767/2592 2775/3765/2592 2790/3791/2592 2791/3776/2592
f 2769/3768/2593 2768/3766/2593 2783/3792/2593 2784/3778/2593
f 2789/3789/2594 2788/3787/2594 2803/3793/2594 2804/3794/2594
f 2782/3790/2595 2781/3788/2595 2796/3795/2595 2797/3796/2595
f 2790/3791/2596 2789/3789/2596 2804/3794/2596 2805/3797/2596
f 2783/3792/2597 2782/3790/2597 2797/3796/2597 2798/3798/2597
f 2791/3776/2598 2790/3791/2598 2805/3797/2598 2806/3799/2598
f 2784/3778/2599 2783/3792/2599 2798/3798/2599 2799/3800/2599
f 2792/3777/2600 2791/3776/2600 2806/3799/2600 2807/3801/2600
f 2785/3779/2601 2784/3778/2601 2799/3800/2601 2800/3802/2601
f 2793/3780/2602 2792/3777/2602 2807/3801/2602 2808/3803/2602
f 2786/3781/2603 2785/3779/2603 2800/3802/2603 2801/3804/2603
f 2794/3782/2604 2793/3780/2604 2808/3803/2604 2809/3805/2604
f 2787/3783/2605 2786/3781/2605 2801/3804/2605 2802/3806/2605
f 2780/3785/2606 2674/3807/2606 2795/3808/2606
f 2900/3809/2607 2794/3782/2607 2809/3805/2607
f 2788/3787/2608 2787/3783/2608 2802/3806/2608 2803/3793/2608
f 2781/3788/2609 2780/3785/2609 2795/3808/2609 2796/3795/2609
f 2808/3803/2610 2807/3801/2610 2822/3810/2610 2823/3811/2610
f 2801/3804/2611 2800/3802/2611 2815/3812/2611 2816/3813/2611
f 2809/3805/2612 2808/3803/2612 2823/3811/2612 2824/3814/2612
f 2802/3806/2613 2801/3804/2613 2816/3813/2613 2817/3815/2613
f 2795/3808/2614 2674/3816/2614 2810/3817/2614
f 2900/3818/2615 2809/3805/2615 2824/3814/2615
f 2803/3793/2616 2802/3806/2616 2817/3815/2616 2818/3819/2616
f 2796/3795/2617 2795/3808/2617 2810/3817/2617 2811/3820/2617
f 2804/3794/2618 2803/3793/2618 2818/3819/2618 2819/3821/2618
f 2797/3796/2619 2796/3795/2619 2811/3820/2619 2812/3822/2619
f 2805/3797/2620 2804/3794/2620 2819/3821/2620 2820/3823/2620
f 2798/3798/2621 2797/3796/2621 2812/3822/2621 2813/3824/2621
f 2806/3799/2622 2805/3797/2622 2820/3823/2622 2821/3825/2622
f 2799/3800/2623 2798/3798/2623 2813/3824/2623 2814/3826/2623
f 2807/3801/2624 2806/3799/2624 2821/3825/2624 2822/3810/2624
f 2800/3802/2625 2799/3800/2625 2814/3826/2625 2815/3812/2625
f 2812/3822/2626 2811/3820/2626 2826/3827/2626 2827/3828/2626
f 2820/3823/2627 2819/3821/2627 2834/3829/2627 2835/3830/2627
f 2813/3824/2628 2812/3822/2628 2827/3828/2628 2828/3831/2628
f 2821/3825/2629 2820/3823/2629 2835/3830/2629 2836/3832/2629
f 2814/3826/2630 2813/3824/2630 2828/3831/2630 2829/3833/2630
f 2822/3810/2631 2821/3825/2631 2836/3832/2631 2837/3834/2631
f 2815/3812/2632 2814/3826/2632 2829/3833/2632 2830/3835/2632
f 2823/3811/2633 2822/3810/2633 2837/3834/2633 2838/3836/2633
f 2816/3813/2634 2815/3812/2634 2830/3835/2634 2831/3837/2634
f 2824/3814/2635 2823/3811/2635 2838/3836/2635 2839/3838/2635
f 2817/3815/2636 2816/3813/2636 2831/3837/2636 2832/3839/2636
f 2810/3817/2637 2674/3840/2637 2825/3841/2637
f 2900/3842/2638 2824/3814/2638 2839/3838/2638
f 2818/3819/2639 2817/3815/2639 2832/3839/2639 2833/3843/2639
f 2811/3820/2640 2810/3817/2640 2825/3841/2640 2826/3827/2640
f 2819/3821/2641 2818/3819/2641 2833/3843/2641 2834/3829/2641
f 2831/3837/2642 2830/3835/2642 2845/3844/2642 2846/3845/2642
f 2839/3838/2643 2838/3836/2643 2853/3846/2643 2854/3847/2643
f 2832/3839/2644 2831/3837/2644 2846/3845/2644 2847/3848/2644
f 2825/3841/2645 2674/3849/2645 2840/3850/2645
f 2900/3851/2646 2839/3838/2646 2854/3847/2646
f 2833/3843/2647 2832/3839/2647 2847/3848/2647 2848/3852/2647
f 2826/3827/2648 2825/3841/2648 2840/3850/2648 2841/3853/2648
f 2834/3829/2649 2833/3843/2649 2848/3852/2649 2849/3854/2649
f 2827/3828/2650 2826/3827/2650 2841/3853/2650 2842/3855/2650
f 2835/3830/2651 2834/3829/2651 2849/3854/2651 2850/3856/2651
f 2828/3831/2652 2827/3828/2652 2842/3855/2652 2843/3857/2652
f 2836/3832/2653 2835/3830/2653 2850/3856/2653 2851/3858/2653
f 2829/3833/2654 2828/3831/2654 2843/3857/2654 2844/3859/2654
f 2837/3834/2655 2836/3832/2655 2851/3858/2655 2852/3860/2655
f 2830/3835/2656 2829/3833/2656 2844/3859/2656 2845/3844/2656
f 2838/3836/2657 2837/3834/2657 2852/3860/2657 2853/3846/2657
f 2850/3856/2658 2849/3854/2658 2864/3861/2658 2865/3862/2658
f 2843/3857/2659 2842/3855/2659 2857/3863/2659 2858/3864/2659
f 2851/3858/2660 2850/3856/2660 2865/3862/2660 2866/3865/2660
f 2844/3859/2661 2843/3857/2661 2858/3864/2661 2859/3866/2661
f 2852/3860/2662 2851/3858/2662 2866/3865/2662 2867/3867/2662
f 2845/3844/2663 2844/3859/2663 2859/3866/2663 2860/3868/2663
f 2853/3846/2664 2852/3860/2664 2867/3867/2664 2868/3869/2664
f 2846/3845/2665 2845/3844/2665 2860/3868/2665 2861/3870/2665
f 2854/3847/2666 2853/3846/2666 2868/3869/2666 2869/3871/2666
f 2847/3848/2667 2846/3845/2667 2861/3870/2667 2862/3872/2667
f 2840/3850/2668 2674/3873/2668 2855/3874/2668
f 2900/3875/2669 2854/3847/2669 2869/3871/2669
f 2848/3852/2670 2847/3848/2670 2862/3872/2670 2863/3876/2670
f 2841/3853/2671 2840/3850/2671 2855/3874/2671 2856/3877/2671
f 2849/3854/2672 2848/3852/2672 2863/3876/2672 2864/3861/2672
f 2842/3855/2673 2841/3853/2673 2856/3877/2673 2857/3863/2673
f 2869/3871/2674 2868/3869/2674 2883/3878/2674 2884/3879/2674
f 2862/3872/2675 2861/3870/2675 2876/3880/2675 2877/3881/2675
f 2855/3874/2676 2674/3882/2676 2870/3883/2676
f 2900/3884/2677 2869/3871/2677 2884/3879/2677
f 2863/3876/2678 2862/3872/2678 2877/3881/2678 2878/3885/2678
f 2856/3877/2679 2855/3874/2679 2870/3883/2679 2871/3886/2679
f 2864/3861/2680 2863/3876/2680 2878/3885/2680 2879/3887/2680
f 2857/3863/2681 2856/3877/2681 2871/3886/2681 2872/3888/2681
f 2865/3862/2682 2864/3861/2682 2879/3887/2682 2880/3889/2682
f 2858/3864/2683 2857/3863/2683 2872/3888/2683 2873/3890/2683
f 2866/3865/2684 2865/3862/2684 2880/3889/2684 2881/3891/2684
f 2859/3866/2685 2858/3864/2685 2873/3890/2685 2874/3892/2685
f 2867/3867/2686 2866/3865/2686 2881/3891/2686 2882/3893/2686
f 2860/3868/2687 2859/3866/2687 2874/3892/2687 2875/3894/2687
f 2868/3869/2688 2867/3867/2688 2882/3893/2688 2883/3878/2688
f 2861/3870/2689 2860/3868/2689 2875/3894/2689 2876/3880/2689
f 2873/3890/2690 2872/3888/2690 2887/3895/2690 2888/3896/2690
f 2881/3891/2691 2880/3889/2691 2895/3897/2691 2896/3898/2691
f 2874/3892/2692 2873/3890/2692 2888/3896/2692 2889/3899/2692
f 2882/3893/2693 2881/3891/2693 2896/3898/2693 2897/3900/2693
f 2875/3894/2694 2874/3892/2694 2889/3899/2694 2890/3901/2694
f 2883/3878/2695 2882/3893/2695 2897/3900/2695 2898/3902/2695
f 2876/3880/2696 2875/3894/2696 2890/3901/2696 2891/3903/2696
f 2884/3879/2697 2883/3878/2697 2898/3902/2697 2899/3904/2697
f 2877/3881/2698 2876/3880/2698 2891/3903/2698 2892/3905/2698
f 2870/3883/2699 2674/3906/2699 2885/3907/2699
f 2900/3908/2700 2884/3879/2700 2899/3904/2700
f 2878/3885/2701 2877/3881/2701 2892/3905/2701 2893/3909/2701
f 2871/3886/2702 2870/3883/2702 2885/3907/2702 2886/3910/2702
f 2879/3887/2703 2878/3885/2703 2893/3909/2703 2894/3911/2703
f 2872/3888/2704 2871/3886/2704 2886/3910/2704 2887/3895/2704
f 2880/3889/2705 2879/3887/2705 2894/3911/2705 2895/3897/2705
f 2892/3905/2706 2891/3903/2706 2907/3912/2706 2908/3913/2706
f 2885/3907/2707 2674/3914/2707 2901/3915/2707
f 2900/3916/2708 2899/3904/2708 2915/3917/2708
f 2893/3909/2709 2892/3905/2709 2908/3913/2709 2909/3918/2709
f 2886/3910/2710 2885/3907/2710 2901/3915/2710 2902/3919/2710
f 2894/3911/2711 2893/3909/2711 2909/3918/2711 2910/3920/2711
f 2887/3895/2712 2886/3910/2712 2902/3919/2712 2903/3921/2712
f 2895/3897/2713 2894/3911/2713 2910/3920/2713 2911/3922/2713
f 2888/3896/2714 2887/3895/2714 2903/3921/2714 2904/3923/2714
f 2896/3898/2715 2895/3897/2715 2911/3922/2715 2912/3924/2715
f 2889/3899/2716 2888/3896/2716 2904/3923/2716 2905/3925/2716
f 2897/3900/2717 2896/3898/2717 2912/3924/2717 2913/3926/2717
f 2890/3901/2718 2889/3899/2718 2905/3925/2718 2906/3927/2718
f 2898/3902/2719 2897/3900/2719 2913/3926/2719 2914/3928/2719
f 2891/3903/2720 2890/3901/2720 2906/3927/2720 2907/3912/2720
f 2899/3904/2721 2898/3902/2721 2914/3928/2721 2915/3917/2721
f 2912/3924/2722 2911/3922/2722 2926/3929/2722 2927/3930/2722
f 2905/3925/2723 2904/3923/2723 2919/3931/2723 2920/3932/2723
f 2913/3926/2724 2912/3924/2724 2927/3930/2724 2928/3933/2724
f 2906/3927/2725 2905/3925/2725 2920/3932/2725 2921/3934/2725
f 2914/3928/2726 2913/3926/2726 2928/3933/2726 2929/3935/2726
f 2907/3912/2727 2906/3927/2727 2921/3934/2727 2922/3936/2727
f 2915/3917/2728 2914/3928/2728 2929/3935/2728 2930/3937/2728
f 2908/3913/2729 2907/3912/2729 2922/3936/2729 2923/3938/2729
f 2901/3915/2730 2674/3939/2730 2916/3940/2730
f 2900/3941/2731 2915/3917/2731 2930/3937/2731
f 2909/3918/2732 2908/3913/2732 2923/3938/2732 2924/3942/2732
f 2902/3919/2733 2901/3915/2733 2916/3940/2733 2917/3943/2733
f 2910/3920/2734 2909/3918/2734 2924/3942/2734 2925/3944/2734
f 2903/3921/2735 2902/3919/2735 2917/3943/2735 2918/3945/2735
f 2911/3922/2736 2910/3920/2736 2925/3944/2736 2926/3929/2736
f 2904/3923/2737 2903/3921/2737 2918/3945/2737 2919/3931/2737
f 2900/3946/2738 2930/3937/2738 2945/3947/2738
f 2924/3942/2739 2923/3938/2739 2938/3948/2739 2939/3949/2739
f 2917/3943/2740 2916/3940/2740 2931/3950/2740 2932/3951/2740
f 2925/3944/2741 2924/3942/2741 2939/3949/2741 2940/3952/2741
f 2918/3945/2742 2917/3943/2742 2932/3951/2742 2933/3953/2742
f 2926/3929/2743 2925/3944/2743 2940/3952/2743 2941/3954/2743
f 2919/3931/2744 2918/3945/2744 2933/3953/2744 2934/3955/2744
f 2927/3930/2745 2926/3929/2745 2941/3954/2745 2942/3956/2745
f 2920/3932/2746 2919/3931/2746 2934/3955/2746 2935/3957/2746
f 2928/3933/2747 2927/3930/2747 2942/3956/2747 2943/3958/2747
f 2921/3934/2748 2920/3932/2748 2935/3957/2748 2936/3959/2748
f 2929/3935/2749 2928/3933/2749 2943/3958/2749 2944/3960/2749
f 2922/3936/2750 2921/3934/2750 2936/3959/2750 2937/3961/2750
f 2930/3937/2751 2929/3935/2751 2944/3960/2751 2945/3947/2751
f 2923/3938/2752 2922/3936/2752 2937/3961/2752 2938/3948/2752
f 2916/3940/2753 2674/3962/2753 2931/3950/2753
f 2943/3958/2754 2942/3956/2754 2957/3963/2754 2958/3964/2754
f 2936/3959/2755 2935/3957/2755 2950/3965/2755 2951/3966/2755
f 2944/3960/2756 2943/3958/2756 2958/3964/2756 2959/3967/2756
f 2937/3961/2757 2936/3959/2757 2951/3966/2757 2952/3968/2757
f 2945/3947/2758 2944/3960/2758 2959/3967/2758 2960/3969/2758
f 2938/3948/2759 2937/3961/2759 2952/3968/2759 2953/3970/2759
f 2931/3950/2760 2674/3971/2760 2946/3972/2760
f 2900/3973/2761 2945/3947/2761 2960/3969/2761
f 2939/3949/2762 2938/3948/2762 2953/3970/2762 2954/3974/2762
f 2932/3951/2763 2931/3950/2763 2946/3972/2763 2947/3975/2763
f 2940/3952/2764 2939/3949/2764 2954/3974/2764 2955/3976/2764
f 2933/3953/2765 2932/3951/2765 2947/3975/2765 2948/3977/2765
f 2941/3954/2766 2940/3952/2766 2955/3976/2766 2956/3978/2766
f 2934/3955/2767 2933/3953/2767 2948/3977/2767 2949/3979/2767
f 2942/3956/2768 2941/3954/2768 2956/3978/2768 2957/3963/2768
f 2935/3957/2769 2934/3955/2769 2949/3979/2769 2950/3965/2769
f 2947/3980/2770 2946/3981/2770 2961/3982/2770 2962/3983/2770
f 2955/3984/2771 2954/3985/2771 2969/3986/2771 2970/3987/2771
f 2948/3988/2772 2947/3980/2772 2962/3983/2772 2963/3989/2772
f 2956/3990/2773 2955/3984/2773 2970/3987/2773 2971/3991/2773
f 2949/3992/2774 2948/3988/2774 2963/3989/2774 2964/3993/2774
f 2957/3994/2775 2956/3990/2775 2971/3991/2775 2972/3995/2775
f 2950/3996/2776 2949/3992/2776 2964/3993/2776 2965/3997/2776
f 2958/3998/2777 2957/3994/2777 2972/3995/2777 2973/3999/2777
f 2951/4000/2778 2950/3996/2778 2965/3997/2778 2966/4001/2778
f 2959/4002/2779 2958/3998/2779 2973/3999/2779 2974/4003/2779
f 2952/4004/2780 2951/4000/2780 2966/4001/2780 2967/4005/2780
f 2960/4006/2781 2959/4002/2781 2974/4003/2781 2975/4007/2781
f 2953/4008/2782 2952/4004/2782 2967/4005/2782 2968/4009/2782
f 2946/3981/2783 2674/4010/2783 2961/3982/2783
f 2900/4011/2784 2960/4006/2784 2975/4007/2784
f 2954/3985/2785 2953/4008/2785 2968/4009/2785 2969/3986/2785
f 2966/4001/2786 2965/3997/2786 2980/4012/2786 2981/4013/2786
f 2974/4003/2787 2973/3999/2787 2988/4014/2787 2989/4015/2787
f 2967/4005/2788 2966/4001/2788 2981/4013/2788 2982/4016/2788
f 2975/4007/2789 2974/4003/2789 2989/4015/2789 2990/4017/2789
f 2968/4009/2790 2967/4005/2790 2982/4016/2790 2983/4018/2790
f 2961/3982/2791 2674/4019/2791 2976/4020/2791
f 2900/4021/2792 2975/4007/2792 2990/4017/2792
f 2969/3986/2793 2968/4009/2793 2983/4018/2793 2984/4022/2793
f 2962/3983/2794 2961/3982/2794 2976/4020/2794 2977/4023/2794
f 2970/3987/2795 2969/3986/2795 2984/4022/2795 2985/4024/2795
f 2963/3989/2796 2962/3983/2796 2977/4023/2796 2978/4025/2796
f 2971/3991/2797 2970/3987/2797 2985/4024/2797 2986/4026/2797
f 2964/3993/2798 2963/3989/2798 2978/4025/2798 2979/4027/2798
f 2972/3995/2799 2971/3991/2799 2986/4026/2799 2987/4028/2799
f 2965/3997/2800 2964/3993/2800 2979/4027/2800 2980/4012/2800
f 2973/3999/2801 2972/3995/2801 2987/4028/2801 2988/4014/2801
f 2985/4024/2802 2984/4022/2802 2999/4029/2802 3000/4030/2802
f 2978/4025/2803 2977/4023/2803 2992/4031/2803 2993/4032/2803
f 2986/4026/2804 2985/4024/2804 3000/4030/2804 3001/4033/2804
f 2979/4027/2805 2978/4025/2805 2993/4032/2805 2994/4034/2805
f 2987/4028/2806 2986/4026/2806 3001/4033/2806 3002/4035/2806
f 2980/4012/2807 2979/4027/2807 2994/4034/2807 2995/4036/2807
f 2988/4014/2808 2987/4028/2808 3002/4035/2808 3003/4037/2808
f 2981/4013/2809 2980/4012/2809 2995/4036/2809 2996/4038/2809
f 2989/4015/2810 2988/4014/2810 3003/4037/2810 3004/4039/2810
f 2982/4016/2811 2981/4013/2811 2996/4038/2811 2997/4040/2811
f 2990/4017/2812 2989/4015/2812 3004/4039/2812 3005/4041/2812
f 2983/4018/2813 2982/4016/2813 2997/4040/2813 2998/4042/2813
f 2976/4020/2814 2674/4043/2814 2991/4044/2814
f 2900/4045/2815 2990/4017/2815 3005/4041/2815
f 2984/4022/2816 2983/4018/2816 2998/4042/2816 2999/4029/2816
f 2977/4023/2817 2976/4020/2817 2991/4044/2817 2992/4031/2817
f 3004/4039/2818 3003/4037/2818 3018/4046/2818 3019/4047/2818
f 2997/4040/2819 2996/4038/2819 3011/4048/2819 3012/4049/2819
f 3005/4041/2820 3004/4039/2820 3019/4047/2820 3020/4050/2820
f 2998/4042/2821 2997/4040/2821 3012/4049/2821 3013/4051/2821
f 2991/4044/2822 2674/4052/2822 3006/4053/2822
f 2900/4054/2823 3005/4041/2823 3020/4050/2823
f 2999/4029/2824 2998/4042/2824 3013/4051/2824 3014/4055/2824
f 2992/4031/2825 2991/4044/2825 3006/4053/2825 3007/4056/2825
f 3000/4030/2826 2999/4029/2826 3014/4055/2826 3015/4057/2826
f 2993/4032/2827 2992/4031/2827 3007/4056/2827 3008/4058/2827
f 3001/4033/2828 3000/4030/2828 3015/4057/2828 3016/4059/2828
f 2994/4034/2829 2993/4032/2829 3008/4058/2829 3009/4060/2829
f 3002/4035/2830 3001/4033/2830 3016/4059/2830 3017/4061/2830
f 2995/4036/2831 2994/4034/2831 3009/4060/2831 3010/4062/2831
f 3003/4037/2832 3002/4035/2832 3017/4061/2832 3018/4046/2832
f 2996/4038/2833 2995/4036/2833 3010/4062/2833 3011/4048/2833
f 3008/4058/2834 3007/4056/2834 3022/4063/2834 3023/4064/2834
f 3016/4059/2835 3015/4057/2835 3030/4065/2835 3031/4066/2835
f 3009/4060/2836 3008/4058/2836 3023/4064/2836 3024/4067/2836
f 3017/4061/2837 3016/4059/2837 3031/4066/2837 3032/4068/2837
f 3010/4062/2838 3009/4060/2838 3024/4067/2838 3025/4069/2838
f 3018/4046/2839 3017/4061/2839 3032/4068/2839 3033/4070/2839
f 3011/4048/2840 3010/4062/2840 3025/4069/2840 3026/4071/2840
f 3019/4047/2841 3018/4046/2841 3033/4070/2841 3034/4072/2841
f 3012/4049/2842 3011/4048/2842 3026/4071/2842 3027/4073/2842
f 3020/4050/2843 3019/4047/2843 3034/4072/2843 3035/4074/2843
f 3013/4051/2844 3012/4049/2844 3027/4073/2844 3028/4075/2844
f 3006/4053/2845 2674/4076/2845 3021/4077/2845
f 2900/4078/2846 3020/4050/2846 3035/4074/2846
f 3014/4055/2847 3013/4051/2847 3028/4075/2847 3029/4079/2847
f 3007/4056/2848 3006/4053/2848 3021/4077/2848 3022/4063/2848
f 3015/4057/2849 3014/4055/2849 3029/4079/2849 3030/4065/2849
f 3027/4073/2850 3026/4071/2850 3041/4080/2850 3042/4081/2850
f 3035/4074/2851 3034/4072/2851 3049/4082/2851 3050/4083/2851
f 3028/4075/2852 3027/4073/2852 3042/4081/2852 3043/4084/2852
f 3021/4077/2853 2674/4085/2853 3036/4086/2853
f 2900/4087/2854 3035/4074/2854 3050/4083/2854
f 3029/4079/2855 3028/4075/2855 3043/4084/2855 3044/4088/2855
f 3022/4063/2856 3021/4077/2856 3036/4086/2856 3037/4089/2856
f 3030/4065/2857 3029/4079/2857 3044/4088/2857 3045/4090/2857
f 3023/4064/2858 3022/4063/2858 3037/4089/2858 3038/4091/2858
f 3031/4066/2859 3030/4065/2859 3045/4090/2859 3046/4092/2859
f 3024/4067/2860 3023/4064/2860 3038/4091/2860 3039/4093/2860
f 3032/4068/2861 3031/4066/2861 3046/4092/2861 3047/4094/2861
f 3025/4069/2862 3024/4067/2862 3039/4093/2862 3040/4095/2862
f 3033/4070/2863 3032/4068/2863 3047/4094/2863 3048/4096/2863
f 3026/4071/2864 3025/4069/2864 3040/4095/2864 3041/4080/2864
f 3034/4072/2865 3033/4070/2865 3048/4096/2865 3049/4082/2865
f 3046/4092/2866 3045/4090/2866 3060/4097/2866 3061/4098/2866
f 3039/4093/2867 3038/4091/2867 3053/4099/2867 3054/4100/2867
f 3047/4094/2868 3046/4092/2868 3061/4098/2868 3062/4101/2868
f 3040/4095/2869 3039/4093/2869 3054/4100/2869 3055/4102/2869
f 3048/4096/2870 3047/4094/2870 3062/4101/2870 3063/4103/2870
f 3041/4080/2871 3040/4095/2871 3055/4102/2871 3056/4104/2871
f 3049/4082/2872 3048/4096/2872 3063/4103/2872 3064/4105/2872
f 3042/4081/2873 3041/4080/2873 3056/4104/2873 3057/4106/2873
f 3050/4083/2874 3049/4082/2874 3064/4105/2874 3065/4107/2874
f 3043/4084/2875 3042/4081/2875 3057/4106/2875 3058/4108/2875
f 3036/4086/2876 2674/4109/2876 3051/4110/2876
f 2900/4111/2877 3050/4083/2877 3065/4107/2877
f 3044/4088/2878 3043/4084/2878 3058/4108/2878 3059/4112/2878
f 3037/4089/2879 3036/4086/2879 3051/4110/2879 3052/4113/2879
f 3045/4090/2880 3044/4088/2880 3059/4112/2880 3060/4097/2880
f 3038/4091/2881 3037/4089/2881 3052/4113/2881 3053/4099/2881
f 3065/4107/2882 3064/4105/2882 3073/3558/2882 3074/3557/2882
f 3058/4108/2883 3057/4106/2883 2595/3562/2883 2596/3561/2883
f 3051/4110/2884 2674/4114/2884 3066/3565/2884
f 2900/4115/2885 3065/4107/2885 3074/3557/2885
f 3059/4112/2886 3058/4108/2886 2596/3561/2886 2597/3569/2886
f 3052/4113/2887 3051/4110/2887 3066/3565/2887 3067/3571/2887
f 3060/4097/2888 3059/4112/2888 2597/3569/2888 3070/3573/2888
f 3053/4099/2889 3052/4113/2889 3067/3571/2889 2593/3575/2889
f 3061/4098/2890 3060/4097/2890 3070/3573/2890 2598/3577/2890
f 3054/4100/2891 3053/4099/2891 2593/3575/2891 3068/3579/2891
f 3062/4101/2892 3061/4098/2892 2598/3577/2892 3071/3581/2892
f 3055/4102/2893 3054/4100/2893 3068/3579/2893 2594/3583/2893
f 3063/4103/2894 3062/4101/2894 3071/3581/2894 3072/3585/2894
f 3056/4104/2895 3055/4102/2895 2594/3583/2895 3069/3587/2895
f 3064/4105/2896 3063/4103/2896 3072/3585/2896 3073/3558/2896
f 3057/4106/2897 3056/4104/2897 3069/3587/2897 2595/3562/2897
o Sphere.005
v 17.555166 4.690197 -26.667044
v 17.155947 4.399213 -26.631973
v 16.896399 3.977490 -26.624123
v 16.832371 3.737141 -26.630949
v 16.816034 3.489233 -26.644686
v 16.927088 3.008773 -26.690535
v 18.031492 4.808476 -26.772449
v 17.785252 4.776409 -26.788307
v 17.550083 4.696845 -26.805029
v 17.335026 4.572840 -26.821972
v 17.148342 4.409162 -26.838484
v 16.997208 4.212100 -26.853931
v 16.887428 3.989226 -26.867720
v 16.823225 3.749107 -26.879318
v 16.807064 3.500969 -26.888283
v 16.839567 3.254348 -26.894268
v 16.919483 3.018722 -26.897045
v 17.043743 2.803146 -26.896507
v 17.207573 2.615904 -26.892673
v 17.404673 2.464192 -26.885693
v 17.627472 2.353840 -26.875832
v 18.039080 4.809247 -26.820389
v 17.800137 4.777920 -26.882347
v 17.571693 4.699038 -26.941553
v 17.362530 4.575632 -26.995733
v 17.180683 4.412444 -27.042805
v 17.033142 4.215747 -27.080959
v 16.925577 3.993098 -27.108732
v 16.862122 3.753054 -27.125053
v 16.845213 3.504841 -27.129295
v 16.875502 3.257995 -27.121298
v 16.951824 3.022005 -27.101366
v 17.071247 2.805938 -27.070269
v 17.229181 2.618097 -27.029196
v 17.419558 2.465703 -26.979731
v 17.635059 2.354610 -26.923773
v 18.055750 4.808423 -26.865973
v 17.832834 4.776304 -26.971764
v 17.619164 4.696692 -27.071365
v 17.422949 4.572646 -27.160954
v 17.251728 4.408933 -27.237083
v 17.112083 4.211845 -27.296831
v 17.009380 3.988957 -27.337898
v 16.947565 3.748832 -27.358709
v 16.929016 3.500699 -27.358463
v 16.954441 3.254094 -27.337170
v 17.022869 3.018493 -27.295645
v 17.131666 2.802952 -27.235489
v 17.276653 2.615751 -27.159010
v 17.452255 2.464087 -27.069147
v 17.651730 2.353786 -26.969357
v 18.080860 4.806037 -26.907450
v 17.882090 4.771624 -27.053122
v 17.690670 4.689897 -27.189480
v 17.513958 4.563997 -27.311283
v 17.358746 4.398764 -27.413855
v 17.230993 4.200546 -27.493248
v 17.135614 3.976961 -27.546413
v 17.076273 3.736601 -27.571310
v 17.055250 3.488703 -27.566978
v 17.073353 3.242794 -27.533585
v 17.129887 3.008324 -27.472416
v 17.222677 2.794303 -27.385818
v 17.348160 2.608956 -27.277122
v 17.501511 2.459406 -27.150505
v 17.676840 2.351400 -27.010832
v 18.113445 4.802180 -26.943224
v 17.946007 4.764058 -27.123295
v 17.783466 4.678914 -27.291355
v 17.632065 4.550019 -27.440948
v 17.497622 4.382327 -27.566322
v 17.385305 4.182282 -27.662661
v 17.299433 3.957572 -27.726263
v 17.243299 3.716833 -27.754681
v 17.219067 3.469315 -27.746826
v 17.227665 3.224531 -27.702999
v 17.268763 2.991887 -27.624884
v 17.340782 2.780325 -27.515482
v 17.440954 2.597974 -27.379000
v 17.565430 2.451841 -27.220678
v 17.709425 2.347544 -27.046606
v 18.279341 4.791815 -26.758062
v 18.152252 4.797001 -26.971922
v 18.022133 4.753900 -27.179586
v 17.893982 4.664165 -27.373079
v 17.772726 4.531248 -27.544962
v 17.663023 4.360254 -27.688629
v 17.569090 4.157756 -27.798563
v 17.494535 3.931536 -27.870535
v 17.442226 3.690286 -27.901779
v 17.414171 3.443278 -27.891098
v 17.411448 3.200005 -27.838900
v 17.434164 2.969814 -27.747192
v 17.481443 2.761554 -27.619497
v 17.551472 2.583225 -27.460722
v 17.641554 2.441682 -27.276972
v 17.748234 2.342365 -27.075304
v 18.195793 4.790699 -26.992439
v 18.107540 4.741537 -27.219833
v 18.017975 4.646218 -27.431509
v 17.930538 4.508405 -27.619329
v 17.848591 4.333394 -27.776077
v 17.775280 4.127911 -27.895727
v 17.713427 3.899852 -27.973684
v 17.665405 3.657981 -28.006950
v 17.633062 3.411594 -27.994249
v 17.617640 3.170159 -27.936066
v 17.619732 2.942954 -27.834639
v 17.639256 2.738711 -27.693865
v 17.675463 2.565278 -27.519154
v 17.726961 2.429320 -27.317219
v 17.791773 2.336062 -27.095821
v 18.242392 4.783515 -27.003988
v 18.198948 4.727446 -27.242491
v 18.150677 4.625761 -27.464399
v 18.099436 4.482368 -27.661192
v 18.047194 4.302778 -27.825302
v 17.995956 4.093892 -27.950424
v 17.947697 3.863738 -28.031750
v 17.904264 3.621160 -28.066153
v 17.867331 3.375480 -28.052313
v 17.838316 3.136141 -27.990761
v 17.818335 2.912338 -27.883863
v 17.808153 2.712674 -27.735727
v 17.808167 2.544821 -27.552044
v 17.818369 2.415229 -27.339874
v 17.838371 2.328879 -27.107372
v 18.290258 4.775727 -27.006126
v 18.292841 4.712168 -27.246683
v 18.286991 4.603581 -27.470488
v 18.272930 4.454138 -27.668941
v 18.251202 4.269583 -27.834414
v 18.222637 4.057008 -27.960548
v 18.188339 3.824582 -28.042498
v 18.149622 3.581237 -28.077112
v 18.107973 3.336324 -28.063061
v 18.064997 3.099257 -28.000887
v 18.022343 2.879143 -27.892975
v 17.981647 2.684444 -27.743475
v 17.944479 2.522641 -27.558132
v 17.912264 2.399951 -27.344069
v 17.886238 2.321090 -27.109509
v 18.337555 4.767632 -26.998770
v 18.385614 4.696290 -27.232254
v 18.421675 4.580530 -27.449539
v 18.444351 4.424800 -27.642279
v 18.452772 4.235085 -27.803062
v 18.446611 4.018676 -27.925713
v 18.426107 3.783889 -28.005516
v 18.392048 3.539747 -28.039406
v 18.345743 3.295631 -28.026079
v 18.288969 3.060925 -27.966049
v 18.223913 2.844646 -27.861624
v 18.153069 2.655106 -27.716812
v 18.079165 2.499590 -27.537184
v 18.005035 2.384073 -27.329638
v 17.933535 2.312996 -27.102154
v 18.382460 4.759543 -26.982203
v 18.473701 4.680423 -27.199755
v 18.549557 4.557495 -27.402359
v 18.607113 4.395482 -27.582230
v 18.644159 4.200610 -27.732450
v 18.659269 3.980369 -27.847254
v 18.651865 3.743222 -27.922226
v 18.622229 3.498283 -27.954483
v 18.571501 3.254965 -27.942789
v 18.501629 3.022618 -27.887592
v 18.415300 2.810170 -27.791014
v 18.315832 2.625787 -27.656763
v 18.207045 2.476554 -27.490004
v 18.093122 2.368206 -27.297140
v 17.978439 2.304907 -27.085587
v 18.423252 4.751770 -26.957060
v 18.553715 4.665176 -27.150438
v 18.665720 4.535359 -27.330761
v 18.754961 4.367309 -27.491100
v 18.818010 4.167482 -27.625296
v 18.852442 3.943559 -27.728189
v 18.856936 3.704145 -27.795826
v 18.831316 3.458441 -27.825607
v 18.776571 3.215888 -27.816391
v 18.694801 2.985808 -27.768528
v 18.589151 2.777042 -27.683857
v 18.463678 2.597614 -27.565636
v 18.323208 2.454419 -27.418404
v 18.173136 2.352959 -27.247822
v 18.019232 2.297134 -27.060444
v 18.458361 4.744612 -26.924311
v 18.622583 4.651135 -27.086195
v 18.765701 4.514975 -27.237495
v 18.882214 4.341364 -27.372396
v 18.967642 4.136975 -27.485714
v 19.018703 3.909661 -27.573093
v 19.033438 3.668159 -27.631178
v 19.011278 3.421750 -27.657734
v 18.953074 3.179902 -27.651741
v 18.861063 2.951910 -27.613432
v 18.738783 2.746535 -27.544275
v 18.590931 2.571670 -27.446930
v 18.423189 2.434034 -27.325138
v 18.242004 2.338918 -27.183578
v 18.054340 2.289976 -27.027693
v 18.486437 4.738344 -26.885210
v 18.677658 4.638840 -27.009497
v 18.845657 4.497125 -27.126146
v 18.983978 4.318645 -27.230675
v 19.087305 4.110260 -27.319067
v 19.151667 3.879978 -27.387928
v 19.174591 3.636647 -27.434607
v 19.155195 3.389621 -27.457312
v 19.094227 3.148390 -27.455170
v 18.994026 2.922226 -27.428265
v 18.858446 2.719820 -27.377630
v 18.692696 2.548951 -27.305210
v 18.503145 2.416184 -27.213789
v 18.297079 2.326622 -27.106880
v 18.082417 2.283708 -26.988592
v 18.506403 4.733207 -26.841261
v 18.716824 4.628762 -26.923288
v 18.902517 4.482495 -27.000992
v 19.056347 4.300025 -27.071386
v 19.172401 4.088365 -27.131763
v 19.246220 3.855649 -27.179806
v 19.274967 3.610820 -27.213665
v 19.257540 3.363287 -27.232042
v 19.194603 3.122563 -27.234230
v 19.088579 2.897897 -27.220142
v 18.943542 2.697925 -27.190325
v 18.765064 2.530331 -27.145920
v 18.560005 2.401555 -27.088636
v 18.336245 2.316545 -27.020674
v 18.102383 2.278571 -26.944645
v 18.517490 4.729398 -26.794155
v 18.738575 4.621291 -26.830887
v 18.934093 4.471647 -26.866846
v 19.096537 4.286219 -26.900648
v 19.219660 4.072131 -26.930998
v 19.298731 3.837611 -26.956726
v 19.330713 3.591671 -26.976847
v 19.314377 3.343763 -26.990583
v 19.250349 3.103413 -26.997410
v 19.141090 2.879859 -26.997065
v 18.990801 2.681691 -26.989559
v 18.805254 2.516525 -26.975183
v 18.591581 2.390707 -26.954489
v 18.357996 2.309074 -26.928272
v 18.113472 2.274761 -26.897537
v 18.519276 4.727063 -26.745701
v 18.742075 4.616712 -26.735840
v 18.939175 4.464999 -26.728859
v 19.103004 4.277758 -26.725025
v 19.227264 4.062181 -26.724487
v 19.307180 3.826555 -26.727264
v 19.339684 3.579935 -26.733250
v 19.323523 3.331797 -26.742214
v 19.259319 3.091677 -26.753813
v 19.149540 2.868804 -26.767601
v 18.998405 2.671741 -26.783049
v 18.811722 2.508063 -26.799561
v 18.596663 2.384059 -26.816502
v 18.361496 2.304494 -26.833225
v 18.115255 2.272427 -26.849083
v 18.511688 4.726293 -26.697762
v 18.727190 4.615201 -26.641802
v 18.917564 4.462806 -26.592337
v 19.075500 4.274966 -26.551264
v 19.194923 4.058899 -26.520166
v 19.271246 3.822908 -26.500235
v 19.301535 3.576063 -26.492237
v 19.284626 3.327849 -26.496479
v 19.221170 3.087806 -26.512800
v 19.113605 2.865157 -26.540573
v 18.966064 2.668459 -26.578728
v 18.784218 2.505272 -26.625799
v 18.575054 2.381866 -26.679979
v 18.346611 2.302984 -26.739185
v 18.107668 2.271657 -26.801144
v 18.495018 4.727117 -26.652176
v 18.694490 4.616817 -26.552385
v 18.870094 4.465152 -26.462523
v 19.015081 4.277952 -26.386044
v 19.123878 4.062410 -26.325888
v 19.192305 3.826810 -26.284365
v 19.217731 3.580204 -26.263069
v 19.199181 3.332072 -26.262823
v 19.137367 3.091947 -26.283634
v 19.034664 2.869058 -26.324701
v 18.895020 2.671970 -26.384449
v 18.723799 2.508258 -26.460579
v 18.527584 2.384212 -26.550167
v 18.313913 2.304600 -26.649769
v 18.090998 2.272481 -26.755560
v 18.469908 4.729503 -26.610701
v 18.645237 4.621497 -26.471027
v 18.798588 4.471947 -26.344410
v 18.924070 4.286600 -26.235714
v 19.016861 4.072579 -26.149117
v 19.073395 3.838109 -26.087948
v 19.091497 3.592200 -26.054554
v 19.070473 3.344302 -26.050224
v 19.011131 3.103943 -26.075119
v 18.915754 2.880358 -26.128284
v 18.788002 2.682140 -26.207680
v 18.632790 2.516906 -26.310249
v 18.456078 2.391007 -26.432053
v 18.264658 2.309280 -26.568411
v 18.065887 2.274867 -26.714083
v 17.867407 2.289089 -26.863470
v 18.437323 4.733360 -26.574926
v 18.581318 4.629062 -26.400854
v 18.705793 4.482930 -26.242533
v 18.805965 4.300579 -26.106050
v 18.877983 4.089016 -25.996649
v 18.919083 3.856373 -25.918533
v 18.927679 3.611589 -25.874706
v 18.903446 3.364071 -25.866852
v 18.847315 3.123331 -25.895269
v 18.761442 2.898621 -25.958872
v 18.649124 2.698576 -26.055210
v 18.514683 2.530885 -26.180584
v 18.363281 2.401990 -26.330177
v 18.200741 2.316845 -26.498238
v 18.033302 2.278723 -26.678308
v 18.398514 4.738539 -26.546228
v 18.505194 4.639221 -26.344561
v 18.595276 4.497679 -26.160810
v 18.665304 4.319350 -26.002035
v 18.712584 4.111089 -25.874342
v 18.735298 3.880899 -25.782633
v 18.732576 3.637625 -25.730434
v 18.704521 3.390618 -25.719753
v 18.652212 3.149368 -25.750998
v 18.577658 2.923147 -25.822971
v 18.483725 2.720649 -25.932903
v 18.374022 2.549656 -26.076571
v 18.252764 2.416738 -26.248453
v 18.124615 2.327004 -26.441946
v 17.994495 2.283902 -26.649612
v 18.354975 4.744841 -26.525711
v 18.419786 4.651584 -26.304314
v 18.471285 4.515626 -26.102381
v 18.507492 4.342193 -25.927670
v 18.527016 4.137949 -25.786894
v 18.529108 3.910745 -25.685467
v 18.513685 3.669309 -25.627285
v 18.481340 3.422922 -25.614582
v 18.433319 3.181052 -25.647848
v 18.371466 2.952993 -25.725805
v 18.298157 2.747510 -25.845457
v 18.216209 2.572499 -26.002203
v 18.128773 2.434686 -26.190023
v 18.039207 2.339367 -26.401699
v 17.950954 2.290205 -26.629093
v 18.308376 4.752025 -26.514162
v 18.328379 4.665675 -26.281658
v 18.338581 4.536083 -26.069489
v 18.338593 4.368230 -25.885807
v 18.328413 4.168565 -25.737669
v 18.308432 3.944763 -25.630772
v 18.279415 3.705423 -25.569220
v 18.242483 3.459744 -25.555380
v 18.199051 3.217166 -25.589783
v 18.150791 2.987011 -25.671108
v 18.099554 2.778126 -25.796230
v 18.047312 2.598536 -25.960340
v 17.996071 2.455142 -26.157133
v 17.947800 2.353457 -26.379044
v 17.904356 2.297388 -26.617544
v 18.260509 4.759813 -26.512024
v 18.234484 4.680953 -26.277464
v 18.202269 4.558263 -26.063400
v 18.165100 4.396460 -25.878057
v 18.124405 4.201760 -25.728558
v 18.081751 3.981647 -25.620647
v 18.038773 3.744579 -25.558472
v 17.997126 3.499667 -25.544422
v 17.958408 3.256321 -25.579035
v 17.924110 3.023895 -25.660984
v 17.895546 2.811320 -25.787119
v 17.873817 2.626765 -25.952593
v 17.859756 2.477323 -26.151045
v 17.853907 2.368735 -26.374849
v 17.856489 2.305177 -26.615406
v 18.213213 4.767908 -26.519379
v 18.141712 4.696830 -26.291895
v 18.067583 4.581314 -26.084349
v 17.993679 4.425797 -25.904720
v 17.922834 4.236258 -25.759909
v 17.857779 4.019979 -25.655483
v 17.801004 3.785272 -25.595453
v 17.754700 3.541157 -25.582129
v 17.720640 3.297014 -25.616016
v 17.700136 3.062227 -25.695820
v 17.693975 2.845818 -25.818472
v 17.702396 2.656103 -25.979254
v 17.725073 2.500373 -26.171993
v 17.761133 2.384613 -26.389278
v 17.809193 2.313271 -26.622763
v 18.168308 4.775997 -26.535948
v 18.053625 4.712698 -26.324392
v 17.939703 4.604349 -26.131531
v 17.830915 4.455116 -25.964769
v 17.731447 4.270733 -25.830521
v 17.645119 4.058286 -25.733940
v 17.575247 3.825939 -25.678743
v 17.524519 3.582620 -25.667049
v 17.494883 3.337681 -25.699308
v 17.487478 3.100534 -25.774279
v 17.502588 2.880293 -25.889082
v 17.539635 2.685422 -26.039303
v 17.597191 2.523409 -26.219173
v 17.673046 2.400480 -26.421778
v 17.764288 2.321360 -26.639330
v 18.127516 4.783770 -26.561089
v 17.973612 4.727944 -26.373711
v 17.823540 4.626485 -26.203129
v 17.683069 4.483289 -26.055897
v 17.557596 4.303861 -25.937675
v 17.451946 4.095096 -25.853004
v 17.370176 3.865016 -25.805141
v 17.315432 3.622463 -25.795925
v 17.289812 3.376758 -25.825706
v 17.294306 3.137344 -25.893343
v 17.328737 2.913421 -25.996237
v 17.391787 2.713595 -26.130432
v 17.481028 2.545544 -26.290771
v 17.593033 2.415728 -26.471096
v 17.723497 2.329133 -26.664473
v 18.092407 4.790927 -26.593840
v 17.904743 4.741985 -26.437954
v 17.723558 4.646869 -26.296394
v 17.555817 4.509234 -26.174603
v 17.407965 4.334369 -26.077257
v 17.285685 4.128994 -26.008101
v 17.193674 3.901002 -25.969791
v 17.135471 3.659154 -25.963799
v 17.113310 3.412744 -25.990355
v 17.128044 3.171242 -26.048439
v 17.179106 2.943929 -26.135818
v 17.264534 2.739540 -26.249136
v 17.381046 2.565929 -26.384039
v 17.524164 2.429769 -26.535337
v 17.688389 2.336291 -26.697222
v 18.064331 4.797195 -26.632940
v 17.849669 4.754281 -26.514652
v 17.643602 4.664719 -26.407743
v 17.454052 4.531953 -26.316322
v 17.288301 4.361084 -26.243904
v 17.152721 4.158678 -26.193268
v 17.052523 3.932514 -26.166363
v 16.991552 3.691283 -26.164223
v 16.972157 3.444256 -26.186928
v 16.995081 3.200926 -26.233606
v 17.059443 2.970644 -26.302465
v 17.162769 2.762259 -26.390858
v 17.301090 2.583779 -26.495388
v 17.469090 2.442064 -26.612036
v 17.660311 2.342559 -26.736322
v 18.044365 4.802333 -26.676888
v 17.810503 4.764358 -26.600859
v 17.586742 4.679349 -26.532896
v 17.381683 4.550573 -26.475613
v 17.203207 4.382978 -26.431208
v 17.058168 4.183006 -26.401390
v 16.952145 3.958341 -26.387304
v 16.889210 3.717616 -26.389492
v 16.871780 3.470083 -26.407867
v 16.900528 3.225254 -26.441727
v 16.974346 2.992538 -26.489769
v 17.090401 2.780879 -26.550146
v 17.244232 2.598409 -26.620541
v 17.429924 2.452141 -26.698244
v 17.640345 2.347697 -26.780272
v 18.033276 4.806142 -26.723995
v 17.788752 4.771830 -26.693260
v 17.341494 4.564379 -26.646349
v 17.005657 4.201045 -26.624468
v 16.848017 3.243293 -26.664806
v 17.050211 2.794685 -26.720884
v 17.212654 2.609256 -26.754688
v 17.408173 2.459613 -26.790646
v 17.629257 2.351506 -26.827377
vn -0.4427 -0.8963 -0.0269
vn -0.9655 0.2559 0.0479
vn 0.0644 0.9969 0.0457
vn -0.2586 -0.9653 -0.0370
vn -0.9972 0.0635 0.0398
vn -0.1323 0.9898 0.0526
vn -0.9909 -0.1313 0.0302
vn -0.3236 0.9444 0.0574
vn -0.9468 -0.3213 0.0194
vn -0.5022 0.8627 0.0601
vn -0.8664 -0.4994 0.0078
vn -0.6611 0.7479 0.0604
vn -0.7525 -0.6585 -0.0040
vn -0.7944 0.6046 0.0584
vn -0.6095 -0.7926 -0.0157
vn -0.8971 0.4385 0.0542
vn -0.7840 0.6102 -0.1143
vn -0.6040 -0.7896 -0.1083
vn -0.8858 0.4445 -0.1331
vn -0.4393 -0.8944 -0.0839
vn -0.9538 0.2621 -0.1468
vn 0.0655 0.9975 0.0264
vn -0.2574 -0.9647 -0.0562
vn -0.9855 0.0698 -0.1549
vn -0.1289 0.9917 -0.0045
vn -0.9796 -0.1253 -0.1571
vn -0.3180 0.9474 -0.0351
vn -0.9364 -0.3158 -0.1533
vn -0.4947 0.8667 -0.0644
vn -0.8572 -0.4945 -0.1436
vn -0.6519 0.7528 -0.0911
vn -0.7451 -0.6545 -0.1284
vn -0.9325 -0.1254 -0.3387
vn -0.2948 0.9474 -0.1249
vn -0.8929 -0.3159 -0.3208
vn -0.4634 0.8666 -0.1851
vn -0.8191 -0.4946 -0.2906
vn -0.6138 0.7527 -0.2381
vn -0.7137 -0.6546 -0.2492
vn -0.7405 0.6101 -0.2818
vn -0.5807 -0.7897 -0.1981
vn -0.8387 0.4444 -0.3147
vn -0.4249 -0.8944 -0.1392
vn -0.9048 0.2620 -0.3356
vn 0.0704 0.9975 0.0077
vn -0.2526 -0.9647 -0.0749
vn -0.9365 0.0697 -0.3437
vn -0.1145 0.9916 -0.0598
vn -0.5406 -0.7928 -0.2816
vn -0.7575 0.4382 -0.4838
vn -0.4002 -0.8963 -0.1907
vn -0.8205 0.2555 -0.5114
vn 0.0787 0.9968 -0.0097
vn -0.2442 -0.9653 -0.0923
vn -0.8521 0.0632 -0.5195
vn -0.0898 0.9897 -0.1113
vn -0.8513 -0.1316 -0.5078
vn -0.2546 0.9443 -0.2085
vn -0.8181 -0.3216 -0.4768
vn -0.4094 0.8625 -0.2975
vn -0.7535 -0.4996 -0.4274
vn -0.5482 0.7476 -0.3749
vn -0.6598 -0.6587 -0.3616
vn -0.6657 0.6044 -0.4378
vn -0.7147 -0.3328 -0.6151
vn -0.3350 0.8544 -0.3972
vn -0.6628 -0.5094 -0.5488
vn -0.4575 0.7378 -0.4963
vn -0.5853 -0.6668 -0.4613
vn -0.5623 0.5932 -0.5761
vn -0.4852 -0.7988 -0.3558
vn -0.6455 0.4261 -0.6339
vn -0.3661 -0.9000 -0.2364
vn -0.7040 0.2429 -0.6674
vn 0.0903 0.9956 -0.0251
vn -0.2327 -0.9666 -0.1078
vn -0.7356 0.0506 -0.6755
vn -0.0557 0.9860 -0.1570
vn -0.7393 -0.1438 -0.6579
vn -0.1993 0.9383 -0.2827
vn -0.3239 -0.9054 -0.2746
vn -0.5598 0.2247 -0.7976
vn 0.1045 0.9938 -0.0380
vn -0.2184 -0.9684 -0.1206
vn -0.5915 0.0323 -0.8057
vn -0.0134 0.9807 -0.1951
vn -0.6006 -0.1613 -0.7831
vn -0.1307 0.9296 -0.3445
vn -0.5868 -0.3490 -0.7306
vn -0.2428 0.8428 -0.4804
vn -0.5506 -0.5236 -0.6501
vn -0.3453 0.7236 -0.5976
vn -0.4932 -0.6785 -0.5445
vn -0.4344 0.5770 -0.6916
vn -0.4166 -0.8074 -0.4177
vn -0.5068 0.4085 -0.7591
vn -0.1365 0.8279 -0.5440
vn -0.4212 -0.5417 -0.7275
vn -0.2159 0.7056 -0.6749
vn -0.3869 -0.6933 -0.6080
vn -0.2869 0.5564 -0.7798
vn -0.3376 -0.8185 -0.4650
vn -0.3469 0.3862 -0.8547
vn -0.2751 -0.9122 -0.3037
vn -0.3935 0.2015 -0.8970
vn 0.1210 0.9915 -0.0478
vn -0.2020 -0.9707 -0.1305
vn -0.4252 0.0092 -0.9051
vn 0.0353 0.9739 -0.2242
vn -0.4407 -0.1836 -0.8787
vn -0.0517 0.9186 -0.3918
vn -0.4393 -0.3696 -0.8188
vn -0.2115 0.1743 -0.9617
vn 0.1390 0.9888 -0.0543
vn -0.1840 -0.9734 -0.1369
vn -0.2432 -0.0181 -0.9698
vn 0.0886 0.9659 -0.2432
vn -0.2656 -0.2098 -0.9410
vn 0.0349 0.9057 -0.4226
vn -0.2779 -0.3937 -0.8762
vn -0.0201 0.8105 -0.5854
vn -0.2796 -0.5629 -0.7778
vn -0.0743 0.6844 -0.7253
vn -0.2705 -0.7107 -0.6494
vn -0.1255 0.5323 -0.8372
vn -0.2510 -0.8314 -0.4957
vn -0.1718 0.3600 -0.9170
vn -0.2218 -0.9202 -0.3227
vn -0.1311 -0.5864 -0.7994
vn 0.0742 0.6609 -0.7468
vn -0.1486 -0.7300 -0.6671
vn 0.0438 0.5055 -0.8617
vn -0.1603 -0.8458 -0.5089
vn 0.0117 0.3310 -0.9436
vn -0.1659 -0.9290 -0.3308
vn -0.0208 0.1440 -0.9894
vn 0.1579 0.9858 -0.0570
vn -0.1651 -0.9763 -0.1396
vn -0.0524 -0.0483 -0.9975
vn 0.1445 0.9571 -0.2513
vn -0.0821 -0.2389 -0.9676
vn 0.1256 0.8913 -0.4357
vn -0.1087 -0.4205 -0.9007
vn 0.1018 0.7912 -0.6030
vn 0.1769 0.9826 -0.0559
vn -0.1461 -0.9795 -0.1386
vn 0.1397 -0.0804 -0.9869
vn 0.2008 0.9477 -0.2482
vn 0.1028 -0.2697 -0.9574
vn 0.2169 0.8760 -0.4307
vn 0.0618 -0.4490 -0.8914
vn 0.2246 0.7707 -0.5963
vn 0.0184 -0.6113 -0.7912
vn 0.2237 0.6359 -0.7386
vn -0.0257 -0.7505 -0.6604
vn 0.2142 0.4770 -0.8524
vn -0.0690 -0.8610 -0.5039
vn 0.1965 0.3001 -0.9334
vn -0.1096 -0.9384 -0.3277
vn 0.1714 0.1120 -0.9788
vn 0.3686 0.6105 -0.7010
vn 0.0933 -0.7714 -0.6295
vn 0.3794 0.4480 -0.8095
vn 0.0195 -0.8766 -0.4809
vn 0.3756 0.2687 -0.8870
vn -0.0551 -0.9480 -0.3135
vn 0.3576 0.0793 -0.9305
vn 0.1953 0.9794 -0.0512
vn -0.1277 -0.9828 -0.1338
vn 0.3259 -0.1131 -0.9386
vn 0.2553 0.9381 -0.2341
vn 0.2818 -0.3012 -0.9110
vn 0.3054 0.8605 -0.4077
vn 0.2270 -0.4780 -0.8485
vn 0.3437 0.7498 -0.5654
vn 0.1633 -0.6368 -0.7536
vn 0.4990 -0.1451 -0.8544
vn 0.3060 0.9287 -0.2094
vn 0.4483 -0.3320 -0.8300
vn 0.3877 0.8453 -0.3677
vn 0.3805 -0.5064 -0.7738
vn 0.4543 0.7293 -0.5116
vn 0.2980 -0.6617 -0.6880
vn 0.5033 0.5856 -0.6355
vn 0.2039 -0.7919 -0.5756
vn 0.5329 0.4196 -0.7348
vn 0.1018 -0.8918 -0.4409
vn 0.5421 0.2379 -0.8060
vn -0.0044 -0.9574 -0.2888
vn 0.5306 0.0473 -0.8463
vn 0.2124 0.9762 -0.0428
vn -0.1105 -0.9859 -0.1255
vn 0.3019 -0.8112 -0.5009
vn 0.6688 0.3929 -0.6311
vn 0.1747 -0.9061 -0.3853
vn 0.6895 0.2089 -0.6935
vn 0.0405 -0.9662 -0.2546
vn 0.6839 0.0171 -0.7294
vn 0.2276 0.9733 -0.0313
vn -0.0954 -0.9889 -0.1139
vn 0.6522 -0.1752 -0.7375
vn 0.3509 0.9199 -0.1752
vn 0.5957 -0.3610 -0.7175
vn 0.4606 0.8309 -0.3121
vn 0.5164 -0.5331 -0.6701
vn 0.5523 0.7101 -0.4368
vn 0.4173 -0.6852 -0.5970
vn 0.6225 0.5621 -0.5445
vn 0.7184 -0.3871 -0.5779
vn 0.5212 0.8180 -0.2431
vn 0.6296 -0.5572 -0.5414
vn 0.6338 0.6927 -0.3441
vn 0.5165 -0.7063 -0.4841
vn 0.7218 0.5410 -0.4316
vn 0.3834 -0.8285 -0.4082
vn 0.7820 0.3688 -0.5024
vn 0.2353 -0.9190 -0.3163
vn 0.8122 0.1828 -0.5539
vn 0.0779 -0.9741 -0.2121
vn 0.8115 -0.0100 -0.5843
vn 0.2402 0.9706 -0.0169
vn -0.0827 -0.9916 -0.0995
vn 0.7798 -0.2023 -0.5924
vn 0.3883 0.9119 -0.1326
vn 0.2814 -0.9300 -0.2366
vn 0.9056 0.1606 -0.3926
vn 0.1063 -0.9809 -0.1630
vn 0.9085 -0.0330 -0.4166
vn 0.2498 0.9683 -0.0003
vn -0.0731 -0.9939 -0.0829
vn 0.8768 -0.2254 -0.4247
vn 0.4167 0.9052 -0.0835
vn 0.8118 -0.4092 -0.4166
vn 0.5674 0.8071 -0.1634
vn 0.7157 -0.5776 -0.3927
vn 0.6958 0.6780 -0.2369
vn 0.5920 -0.7242 -0.3536
vn 0.7973 0.5231 -0.3011
vn 0.4455 -0.8432 -0.3009
vn 0.8681 0.3484 -0.3537
vn 0.5972 0.7985 -0.0760
vn 0.7713 -0.5936 -0.2296
vn 0.7359 0.6665 -0.1193
vn 0.6408 -0.7382 -0.2105
vn 0.8461 0.5090 -0.1580
vn 0.4855 -0.8548 -0.1834
vn 0.9237 0.3323 -0.1906
vn 0.3113 -0.9385 -0.1492
vn 0.9659 0.1433 -0.2158
vn 0.1247 -0.9862 -0.1091
vn 0.9712 -0.0511 -0.2327
vn 0.2560 0.9665 0.0179
vn -0.0669 -0.9957 -0.0648
vn 0.9395 -0.2434 -0.2408
vn 0.4351 0.8999 -0.0297
vn 0.8721 -0.4266 -0.2398
vn 0.9909 0.1313 -0.0302
vn 0.1323 -0.9898 -0.0526
vn 0.9972 -0.0635 -0.0398
vn 0.2586 0.9653 0.0370
vn -0.0644 -0.9969 -0.0457
vn 0.9655 -0.2559 -0.0479
vn 0.4427 0.8963 0.0269
vn 0.8971 -0.4385 -0.0542
vn 0.6095 0.7926 0.0157
vn 0.7944 -0.6046 -0.0584
vn 0.7525 0.6585 0.0040
vn 0.6611 -0.7479 -0.0604
vn 0.8664 0.4994 -0.0078
vn 0.5022 -0.8627 -0.0601
vn 0.9468 0.3213 -0.0194
vn 0.3236 -0.9444 -0.0574
vn 0.7840 -0.6102 0.1143
vn 0.7451 0.6545 0.1284
vn 0.6519 -0.7528 0.0911
vn 0.8572 0.4945 0.1436
vn 0.4947 -0.8667 0.0644
vn 0.9364 0.3158 0.1533
vn 0.3180 -0.9474 0.0351
vn 0.9796 0.1253 0.1571
vn 0.1289 -0.9917 0.0045
vn 0.9855 -0.0698 0.1549
vn 0.2574 0.9647 0.0562
vn -0.0655 -0.9975 -0.0264
vn 0.9538 -0.2621 0.1468
vn 0.4393 0.8944 0.0839
vn 0.8858 -0.4445 0.1331
vn 0.6040 0.7896 0.1083
vn 0.1145 -0.9916 0.0598
vn 0.9365 -0.0697 0.3437
vn 0.2526 0.9647 0.0749
vn -0.0704 -0.9975 -0.0077
vn 0.9048 -0.2620 0.3356
vn 0.4249 0.8944 0.1392
vn 0.8387 -0.4444 0.3147
vn 0.5807 0.7897 0.1981
vn 0.7405 -0.6101 0.2818
vn 0.7137 0.6546 0.2492
vn 0.6138 -0.7527 0.2381
vn 0.8191 0.4946 0.2906
vn 0.4634 -0.8666 0.1851
vn 0.8929 0.3159 0.3208
vn 0.2948 -0.9474 0.1249
vn 0.9325 0.1254 0.3387
vn 0.6598 0.6587 0.3616
vn 0.5482 -0.7476 0.3749
vn 0.7535 0.4996 0.4274
vn 0.4094 -0.8625 0.2975
vn 0.8181 0.3216 0.4768
vn 0.2546 -0.9443 0.2085
vn 0.8513 0.1316 0.5078
vn 0.0898 -0.9897 0.1113
vn 0.8521 -0.0632 0.5195
vn 0.2442 0.9653 0.0923
vn -0.0787 -0.9968 0.0097
vn 0.8205 -0.2555 0.5114
vn 0.4002 0.8963 0.1907
vn 0.7575 -0.4382 0.4838
vn 0.5406 0.7928 0.2816
vn 0.6657 -0.6044 0.4378
vn 0.7356 -0.0506 0.6755
vn 0.2327 0.9666 0.1078
vn -0.0903 -0.9956 0.0251
vn 0.7040 -0.2429 0.6674
vn 0.3661 0.9000 0.2364
vn 0.6455 -0.4261 0.6339
vn 0.4852 0.7988 0.3558
vn 0.5623 -0.5932 0.5761
vn 0.5853 0.6668 0.4613
vn 0.4575 -0.7378 0.4963
vn 0.6628 0.5094 0.5488
vn 0.3350 -0.8544 0.3972
vn 0.7147 0.3328 0.6151
vn 0.1993 -0.9383 0.2827
vn 0.7393 0.1438 0.6579
vn 0.0557 -0.9860 0.1570
vn 0.3453 -0.7236 0.5976
vn 0.5506 0.5236 0.6501
vn 0.2428 -0.8428 0.4804
vn 0.5868 0.3490 0.7306
vn 0.1307 -0.9296 0.3445
vn 0.6006 0.1613 0.7831
vn 0.0134 -0.9807 0.1951
vn 0.5915 -0.0323 0.8057
vn 0.2184 0.9684 0.1206
vn -0.1045 -0.9938 0.0380
vn 0.5598 -0.2247 0.7976
vn 0.3239 0.9054 0.2746
vn 0.5068 -0.4085 0.7591
vn 0.4166 0.8074 0.4177
vn 0.4344 -0.5770 0.6916
vn 0.4932 0.6785 0.5445
vn -0.1210 -0.9915 0.0478
vn 0.3935 -0.2015 0.8970
vn 0.2751 0.9122 0.3037
vn 0.3469 -0.3862 0.8547
vn 0.3376 0.8185 0.4650
vn 0.2869 -0.5564 0.7798
vn 0.3869 0.6933 0.6080
vn 0.2159 -0.7056 0.6749
vn 0.4212 0.5417 0.7275
vn 0.1365 -0.8279 0.5440
vn 0.4393 0.3696 0.8188
vn 0.0517 -0.9186 0.3918
vn 0.4407 0.1836 0.8787
vn -0.0353 -0.9739 0.2242
vn 0.4252 -0.0092 0.9051
vn 0.2020 0.9707 0.1305
vn 0.0201 -0.8105 0.5854
vn 0.2779 0.3937 0.8762
vn -0.0349 -0.9057 0.4226
vn 0.2656 0.2098 0.9410
vn -0.0886 -0.9659 0.2432
vn 0.2432 0.0181 0.9698
vn 0.1840 0.9734 0.1369
vn -0.1390 -0.9888 0.0543
vn 0.2115 -0.1743 0.9617
vn 0.2218 0.9202 0.3227
vn 0.1718 -0.3600 0.9170
vn 0.2510 0.8314 0.4957
vn 0.1255 -0.5323 0.8372
vn 0.2705 0.7107 0.6494
vn 0.0743 -0.6844 0.7253
vn 0.2796 0.5629 0.7778
vn 0.1659 0.9290 0.3308
vn -0.0117 -0.3310 0.9436
vn 0.1603 0.8458 0.5089
vn -0.0438 -0.5055 0.8617
vn 0.1486 0.7300 0.6671
vn -0.0742 -0.6609 0.7468
vn 0.1311 0.5864 0.7994
vn -0.1018 -0.7912 0.6030
vn 0.1087 0.4205 0.9007
vn -0.1256 -0.8913 0.4357
vn 0.0821 0.2389 0.9676
vn -0.1445 -0.9571 0.2513
vn 0.0524 0.0483 0.9975
vn 0.1651 0.9763 0.1396
vn -0.1579 -0.9858 0.0570
vn 0.0208 -0.1440 0.9894
vn -0.0618 0.4490 0.8914
vn -0.2169 -0.8760 0.4307
vn -0.1028 0.2697 0.9574
vn -0.2008 -0.9477 0.2482
vn -0.1397 0.0804 0.9869
vn 0.1461 0.9795 0.1386
vn -0.1769 -0.9826 0.0559
vn -0.1714 -0.1120 0.9788
vn 0.1096 0.9384 0.3277
vn -0.1965 -0.3001 0.9334
vn 0.0690 0.8610 0.5039
vn -0.2142 -0.4770 0.8524
vn 0.0257 0.7505 0.6604
vn -0.2237 -0.6359 0.7386
vn -0.0184 0.6113 0.7912
vn -0.2246 -0.7707 0.5963
vn -0.3756 -0.2687 0.8870
vn -0.0195 0.8766 0.4809
vn -0.3794 -0.4480 0.8095
vn -0.0933 0.7714 0.6295
vn -0.3686 -0.6105 0.7010
vn -0.1633 0.6368 0.7536
vn -0.3437 -0.7498 0.5654
vn -0.2270 0.4780 0.8485
vn -0.3054 -0.8605 0.4077
vn -0.2818 0.3012 0.9110
vn -0.2553 -0.9381 0.2341
vn -0.3259 0.1131 0.9386
vn 0.1277 0.9828 0.1338
vn -0.1953 -0.9794 0.0512
vn -0.3576 -0.0793 0.9305
vn 0.0551 0.9480 0.3135
vn -0.3877 -0.8453 0.3677
vn -0.4483 0.3320 0.8300
vn -0.3060 -0.9287 0.2094
vn -0.4990 0.1451 0.8544
vn 0.1105 0.9859 0.1255
vn -0.2124 -0.9762 0.0428
vn -0.5306 -0.0473 0.8463
vn 0.0044 0.9574 0.2888
vn -0.5421 -0.2379 0.8060
vn -0.1018 0.8918 0.4409
vn -0.5329 -0.4196 0.7348
vn -0.2039 0.7919 0.5756
vn -0.5033 -0.5856 0.6355
vn -0.2980 0.6617 0.6880
vn -0.4543 -0.7293 0.5116
vn -0.3805 0.5064 0.7738
vn -0.1747 0.9061 0.3853
vn -0.6688 -0.3929 0.6311
vn -0.3019 0.8112 0.5009
vn -0.6225 -0.5621 0.5445
vn -0.4173 0.6852 0.5970
vn -0.5523 -0.7101 0.4368
vn -0.5164 0.5331 0.6701
vn -0.4606 -0.8309 0.3121
vn -0.5957 0.3610 0.7175
vn -0.3509 -0.9199 0.1752
vn -0.6522 0.1752 0.7375
vn 0.0954 0.9889 0.1139
vn -0.2276 -0.9733 0.0313
vn -0.6839 -0.0171 0.7294
vn -0.0405 0.9662 0.2546
vn -0.6895 -0.2089 0.6935
vn -0.7184 0.3871 0.5779
vn -0.3883 -0.9119 0.1326
vn -0.7798 0.2023 0.5924
vn 0.0827 0.9916 0.0995
vn -0.2402 -0.9706 0.0169
vn -0.8115 0.0100 0.5843
vn -0.0779 0.9741 0.2121
vn -0.8122 -0.1828 0.5539
vn -0.2353 0.9190 0.3163
vn -0.7820 -0.3688 0.5024
vn -0.3834 0.8285 0.4081
vn -0.7218 -0.5410 0.4316
vn -0.5165 0.7063 0.4841
vn -0.6338 -0.6927 0.3441
vn -0.6296 0.5572 0.5414
vn -0.5212 -0.8180 0.2431
vn -0.8681 -0.3484 0.3537
vn -0.4455 0.8432 0.3009
vn -0.7973 -0.5231 0.3011
vn -0.5920 0.7242 0.3536
vn -0.6958 -0.6780 0.2369
vn -0.7157 0.5776 0.3927
vn -0.5674 -0.8071 0.1634
vn -0.8118 0.4092 0.4166
vn -0.4167 -0.9052 0.0835
vn -0.8768 0.2254 0.4247
vn 0.0731 0.9939 0.0829
vn -0.2498 -0.9683 0.0003
vn -0.9085 0.0330 0.4166
vn -0.1063 0.9809 0.1630
vn -0.9056 -0.1606 0.3926
vn -0.2814 0.9300 0.2366
vn -0.4351 -0.8999 0.0297
vn -0.9395 0.2434 0.2408
vn 0.0669 0.9957 0.0648
vn -0.2560 -0.9665 -0.0179
vn -0.9712 0.0511 0.2327
vn -0.1247 0.9862 0.1091
vn -0.9659 -0.1433 0.2158
vn -0.3113 0.9385 0.1492
vn -0.9237 -0.3323 0.1906
vn -0.4855 0.8548 0.1834
vn -0.8461 -0.5090 0.1580
vn -0.6408 0.7382 0.2105
vn -0.7359 -0.6665 0.1193
vn -0.7713 0.5936 0.2296
vn -0.5972 -0.7985 0.0760
vn -0.8721 0.4266 0.2398
vt 0.750000 0.062500
vt 0.750000 0.125000
vt 0.718750 0.125000
vt 0.718750 0.062500
vt 0.750000 0.500000
vt 0.750000 0.562500
vt 0.718750 0.562500
vt 0.718750 0.500000
vt 0.750000 0.937500
vt 0.734375 1.000000
vt 0.718750 0.937500
vt 0.734375 0.000000
vt 0.750000 0.437500
vt 0.718750 0.437500
vt 0.750000 0.875000
vt 0.718750 0.875000
vt 0.750000 0.375000
vt 0.718750 0.375000
vt 0.750000 0.812500
vt 0.718750 0.812500
vt 0.750000 0.312500
vt 0.718750 0.312500
vt 0.750000 0.750000
vt 0.718750 0.750000
vt 0.750000 0.250000
vt 0.718750 0.250000
vt 0.750000 0.687500
vt 0.718750 0.687500
vt 0.750000 0.187500
vt 0.718750 0.187500
vt 0.750000 0.625000
vt 0.718750 0.625000
vt 0.687500 0.687500
vt 0.687500 0.625000
vt 0.687500 0.187500
vt 0.687500 0.125000
vt 0.687500 0.562500
vt 0.687500 0.062500
vt 0.687500 0.500000
vt 0.703125 1.000000
vt 0.687500 0.937500
vt 0.703125 0.000000
vt 0.687500 0.437500
vt 0.687500 0.875000
vt 0.687500 0.375000
vt 0.687500 0.812500
vt 0.687500 0.312500
vt 0.687500 0.750000
vt 0.687500 0.250000
vt 0.656250 0.437500
vt 0.656250 0.375000
vt 0.656250 0.875000
vt 0.656250 0.812500
vt 0.656250 0.312500
vt 0.656250 0.750000
vt 0.656250 0.250000
vt 0.656250 0.687500
vt 0.656250 0.187500
vt 0.656250 0.625000
vt 0.656250 0.125000
vt 0.656250 0.562500
vt 0.656250 0.062500
vt 0.656250 0.500000
vt 0.671875 1.000000
vt 0.656250 0.937500
vt 0.671875 0.000000
vt 0.625000 0.187500
vt 0.625000 0.125000
vt 0.625000 0.625000
vt 0.625000 0.562500
vt 0.625000 0.062500
vt 0.625000 0.500000
vt 0.640625 1.000000
vt 0.625000 0.937500
vt 0.640625 0.000000
vt 0.625000 0.437500
vt 0.625000 0.875000
vt 0.625000 0.375000
vt 0.625000 0.812500
vt 0.625000 0.312500
vt 0.625000 0.750000
vt 0.625000 0.250000
vt 0.625000 0.687500
vt 0.593750 0.375000
vt 0.593750 0.312500
vt 0.593750 0.812500
vt 0.593750 0.750000
vt 0.593750 0.250000
vt 0.593750 0.687500
vt 0.593750 0.187500
vt 0.593750 0.625000
vt 0.593750 0.125000
vt 0.593750 0.562500
vt 0.593750 0.062500
vt 0.593750 0.500000
vt 0.609375 1.000000
vt 0.593750 0.937500
vt 0.609375 0.000000
vt 0.593750 0.437500
vt 0.593750 0.875000
vt 0.562500 0.125000
vt 0.562500 0.062500
vt 0.562500 0.562500
vt 0.562500 0.500000
vt 0.578125 1.000000
vt 0.562500 0.937500
vt 0.578125 0.000000
vt 0.562500 0.437500
vt 0.562500 0.875000
vt 0.562500 0.375000
vt 0.562500 0.812500
vt 0.562500 0.312500
vt 0.562500 0.750000
vt 0.562500 0.250000
vt 0.562500 0.687500
vt 0.562500 0.187500
vt 0.562500 0.625000
vt 0.531250 0.812500
vt 0.531250 0.750000
vt 0.531250 0.312500
vt 0.531250 0.250000
vt 0.531250 0.687500
vt 0.531250 0.187500
vt 0.531250 0.625000
vt 0.531250 0.125000
vt 0.531250 0.562500
vt 0.531250 0.062500
vt 0.531250 0.500000
vt 0.546875 1.000000
vt 0.531250 0.937500
vt 0.546875 0.000000
vt 0.531250 0.437500
vt 0.531250 0.875000
vt 0.531250 0.375000
vt 0.500000 0.562500
vt 0.500000 0.500000
vt 0.515625 1.000000
vt 0.500000 0.937500
vt 0.515625 0.000000
vt 0.500000 0.062500
vt 0.500000 0.437500
vt 0.500000 0.875000
vt 0.500000 0.375000
vt 0.500000 0.812500
vt 0.500000 0.312500
vt 0.500000 0.750000
vt 0.500000 0.250000
vt 0.500000 0.687500
vt 0.500000 0.187500
vt 0.500000 0.625000
vt 0.500000 0.125000
vt 0.468750 0.312500
vt 0.468750 0.250000
vt 0.468750 0.750000
vt 0.468750 0.687500
vt 0.468750 0.187500
vt 0.468750 0.625000
vt 0.468750 0.125000
vt 0.468750 0.562500
vt 0.468750 0.062500
vt 0.468750 0.500000
vt 0.484375 1.000000
vt 0.468750 0.937500
vt 0.484375 0.000000
vt 0.468750 0.437500
vt 0.468750 0.875000
vt 0.468750 0.375000
vt 0.468750 0.812500
vt 0.453125 1.000000
vt 0.437500 0.937500
vt 0.453125 0.000000
vt 0.437500 0.062500
vt 0.437500 0.500000
vt 0.437500 0.437500
vt 0.437500 0.875000
vt 0.437500 0.375000
vt 0.437500 0.812500
vt 0.437500 0.312500
vt 0.437500 0.750000
vt 0.437500 0.250000
vt 0.437500 0.687500
vt 0.437500 0.187500
vt 0.437500 0.625000
vt 0.437500 0.125000
vt 0.437500 0.562500
vt 0.406250 0.750000
vt 0.406250 0.687500
vt 0.406250 0.250000
vt 0.406250 0.187500
vt 0.406250 0.625000
vt 0.406250 0.125000
vt 0.406250 0.562500
vt 0.406250 0.062500
vt 0.406250 0.500000
vt 0.421875 1.000000
vt 0.406250 0.937500
vt 0.421875 0.000000
vt 0.406250 0.437500
vt 0.406250 0.875000
vt 0.406250 0.375000
vt 0.406250 0.812500
vt 0.406250 0.312500
vt 0.375000 0.500000
vt 0.375000 0.437500
vt 0.375000 0.937500
vt 0.375000 0.875000
vt 0.375000 0.375000
vt 0.375000 0.812500
vt 0.375000 0.312500
vt 0.375000 0.750000
vt 0.375000 0.250000
vt 0.375000 0.687500
vt 0.375000 0.187500
vt 0.375000 0.625000
vt 0.375000 0.125000
vt 0.375000 0.562500
vt 0.375000 0.062500
vt 0.390625 1.000000
vt 0.390625 0.000000
vt 0.343750 0.250000
vt 0.343750 0.187500
vt 0.343750 0.687500
vt 0.343750 0.625000
vt 0.343750 0.125000
vt 0.343750 0.562500
vt 0.343750 0.062500
vt 0.343750 0.500000
vt 0.359375 1.000000
vt 0.343750 0.937500
vt 0.359375 0.000000
vt 0.343750 0.437500
vt 0.343750 0.875000
vt 0.343750 0.375000
vt 0.343750 0.812500
vt 0.343750 0.312500
vt 0.343750 0.750000
vt 0.312500 0.437500
vt 0.312500 0.375000
vt 0.312500 0.875000
vt 0.312500 0.812500
vt 0.312500 0.312500
vt 0.312500 0.750000
vt 0.312500 0.250000
vt 0.312500 0.687500
vt 0.312500 0.187500
vt 0.312500 0.625000
vt 0.312500 0.125000
vt 0.312500 0.562500
vt 0.312500 0.062500
vt 0.312500 0.500000
vt 0.328125 1.000000
vt 0.312500 0.937500
vt 0.328125 0.000000
vt 0.281250 0.187500
vt 0.281250 0.125000
vt 0.281250 0.625000
vt 0.281250 0.562500
vt 0.281250 0.062500
vt 0.281250 0.500000
vt 0.296875 1.000000
vt 0.281250 0.937500
vt 0.296875 0.000000
vt 0.281250 0.437500
vt 0.281250 0.875000
vt 0.281250 0.375000
vt 0.281250 0.812500
vt 0.281250 0.312500
vt 0.281250 0.750000
vt 0.281250 0.250000
vt 0.281250 0.687500
vt 0.250000 0.875000
vt 0.250000 0.812500
vt 0.250000 0.375000
vt 0.250000 0.312500
vt 0.250000 0.750000
vt 0.250000 0.250000
vt 0.250000 0.687500
vt 0.250000 0.187500
vt 0.250000 0.625000
vt 0.250000 0.125000
vt 0.250000 0.562500
vt 0.250000 0.062500
vt 0.250000 0.500000
vt 0.265625 1.000000
vt 0.250000 0.937500
vt 0.265625 0.000000
vt 0.250000 0.437500
vt 0.218750 0.625000
vt 0.218750 0.562500
vt 0.218750 0.125000
vt 0.218750 0.062500
vt 0.218750 0.500000
vt 0.234375 1.000000
vt 0.218750 0.937500
vt 0.234375 0.000000
vt 0.218750 0.437500
vt 0.218750 0.875000
vt 0.218750 0.375000
vt 0.218750 0.812500
vt 0.218750 0.312500
vt 0.218750 0.750000
vt 0.218750 0.250000
vt 0.218750 0.687500
vt 0.218750 0.187500
vt 0.187500 0.375000
vt 0.187500 0.312500
vt 0.187500 0.812500
vt 0.187500 0.750000
vt 0.187500 0.250000
vt 0.187500 0.687500
vt 0.187500 0.187500
vt 0.187500 0.625000
vt 0.187500 0.125000
vt 0.187500 0.562500
vt 0.187500 0.062500
vt 0.187500 0.500000
vt 0.203125 1.000000
vt 0.187500 0.937500
vt 0.203125 0.000000
vt 0.187500 0.437500
vt 0.187500 0.875000
vt 0.156250 0.125000
vt 0.156250 0.062500
vt 0.156250 0.562500
vt 0.156250 0.500000
vt 0.171875 1.000000
vt 0.156250 0.937500
vt 0.171875 0.000000
vt 0.156250 0.437500
vt 0.156250 0.875000
vt 0.156250 0.375000
vt 0.156250 0.812500
vt 0.156250 0.312500
vt 0.156250 0.750000
vt 0.156250 0.250000
vt 0.156250 0.687500
vt 0.156250 0.187500
vt 0.156250 0.625000
vt 0.125000 0.812500
vt 0.125000 0.750000
vt 0.125000 0.312500
vt 0.125000 0.250000
vt 0.125000 0.687500
vt 0.125000 0.187500
vt 0.125000 0.625000
vt 0.125000 0.125000
vt 0.125000 0.562500
vt 0.125000 0.062500
vt 0.125000 0.500000
vt 0.140625 1.000000
vt 0.125000 0.937500
vt 0.140625 0.000000
vt 0.125000 0.437500
vt 0.125000 0.875000
vt 0.125000 0.375000
vt 0.093750 0.562500
vt 0.093750 0.500000
vt 0.109375 1.000000
vt 0.093750 0.937500
vt 0.109375 0.000000
vt 0.093750 0.062500
vt 0.093750 0.437500
vt 0.093750 0.875000
vt 0.093750 0.375000
vt 0.093750 0.812500
vt 0.093750 0.312500
vt 0.093750 0.750000
vt 0.093750 0.250000
vt 0.093750 0.687500
vt 0.093750 0.187500
vt 0.093750 0.625000
vt 0.093750 0.125000
vt 0.062500 0.312500
vt 0.062500 0.250000
vt 0.062500 0.750000
vt 0.062500 0.687500
vt 0.062500 0.187500
vt 0.062500 0.625000
vt 0.062500 0.125000
vt 0.062500 0.562500
vt 0.062500 0.062500
vt 0.062500 0.500000
vt 0.078125 1.000000
vt 0.062500 0.937500
vt 0.078125 0.000000
vt 0.062500 0.437500
vt 0.062500 0.875000
vt 0.062500 0.375000
vt 0.062500 0.812500
vt 0.046875 0.000000
vt 0.031250 0.062500
vt 0.031250 0.500000
vt 0.031250 0.437500
vt 0.031250 0.937500
vt 0.031250 0.875000
vt 0.031250 0.375000
vt 0.031250 0.812500
vt 0.031250 0.312500
vt 0.031250 0.750000
vt 0.031250 0.250000
vt 0.031250 0.687500
vt 0.031250 0.187500
vt 0.031250 0.625000
vt 0.031250 0.125000
vt 0.031250 0.562500
vt 0.046875 1.000000
vt 0.000000 0.250000
vt 0.000000 0.187500
vt 0.000000 0.687500
vt 0.000000 0.625000
vt 0.000000 0.125000
vt 0.000000 0.562500
vt 0.000000 0.062500
vt 0.000000 0.500000
vt 0.015625 1.000000
vt 0.000000 0.937500
vt 0.015625 0.000000
vt 0.000000 0.437500
vt 0.000000 0.875000
vt 0.000000 0.375000
vt 0.000000 0.812500
vt 0.000000 0.312500
vt 0.000000 0.750000
vt 1.000000 0.875000
vt 1.000000 0.937500
vt 0.968750 0.937500
vt 0.968750 0.875000
vt 1.000000 0.375000
vt 1.000000 0.437500
vt 0.968750 0.437500
vt 0.968750 0.375000
vt 1.000000 0.812500
vt 0.968750 0.812500
vt 1.000000 0.312500
vt 0.968750 0.312500
vt 1.000000 0.750000
vt 0.968750 0.750000
vt 1.000000 0.250000
vt 0.968750 0.250000
vt 1.000000 0.687500
vt 0.968750 0.687500
vt 1.000000 0.187500
vt 0.968750 0.187500
vt 1.000000 0.625000
vt 0.968750 0.625000
vt 1.000000 0.125000
vt 0.968750 0.125000
vt 1.000000 0.562500
vt 0.968750 0.562500
vt 1.000000 0.062500
vt 0.968750 0.062500
vt 1.000000 0.500000
vt 0.968750 0.500000
vt 0.984375 1.000000
vt 0.984375 0.000000
vt 0.937500 0.687500
vt 0.937500 0.625000
vt 0.937500 0.187500
vt 0.937500 0.125000
vt 0.937500 0.562500
vt 0.937500 0.062500
vt 0.937500 0.500000
vt 0.953125 1.000000
vt 0.937500 0.937500
vt 0.953125 0.000000
vt 0.937500 0.437500
vt 0.937500 0.875000
vt 0.937500 0.375000
vt 0.937500 0.812500
vt 0.937500 0.312500
vt 0.937500 0.750000
vt 0.937500 0.250000
vt 0.906250 0.437500
vt 0.906250 0.375000
vt 0.906250 0.875000
vt 0.906250 0.812500
vt 0.906250 0.312500
vt 0.906250 0.750000
vt 0.906250 0.250000
vt 0.906250 0.687500
vt 0.906250 0.187500
vt 0.906250 0.625000
vt 0.906250 0.125000
vt 0.906250 0.562500
vt 0.906250 0.062500
vt 0.906250 0.500000
vt 0.921875 1.000000
vt 0.906250 0.937500
vt 0.921875 0.000000
vt 0.875000 0.187500
vt 0.875000 0.125000
vt 0.875000 0.625000
vt 0.875000 0.562500
vt 0.875000 0.062500
vt 0.875000 0.500000
vt 0.890625 1.000000
vt 0.875000 0.937500
vt 0.890625 0.000000
vt 0.875000 0.437500
vt 0.875000 0.875000
vt 0.875000 0.375000
vt 0.875000 0.812500
vt 0.875000 0.312500
vt 0.875000 0.750000
vt 0.875000 0.250000
vt 0.875000 0.687500
vt 0.843750 0.875000
vt 0.843750 0.812500
vt 0.843750 0.375000
vt 0.843750 0.312500
vt 0.843750 0.750000
vt 0.843750 0.250000
vt 0.843750 0.687500
vt 0.843750 0.187500
vt 0.843750 0.625000
vt 0.843750 0.125000
vt 0.843750 0.562500
vt 0.843750 0.062500
vt 0.843750 0.500000
vt 0.859375 1.000000
vt 0.843750 0.937500
vt 0.859375 0.000000
vt 0.843750 0.437500
vt 0.812500 0.625000
vt 0.812500 0.562500
vt 0.812500 0.125000
vt 0.812500 0.062500
vt 0.812500 0.500000
vt 0.828125 1.000000
vt 0.812500 0.937500
vt 0.828125 0.000000
vt 0.812500 0.437500
vt 0.812500 0.875000
vt 0.812500 0.375000
vt 0.812500 0.812500
vt 0.812500 0.312500
vt 0.812500 0.750000
vt 0.812500 0.250000
vt 0.812500 0.687500
vt 0.812500 0.187500
vt 0.781250 0.375000
vt 0.781250 0.312500
vt 0.781250 0.812500
vt 0.781250 0.750000
vt 0.781250 0.250000
vt 0.781250 0.687500
vt 0.781250 0.187500
vt 0.781250 0.625000
vt 0.781250 0.125000
vt 0.781250 0.562500
vt 0.781250 0.062500
vt 0.781250 0.500000
vt 0.796875 1.000000
vt 0.781250 0.937500
vt 0.796875 0.000000
vt 0.781250 0.437500
vt 0.781250 0.875000
vt 0.765625 1.000000
vt 0.765625 0.000000
s 0
usemtl tree.001
f 3556/4116/2898 3555/4117/2898 3094/4118/2898 3095/4119/2898
f 3078/4120/2899 3077/4121/2899 3087/4122/2899 3088/4123/2899
f 3548/4124/2900 3156/4125/2900 3081/4126/2900
f 3382/4127/2901 3556/4116/2901 3095/4119/2901
f 3079/4128/2902 3078/4120/2902 3088/4123/2902 3089/4129/2902
f 3549/4130/2903 3548/4124/2903 3081/4126/2903 3082/4131/2903
f 3552/4132/2904 3079/4128/2904 3089/4129/2904 3090/4133/2904
f 3075/4134/2905 3549/4130/2905 3082/4131/2905 3083/4135/2905
f 3080/4136/2906 3552/4132/2906 3090/4133/2906 3091/4137/2906
f 3550/4138/2907 3075/4134/2907 3083/4135/2907 3084/4139/2907
f 3553/4140/2908 3080/4136/2908 3091/4137/2908 3092/4141/2908
f 3076/4142/2909 3550/4138/2909 3084/4139/2909 3085/4143/2909
f 3554/4144/2910 3553/4140/2910 3092/4141/2910 3093/4145/2910
f 3551/4146/2911 3076/4142/2911 3085/4143/2911 3086/4147/2911
f 3555/4117/2912 3554/4144/2912 3093/4145/2912 3094/4118/2912
f 3077/4121/2913 3551/4146/2913 3086/4147/2913 3087/4122/2913
f 3086/4147/2914 3085/4143/2914 3100/4148/2914 3101/4149/2914
f 3094/4118/2915 3093/4145/2915 3108/4150/2915 3109/4151/2915
f 3087/4122/2916 3086/4147/2916 3101/4149/2916 3102/4152/2916
f 3095/4119/2917 3094/4118/2917 3109/4151/2917 3110/4153/2917
f 3088/4123/2918 3087/4122/2918 3102/4152/2918 3103/4154/2918
f 3081/4126/2919 3156/4155/2919 3096/4156/2919
f 3382/4157/2920 3095/4119/2920 3110/4153/2920
f 3089/4129/2921 3088/4123/2921 3103/4154/2921 3104/4158/2921
f 3082/4131/2922 3081/4126/2922 3096/4156/2922 3097/4159/2922
f 3090/4133/2923 3089/4129/2923 3104/4158/2923 3105/4160/2923
f 3083/4135/2924 3082/4131/2924 3097/4159/2924 3098/4161/2924
f 3091/4137/2925 3090/4133/2925 3105/4160/2925 3106/4162/2925
f 3084/4139/2926 3083/4135/2926 3098/4161/2926 3099/4163/2926
f 3092/4141/2927 3091/4137/2927 3106/4162/2927 3107/4164/2927
f 3085/4143/2928 3084/4139/2928 3099/4163/2928 3100/4148/2928
f 3093/4145/2929 3092/4141/2929 3107/4164/2929 3108/4150/2929
f 3105/4160/2930 3104/4158/2930 3119/4165/2930 3120/4166/2930
f 3098/4161/2931 3097/4159/2931 3112/4167/2931 3113/4168/2931
f 3106/4162/2932 3105/4160/2932 3120/4166/2932 3121/4169/2932
f 3099/4163/2933 3098/4161/2933 3113/4168/2933 3114/4170/2933
f 3107/4164/2934 3106/4162/2934 3121/4169/2934 3122/4171/2934
f 3100/4148/2935 3099/4163/2935 3114/4170/2935 3115/4172/2935
f 3108/4150/2936 3107/4164/2936 3122/4171/2936 3123/4173/2936
f 3101/4149/2937 3100/4148/2937 3115/4172/2937 3116/4174/2937
f 3109/4151/2938 3108/4150/2938 3123/4173/2938 3124/4175/2938
f 3102/4152/2939 3101/4149/2939 3116/4174/2939 3117/4176/2939
f 3110/4153/2940 3109/4151/2940 3124/4175/2940 3125/4177/2940
f 3103/4154/2941 3102/4152/2941 3117/4176/2941 3118/4178/2941
f 3096/4156/2942 3156/4179/2942 3111/4180/2942
f 3382/4181/2943 3110/4153/2943 3125/4177/2943
f 3104/4158/2944 3103/4154/2944 3118/4178/2944 3119/4165/2944
f 3097/4159/2945 3096/4156/2945 3111/4180/2945 3112/4167/2945
f 3124/4175/2946 3123/4173/2946 3138/4182/2946 3139/4183/2946
f 3117/4176/2947 3116/4174/2947 3131/4184/2947 3132/4185/2947
f 3125/4177/2948 3124/4175/2948 3139/4183/2948 3140/4186/2948
f 3118/4178/2949 3117/4176/2949 3132/4185/2949 3133/4187/2949
f 3111/4180/2950 3156/4188/2950 3126/4189/2950
f 3382/4190/2951 3125/4177/2951 3140/4186/2951
f 3119/4165/2952 3118/4178/2952 3133/4187/2952 3134/4191/2952
f 3112/4167/2953 3111/4180/2953 3126/4189/2953 3127/4192/2953
f 3120/4166/2954 3119/4165/2954 3134/4191/2954 3135/4193/2954
f 3113/4168/2955 3112/4167/2955 3127/4192/2955 3128/4194/2955
f 3121/4169/2956 3120/4166/2956 3135/4193/2956 3136/4195/2956
f 3114/4170/2957 3113/4168/2957 3128/4194/2957 3129/4196/2957
f 3122/4171/2958 3121/4169/2958 3136/4195/2958 3137/4197/2958
f 3115/4172/2959 3114/4170/2959 3129/4196/2959 3130/4198/2959
f 3123/4173/2960 3122/4171/2960 3137/4197/2960 3138/4182/2960
f 3116/4174/2961 3115/4172/2961 3130/4198/2961 3131/4184/2961
f 3136/4195/2962 3135/4193/2962 3150/4199/2962 3151/4200/2962
f 3129/4196/2963 3128/4194/2963 3143/4201/2963 3144/4202/2963
f 3137/4197/2964 3136/4195/2964 3151/4200/2964 3152/4203/2964
f 3130/4198/2965 3129/4196/2965 3144/4202/2965 3145/4204/2965
f 3138/4182/2966 3137/4197/2966 3152/4203/2966 3153/4205/2966
f 3131/4184/2967 3130/4198/2967 3145/4204/2967 3146/4206/2967
f 3139/4183/2968 3138/4182/2968 3153/4205/2968 3154/4207/2968
f 3132/4185/2969 3131/4184/2969 3146/4206/2969 3147/4208/2969
f 3140/4186/2970 3139/4183/2970 3154/4207/2970 3155/4209/2970
f 3133/4187/2971 3132/4185/2971 3147/4208/2971 3148/4210/2971
f 3126/4189/2972 3156/4211/2972 3141/4212/2972
f 3382/4213/2973 3140/4186/2973 3155/4209/2973
f 3134/4191/2974 3133/4187/2974 3148/4210/2974 3149/4214/2974
f 3127/4192/2975 3126/4189/2975 3141/4212/2975 3142/4215/2975
f 3135/4193/2976 3134/4191/2976 3149/4214/2976 3150/4199/2976
f 3128/4194/2977 3127/4192/2977 3142/4215/2977 3143/4201/2977
f 3155/4209/2978 3154/4207/2978 3170/4216/2978 3171/4217/2978
f 3148/4210/2979 3147/4208/2979 3163/4218/2979 3164/4219/2979
f 3141/4212/2980 3156/4220/2980 3157/4221/2980
f 3382/4222/2981 3155/4209/2981 3171/4217/2981
f 3149/4214/2982 3148/4210/2982 3164/4219/2982 3165/4223/2982
f 3142/4215/2983 3141/4212/2983 3157/4221/2983 3158/4224/2983
f 3150/4199/2984 3149/4214/2984 3165/4223/2984 3166/4225/2984
f 3143/4201/2985 3142/4215/2985 3158/4224/2985 3159/4226/2985
f 3151/4200/2986 3150/4199/2986 3166/4225/2986 3167/4227/2986
f 3144/4202/2987 3143/4201/2987 3159/4226/2987 3160/4228/2987
f 3152/4203/2988 3151/4200/2988 3167/4227/2988 3168/4229/2988
f 3145/4204/2989 3144/4202/2989 3160/4228/2989 3161/4230/2989
f 3153/4205/2990 3152/4203/2990 3168/4229/2990 3169/4231/2990
f 3146/4206/2991 3145/4204/2991 3161/4230/2991 3162/4232/2991
f 3154/4207/2992 3153/4205/2992 3169/4231/2992 3170/4216/2992
f 3147/4208/2993 3146/4206/2993 3162/4232/2993 3163/4218/2993
f 3160/4228/2994 3159/4226/2994 3174/4233/2994 3175/4234/2994
f 3168/4229/2995 3167/4227/2995 3182/4235/2995 3183/4236/2995
f 3161/4230/2996 3160/4228/2996 3175/4234/2996 3176/4237/2996
f 3169/4231/2997 3168/4229/2997 3183/4236/2997 3184/4238/2997
f 3162/4232/2998 3161/4230/2998 3176/4237/2998 3177/4239/2998
f 3170/4216/2999 3169/4231/2999 3184/4238/2999 3185/4240/2999
f 3163/4218/3000 3162/4232/3000 3177/4239/3000 3178/4241/3000
f 3171/4217/3001 3170/4216/3001 3185/4240/3001 3186/4242/3001
f 3164/4219/3002 3163/4218/3002 3178/4241/3002 3179/4243/3002
f 3157/4221/3003 3156/4244/3003 3172/4245/3003
f 3382/4246/3004 3171/4217/3004 3186/4242/3004
f 3165/4223/3005 3164/4219/3005 3179/4243/3005 3180/4247/3005
f 3158/4224/3006 3157/4221/3006 3172/4245/3006 3173/4248/3006
f 3166/4225/3007 3165/4223/3007 3180/4247/3007 3181/4249/3007
f 3159/4226/3008 3158/4224/3008 3173/4248/3008 3174/4233/3008
f 3167/4227/3009 3166/4225/3009 3181/4249/3009 3182/4235/3009
f 3179/4243/3010 3178/4241/3010 3193/4250/3010 3194/4251/3010
f 3172/4245/3011 3156/4252/3011 3187/4253/3011
f 3382/4254/3012 3186/4242/3012 3201/4255/3012
f 3180/4247/3013 3179/4243/3013 3194/4251/3013 3195/4256/3013
f 3173/4248/3014 3172/4245/3014 3187/4253/3014 3188/4257/3014
f 3181/4249/3015 3180/4247/3015 3195/4256/3015 3196/4258/3015
f 3174/4233/3016 3173/4248/3016 3188/4257/3016 3189/4259/3016
f 3182/4235/3017 3181/4249/3017 3196/4258/3017 3197/4260/3017
f 3175/4234/3018 3174/4233/3018 3189/4259/3018 3190/4261/3018
f 3183/4236/3019 3182/4235/3019 3197/4260/3019 3198/4262/3019
f 3176/4237/3020 3175/4234/3020 3190/4261/3020 3191/4263/3020
f 3184/4238/3021 3183/4236/3021 3198/4262/3021 3199/4264/3021
f 3177/4239/3022 3176/4237/3022 3191/4263/3022 3192/4265/3022
f 3185/4240/3023 3184/4238/3023 3199/4264/3023 3200/4266/3023
f 3178/4241/3024 3177/4239/3024 3192/4265/3024 3193/4250/3024
f 3186/4242/3025 3185/4240/3025 3200/4266/3025 3201/4255/3025
f 3198/4262/3026 3197/4260/3026 3212/4267/3026 3213/4268/3026
f 3191/4263/3027 3190/4261/3027 3205/4269/3027 3206/4270/3027
f 3199/4264/3028 3198/4262/3028 3213/4268/3028 3214/4271/3028
f 3192/4265/3029 3191/4263/3029 3206/4270/3029 3207/4272/3029
f 3200/4266/3030 3199/4264/3030 3214/4271/3030 3215/4273/3030
f 3193/4250/3031 3192/4265/3031 3207/4272/3031 3208/4274/3031
f 3201/4255/3032 3200/4266/3032 3215/4273/3032 3216/4275/3032
f 3194/4251/3033 3193/4250/3033 3208/4274/3033 3209/4276/3033
f 3187/4253/3034 3156/4277/3034 3202/4278/3034
f 3382/4279/3035 3201/4255/3035 3216/4275/3035
f 3195/4256/3036 3194/4251/3036 3209/4276/3036 3210/4280/3036
f 3188/4257/3037 3187/4253/3037 3202/4278/3037 3203/4281/3037
f 3196/4258/3038 3195/4256/3038 3210/4280/3038 3211/4282/3038
f 3189/4259/3039 3188/4257/3039 3203/4281/3039 3204/4283/3039
f 3197/4260/3040 3196/4258/3040 3211/4282/3040 3212/4267/3040
f 3190/4261/3041 3189/4259/3041 3204/4283/3041 3205/4269/3041
f 3202/4278/3042 3156/4284/3042 3217/4285/3042
f 3382/4286/3043 3216/4275/3043 3231/4287/3043
f 3210/4280/3044 3209/4276/3044 3224/4288/3044 3225/4289/3044
f 3203/4281/3045 3202/4278/3045 3217/4285/3045 3218/4290/3045
f 3211/4282/3046 3210/4280/3046 3225/4289/3046 3226/4291/3046
f 3204/4283/3047 3203/4281/3047 3218/4290/3047 3219/4292/3047
f 3212/4267/3048 3211/4282/3048 3226/4291/3048 3227/4293/3048
f 3205/4269/3049 3204/4283/3049 3219/4292/3049 3220/4294/3049
f 3213/4268/3050 3212/4267/3050 3227/4293/3050 3228/4295/3050
f 3206/4270/3051 3205/4269/3051 3220/4294/3051 3221/4296/3051
f 3214/4271/3052 3213/4268/3052 3228/4295/3052 3229/4297/3052
f 3207/4272/3053 3206/4270/3053 3221/4296/3053 3222/4298/3053
f 3215/4273/3054 3214/4271/3054 3229/4297/3054 3230/4299/3054
f 3208/4274/3055 3207/4272/3055 3222/4298/3055 3223/4300/3055
f 3216/4275/3056 3215/4273/3056 3230/4299/3056 3231/4287/3056
f 3209/4276/3057 3208/4274/3057 3223/4300/3057 3224/4288/3057
f 3221/4296/3058 3220/4294/3058 3235/4301/3058 3236/4302/3058
f 3229/4297/3059 3228/4295/3059 3243/4303/3059 3244/4304/3059
f 3222/4298/3060 3221/4296/3060 3236/4302/3060 3237/4305/3060
f 3230/4299/3061 3229/4297/3061 3244/4304/3061 3245/4306/3061
f 3223/4300/3062 3222/4298/3062 3237/4305/3062 3238/4307/3062
f 3231/4287/3063 3230/4299/3063 3245/4306/3063 3246/4308/3063
f 3224/4288/3064 3223/4300/3064 3238/4307/3064 3239/4309/3064
f 3217/4285/3065 3156/4310/3065 3232/4311/3065
f 3382/4312/3066 3231/4287/3066 3246/4308/3066
f 3225/4289/3067 3224/4288/3067 3239/4309/3067 3240/4313/3067
f 3218/4290/3068 3217/4285/3068 3232/4311/3068 3233/4314/3068
f 3226/4291/3069 3225/4289/3069 3240/4313/3069 3241/4315/3069
f 3219/4292/3070 3218/4290/3070 3233/4314/3070 3234/4316/3070
f 3227/4293/3071 3226/4291/3071 3241/4315/3071 3242/4317/3071
f 3220/4294/3072 3219/4292/3072 3234/4316/3072 3235/4301/3072
f 3228/4295/3073 3227/4293/3073 3242/4317/3073 3243/4303/3073
f 3240/4313/3074 3239/4309/3074 3254/4318/3074 3255/4319/3074
f 3233/4314/3075 3232/4311/3075 3247/4320/3075 3248/4321/3075
f 3241/4315/3076 3240/4313/3076 3255/4319/3076 3256/4322/3076
f 3234/4316/3077 3233/4314/3077 3248/4321/3077 3249/4323/3077
f 3242/4317/3078 3241/4315/3078 3256/4322/3078 3257/4324/3078
f 3235/4301/3079 3234/4316/3079 3249/4323/3079 3250/4325/3079
f 3243/4303/3080 3242/4317/3080 3257/4324/3080 3258/4326/3080
f 3236/4302/3081 3235/4301/3081 3250/4325/3081 3251/4327/3081
f 3244/4304/3082 3243/4303/3082 3258/4326/3082 3259/4328/3082
f 3237/4305/3083 3236/4302/3083 3251/4327/3083 3252/4329/3083
f 3245/4306/3084 3244/4304/3084 3259/4328/3084 3260/4330/3084
f 3238/4307/3085 3237/4305/3085 3252/4329/3085 3253/4331/3085
f 3246/4308/3086 3245/4306/3086 3260/4330/3086 3261/4332/3086
f 3239/4309/3087 3238/4307/3087 3253/4331/3087 3254/4318/3087
f 3232/4311/3088 3156/4333/3088 3247/4320/3088
f 3382/4334/3089 3246/4308/3089 3261/4332/3089
f 3259/4328/3090 3258/4326/3090 3273/4335/3090 3274/4336/3090
f 3252/4329/3091 3251/4327/3091 3266/4337/3091 3267/4338/3091
f 3260/4330/3092 3259/4328/3092 3274/4336/3092 3275/4339/3092
f 3253/4331/3093 3252/4329/3093 3267/4338/3093 3268/4340/3093
f 3261/4332/3094 3260/4330/3094 3275/4339/3094 3276/4341/3094
f 3254/4318/3095 3253/4331/3095 3268/4340/3095 3269/4342/3095
f 3247/4320/3096 3156/4343/3096 3262/4344/3096
f 3382/4345/3097 3261/4332/3097 3276/4341/3097
f 3255/4319/3098 3254/4318/3098 3269/4342/3098 3270/4346/3098
f 3248/4321/3099 3247/4320/3099 3262/4344/3099 3263/4347/3099
f 3256/4322/3100 3255/4319/3100 3270/4346/3100 3271/4348/3100
f 3249/4323/3101 3248/4321/3101 3263/4347/3101 3264/4349/3101
f 3257/4324/3102 3256/4322/3102 3271/4348/3102 3272/4350/3102
f 3250/4325/3103 3249/4323/3103 3264/4349/3103 3265/4351/3103
f 3258/4326/3104 3257/4324/3104 3272/4350/3104 3273/4335/3104
f 3251/4327/3105 3250/4325/3105 3265/4351/3105 3266/4337/3105
f 3271/4348/3106 3270/4346/3106 3285/4352/3106 3286/4353/3106
f 3264/4349/3107 3263/4347/3107 3278/4354/3107 3279/4355/3107
f 3272/4350/3108 3271/4348/3108 3286/4353/3108 3287/4356/3108
f 3265/4351/3109 3264/4349/3109 3279/4355/3109 3280/4357/3109
f 3273/4335/3110 3272/4350/3110 3287/4356/3110 3288/4358/3110
f 3266/4337/3111 3265/4351/3111 3280/4357/3111 3281/4359/3111
f 3274/4336/3112 3273/4335/3112 3288/4358/3112 3289/4360/3112
f 3267/4338/3113 3266/4337/3113 3281/4359/3113 3282/4361/3113
f 3275/4339/3114 3274/4336/3114 3289/4360/3114 3290/4362/3114
f 3268/4340/3115 3267/4338/3115 3282/4361/3115 3283/4363/3115
f 3276/4341/3116 3275/4339/3116 3290/4362/3116 3291/4364/3116
f 3269/4342/3117 3268/4340/3117 3283/4363/3117 3284/4365/3117
f 3262/4344/3118 3156/4366/3118 3277/4367/3118
f 3382/4368/3119 3276/4341/3119 3291/4364/3119
f 3270/4346/3120 3269/4342/3120 3284/4365/3120 3285/4352/3120
f 3263/4347/3121 3262/4344/3121 3277/4367/3121 3278/4354/3121
f 3290/4362/3122 3289/4360/3122 3304/4369/3122 3305/4370/3122
f 3283/4363/3123 3282/4361/3123 3297/4371/3123 3298/4372/3123
f 3291/4364/3124 3290/4362/3124 3305/4370/3124 3306/4373/3124
f 3284/4365/3125 3283/4363/3125 3298/4372/3125 3299/4374/3125
f 3277/4367/3126 3156/4375/3126 3292/4376/3126
f 3382/4377/3127 3291/4364/3127 3306/4373/3127
f 3285/4352/3128 3284/4365/3128 3299/4374/3128 3300/4378/3128
f 3278/4354/3129 3277/4367/3129 3292/4376/3129 3293/4379/3129
f 3286/4353/3130 3285/4352/3130 3300/4378/3130 3301/4380/3130
f 3279/4355/3131 3278/4354/3131 3293/4379/3131 3294/4381/3131
f 3287/4356/3132 3286/4353/3132 3301/4380/3132 3302/4382/3132
f 3280/4357/3133 3279/4355/3133 3294/4381/3133 3295/4383/3133
f 3288/4358/3134 3287/4356/3134 3302/4382/3134 3303/4384/3134
f 3281/4359/3135 3280/4357/3135 3295/4383/3135 3296/4385/3135
f 3289/4360/3136 3288/4358/3136 3303/4384/3136 3304/4369/3136
f 3282/4361/3137 3281/4359/3137 3296/4385/3137 3297/4371/3137
f 3294/4381/3138 3293/4379/3138 3308/4386/3138 3309/4387/3138
f 3302/4382/3139 3301/4380/3139 3316/4388/3139 3317/4389/3139
f 3295/4383/3140 3294/4381/3140 3309/4387/3140 3310/4390/3140
f 3303/4384/3141 3302/4382/3141 3317/4389/3141 3318/4391/3141
f 3296/4385/3142 3295/4383/3142 3310/4390/3142 3311/4392/3142
f 3304/4369/3143 3303/4384/3143 3318/4391/3143 3319/4393/3143
f 3297/4371/3144 3296/4385/3144 3311/4392/3144 3312/4394/3144
f 3305/4370/3145 3304/4369/3145 3319/4393/3145 3320/4395/3145
f 3298/4372/3146 3297/4371/3146 3312/4394/3146 3313/4396/3146
f 3306/4373/3147 3305/4370/3147 3320/4395/3147 3321/4397/3147
f 3299/4374/3148 3298/4372/3148 3313/4396/3148 3314/4398/3148
f 3292/4376/3149 3156/4399/3149 3307/4400/3149
f 3382/4401/3150 3306/4373/3150 3321/4397/3150
f 3300/4378/3151 3299/4374/3151 3314/4398/3151 3315/4402/3151
f 3293/4379/3152 3292/4376/3152 3307/4400/3152 3308/4386/3152
f 3301/4380/3153 3300/4378/3153 3315/4402/3153 3316/4388/3153
f 3313/4396/3154 3312/4394/3154 3327/4403/3154 3328/4404/3154
f 3321/4397/3155 3320/4395/3155 3335/4405/3155 3336/4406/3155
f 3314/4398/3156 3313/4396/3156 3328/4404/3156 3329/4407/3156
f 3307/4400/3157 3156/4408/3157 3322/4409/3157
f 3382/4410/3158 3321/4397/3158 3336/4406/3158
f 3315/4402/3159 3314/4398/3159 3329/4407/3159 3330/4411/3159
f 3308/4386/3160 3307/4400/3160 3322/4409/3160 3323/4412/3160
f 3316/4388/3161 3315/4402/3161 3330/4411/3161 3331/4413/3161
f 3309/4387/3162 3308/4386/3162 3323/4412/3162 3324/4414/3162
f 3317/4389/3163 3316/4388/3163 3331/4413/3163 3332/4415/3163
f 3310/4390/3164 3309/4387/3164 3324/4414/3164 3325/4416/3164
f 3318/4391/3165 3317/4389/3165 3332/4415/3165 3333/4417/3165
f 3311/4392/3166 3310/4390/3166 3325/4416/3166 3326/4418/3166
f 3319/4393/3167 3318/4391/3167 3333/4417/3167 3334/4419/3167
f 3312/4394/3168 3311/4392/3168 3326/4418/3168 3327/4403/3168
f 3320/4395/3169 3319/4393/3169 3334/4419/3169 3335/4405/3169
f 3332/4415/3170 3331/4413/3170 3346/4420/3170 3347/4421/3170
f 3325/4416/3171 3324/4414/3171 3339/4422/3171 3340/4423/3171
f 3333/4417/3172 3332/4415/3172 3347/4421/3172 3348/4424/3172
f 3326/4418/3173 3325/4416/3173 3340/4423/3173 3341/4425/3173
f 3334/4419/3174 3333/4417/3174 3348/4424/3174 3349/4426/3174
f 3327/4403/3175 3326/4418/3175 3341/4425/3175 3342/4427/3175
f 3335/4405/3176 3334/4419/3176 3349/4426/3176 3350/4428/3176
f 3328/4404/3177 3327/4403/3177 3342/4427/3177 3343/4429/3177
f 3336/4406/3178 3335/4405/3178 3350/4428/3178 3351/4430/3178
f 3329/4407/3179 3328/4404/3179 3343/4429/3179 3344/4431/3179
f 3322/4409/3180 3156/4432/3180 3337/4433/3180
f 3382/4434/3181 3336/4406/3181 3351/4430/3181
f 3330/4411/3182 3329/4407/3182 3344/4431/3182 3345/4435/3182
f 3323/4412/3183 3322/4409/3183 3337/4433/3183 3338/4436/3183
f 3331/4413/3184 3330/4411/3184 3345/4435/3184 3346/4420/3184
f 3324/4414/3185 3323/4412/3185 3338/4436/3185 3339/4422/3185
f 3351/4430/3186 3350/4428/3186 3365/4437/3186 3366/4438/3186
f 3344/4431/3187 3343/4429/3187 3358/4439/3187 3359/4440/3187
f 3337/4433/3188 3156/4441/3188 3352/4442/3188
f 3382/4443/3189 3351/4430/3189 3366/4438/3189
f 3345/4435/3190 3344/4431/3190 3359/4440/3190 3360/4444/3190
f 3338/4436/3191 3337/4433/3191 3352/4442/3191 3353/4445/3191
f 3346/4420/3192 3345/4435/3192 3360/4444/3192 3361/4446/3192
f 3339/4422/3193 3338/4436/3193 3353/4445/3193 3354/4447/3193
f 3347/4421/3194 3346/4420/3194 3361/4446/3194 3362/4448/3194
f 3340/4423/3195 3339/4422/3195 3354/4447/3195 3355/4449/3195
f 3348/4424/3196 3347/4421/3196 3362/4448/3196 3363/4450/3196
f 3341/4425/3197 3340/4423/3197 3355/4449/3197 3356/4451/3197
f 3349/4426/3198 3348/4424/3198 3363/4450/3198 3364/4452/3198
f 3342/4427/3199 3341/4425/3199 3356/4451/3199 3357/4453/3199
f 3350/4428/3200 3349/4426/3200 3364/4452/3200 3365/4437/3200
f 3343/4429/3201 3342/4427/3201 3357/4453/3201 3358/4439/3201
f 3355/4449/3202 3354/4447/3202 3369/4454/3202 3370/4455/3202
f 3363/4450/3203 3362/4448/3203 3377/4456/3203 3378/4457/3203
f 3356/4451/3204 3355/4449/3204 3370/4455/3204 3371/4458/3204
f 3364/4452/3205 3363/4450/3205 3378/4457/3205 3379/4459/3205
f 3357/4453/3206 3356/4451/3206 3371/4458/3206 3372/4460/3206
f 3365/4437/3207 3364/4452/3207 3379/4459/3207 3380/4461/3207
f 3358/4439/3208 3357/4453/3208 3372/4460/3208 3373/4462/3208
f 3366/4438/3209 3365/4437/3209 3380/4461/3209 3381/4463/3209
f 3359/4440/3210 3358/4439/3210 3373/4462/3210 3374/4464/3210
f 3352/4442/3211 3156/4465/3211 3367/4466/3211
f 3382/4467/3212 3366/4438/3212 3381/4463/3212
f 3360/4444/3213 3359/4440/3213 3374/4464/3213 3375/4468/3213
f 3353/4445/3214 3352/4442/3214 3367/4466/3214 3368/4469/3214
f 3361/4446/3215 3360/4444/3215 3375/4468/3215 3376/4470/3215
f 3354/4447/3216 3353/4445/3216 3368/4469/3216 3369/4454/3216
f 3362/4448/3217 3361/4446/3217 3376/4470/3217 3377/4456/3217
f 3374/4464/3218 3373/4462/3218 3389/4471/3218 3390/4472/3218
f 3367/4466/3219 3156/4473/3219 3383/4474/3219
f 3382/4475/3220 3381/4463/3220 3397/4476/3220
f 3375/4468/3221 3374/4464/3221 3390/4472/3221 3391/4477/3221
f 3368/4469/3222 3367/4466/3222 3383/4474/3222 3384/4478/3222
f 3376/4470/3223 3375/4468/3223 3391/4477/3223 3392/4479/3223
f 3369/4454/3224 3368/4469/3224 3384/4478/3224 3385/4480/3224
f 3377/4456/3225 3376/4470/3225 3392/4479/3225 3393/4481/3225
f 3370/4455/3226 3369/4454/3226 3385/4480/3226 3386/4482/3226
f 3378/4457/3227 3377/4456/3227 3393/4481/3227 3394/4483/3227
f 3371/4458/3228 3370/4455/3228 3386/4482/3228 3387/4484/3228
f 3379/4459/3229 3378/4457/3229 3394/4483/3229 3395/4485/3229
f 3372/4460/3230 3371/4458/3230 3387/4484/3230 3388/4486/3230
f 3380/4461/3231 3379/4459/3231 3395/4485/3231 3396/4487/3231
f 3373/4462/3232 3372/4460/3232 3388/4486/3232 3389/4471/3232
f 3381/4463/3233 3380/4461/3233 3396/4487/3233 3397/4476/3233
f 3394/4483/3234 3393/4481/3234 3408/4488/3234 3409/4489/3234
f 3387/4484/3235 3386/4482/3235 3401/4490/3235 3402/4491/3235
f 3395/4485/3236 3394/4483/3236 3409/4489/3236 3410/4492/3236
f 3388/4486/3237 3387/4484/3237 3402/4491/3237 3403/4493/3237
f 3396/4487/3238 3395/4485/3238 3410/4492/3238 3411/4494/3238
f 3389/4471/3239 3388/4486/3239 3403/4493/3239 3404/4495/3239
f 3397/4476/3240 3396/4487/3240 3411/4494/3240 3412/4496/3240
f 3390/4472/3241 3389/4471/3241 3404/4495/3241 3405/4497/3241
f 3383/4474/3242 3156/4498/3242 3398/4499/3242
f 3382/4500/3243 3397/4476/3243 3412/4496/3243
f 3391/4477/3244 3390/4472/3244 3405/4497/3244 3406/4501/3244
f 3384/4478/3245 3383/4474/3245 3398/4499/3245 3399/4502/3245
f 3392/4479/3246 3391/4477/3246 3406/4501/3246 3407/4503/3246
f 3385/4480/3247 3384/4478/3247 3399/4502/3247 3400/4504/3247
f 3393/4481/3248 3392/4479/3248 3407/4503/3248 3408/4488/3248
f 3386/4482/3249 3385/4480/3249 3400/4504/3249 3401/4490/3249
f 3382/4505/3250 3412/4496/3250 3427/4506/3250
f 3406/4501/3251 3405/4497/3251 3420/4507/3251 3421/4508/3251
f 3399/4502/3252 3398/4499/3252 3413/4509/3252 3414/4510/3252
f 3407/4503/3253 3406/4501/3253 3421/4508/3253 3422/4511/3253
f 3400/4504/3254 3399/4502/3254 3414/4510/3254 3415/4512/3254
f 3408/4488/3255 3407/4503/3255 3422/4511/3255 3423/4513/3255
f 3401/4490/3256 3400/4504/3256 3415/4512/3256 3416/4514/3256
f 3409/4489/3257 3408/4488/3257 3423/4513/3257 3424/4515/3257
f 3402/4491/3258 3401/4490/3258 3416/4514/3258 3417/4516/3258
f 3410/4492/3259 3409/4489/3259 3424/4515/3259 3425/4517/3259
f 3403/4493/3260 3402/4491/3260 3417/4516/3260 3418/4518/3260
f 3411/4494/3261 3410/4492/3261 3425/4517/3261 3426/4519/3261
f 3404/4495/3262 3403/4493/3262 3418/4518/3262 3419/4520/3262
f 3412/4496/3263 3411/4494/3263 3426/4519/3263 3427/4506/3263
f 3405/4497/3264 3404/4495/3264 3419/4520/3264 3420/4507/3264
f 3398/4499/3265 3156/4521/3265 3413/4509/3265
f 3425/4517/3266 3424/4515/3266 3439/4522/3266 3440/4523/3266
f 3418/4518/3267 3417/4516/3267 3432/4524/3267 3433/4525/3267
f 3426/4519/3268 3425/4517/3268 3440/4523/3268 3441/4526/3268
f 3419/4520/3269 3418/4518/3269 3433/4525/3269 3434/4527/3269
f 3427/4506/3270 3426/4519/3270 3441/4526/3270 3442/4528/3270
f 3420/4507/3271 3419/4520/3271 3434/4527/3271 3435/4529/3271
f 3413/4509/3272 3156/4530/3272 3428/4531/3272
f 3382/4532/3273 3427/4506/3273 3442/4528/3273
f 3421/4508/3274 3420/4507/3274 3435/4529/3274 3436/4533/3274
f 3414/4510/3275 3413/4509/3275 3428/4531/3275 3429/4534/3275
f 3422/4511/3276 3421/4508/3276 3436/4533/3276 3437/4535/3276
f 3415/4512/3277 3414/4510/3277 3429/4534/3277 3430/4536/3277
f 3423/4513/3278 3422/4511/3278 3437/4535/3278 3438/4537/3278
f 3416/4514/3279 3415/4512/3279 3430/4536/3279 3431/4538/3279
f 3424/4515/3280 3423/4513/3280 3438/4537/3280 3439/4522/3280
f 3417/4516/3281 3416/4514/3281 3431/4538/3281 3432/4524/3281
f 3429/4539/3282 3428/4540/3282 3443/4541/3282 3444/4542/3282
f 3437/4543/3283 3436/4544/3283 3451/4545/3283 3452/4546/3283
f 3430/4547/3284 3429/4539/3284 3444/4542/3284 3445/4548/3284
f 3438/4549/3285 3437/4543/3285 3452/4546/3285 3453/4550/3285
f 3431/4551/3286 3430/4547/3286 3445/4548/3286 3446/4552/3286
f 3439/4553/3287 3438/4549/3287 3453/4550/3287 3454/4554/3287
f 3432/4555/3288 3431/4551/3288 3446/4552/3288 3447/4556/3288
f 3440/4557/3289 3439/4553/3289 3454/4554/3289 3455/4558/3289
f 3433/4559/3290 3432/4555/3290 3447/4556/3290 3448/4560/3290
f 3441/4561/3291 3440/4557/3291 3455/4558/3291 3456/4562/3291
f 3434/4563/3292 3433/4559/3292 3448/4560/3292 3449/4564/3292
f 3442/4565/3293 3441/4561/3293 3456/4562/3293 3457/4566/3293
f 3435/4567/3294 3434/4563/3294 3449/4564/3294 3450/4568/3294
f 3428/4540/3295 3156/4569/3295 3443/4541/3295
f 3382/4570/3296 3442/4565/3296 3457/4566/3296
f 3436/4544/3297 3435/4567/3297 3450/4568/3297 3451/4545/3297
f 3448/4560/3298 3447/4556/3298 3462/4571/3298 3463/4572/3298
f 3456/4562/3299 3455/4558/3299 3470/4573/3299 3471/4574/3299
f 3449/4564/3300 3448/4560/3300 3463/4572/3300 3464/4575/3300
f 3457/4566/3301 3456/4562/3301 3471/4574/3301 3472/4576/3301
f 3450/4568/3302 3449/4564/3302 3464/4575/3302 3465/4577/3302
f 3443/4541/3303 3156/4578/3303 3458/4579/3303
f 3382/4580/3304 3457/4566/3304 3472/4576/3304
f 3451/4545/3305 3450/4568/3305 3465/4577/3305 3466/4581/3305
f 3444/4542/3306 3443/4541/3306 3458/4579/3306 3459/4582/3306
f 3452/4546/3307 3451/4545/3307 3466/4581/3307 3467/4583/3307
f 3445/4548/3308 3444/4542/3308 3459/4582/3308 3460/4584/3308
f 3453/4550/3309 3452/4546/3309 3467/4583/3309 3468/4585/3309
f 3446/4552/3310 3445/4548/3310 3460/4584/3310 3461/4586/3310
f 3454/4554/3311 3453/4550/3311 3468/4585/3311 3469/4587/3311
f 3447/4556/3312 3446/4552/3312 3461/4586/3312 3462/4571/3312
f 3455/4558/3313 3454/4554/3313 3469/4587/3313 3470/4573/3313
f 3467/4583/3314 3466/4581/3314 3481/4588/3314 3482/4589/3314
f 3460/4584/3315 3459/4582/3315 3474/4590/3315 3475/4591/3315
f 3468/4585/3316 3467/4583/3316 3482/4589/3316 3483/4592/3316
f 3461/4586/3317 3460/4584/3317 3475/4591/3317 3476/4593/3317
f 3469/4587/3318 3468/4585/3318 3483/4592/3318 3484/4594/3318
f 3462/4571/3319 3461/4586/3319 3476/4593/3319 3477/4595/3319
f 3470/4573/3320 3469/4587/3320 3484/4594/3320 3485/4596/3320
f 3463/4572/3321 3462/4571/3321 3477/4595/3321 3478/4597/3321
f 3471/4574/3322 3470/4573/3322 3485/4596/3322 3486/4598/3322
f 3464/4575/3323 3463/4572/3323 3478/4597/3323 3479/4599/3323
f 3472/4576/3324 3471/4574/3324 3486/4598/3324 3487/4600/3324
f 3465/4577/3325 3464/4575/3325 3479/4599/3325 3480/4601/3325
f 3458/4579/3326 3156/4602/3326 3473/4603/3326
f 3382/4604/3327 3472/4576/3327 3487/4600/3327
f 3466/4581/3328 3465/4577/3328 3480/4601/3328 3481/4588/3328
f 3459/4582/3329 3458/4579/3329 3473/4603/3329 3474/4590/3329
f 3486/4598/3330 3485/4596/3330 3500/4605/3330 3501/4606/3330
f 3479/4599/3331 3478/4597/3331 3493/4607/3331 3494/4608/3331
f 3487/4600/3332 3486/4598/3332 3501/4606/3332 3502/4609/3332
f 3480/4601/3333 3479/4599/3333 3494/4608/3333 3495/4610/3333
f 3473/4603/3334 3156/4611/3334 3488/4612/3334
f 3382/4613/3335 3487/4600/3335 3502/4609/3335
f 3481/4588/3336 3480/4601/3336 3495/4610/3336 3496/4614/3336
f 3474/4590/3337 3473/4603/3337 3488/4612/3337 3489/4615/3337
f 3482/4589/3338 3481/4588/3338 3496/4614/3338 3497/4616/3338
f 3475/4591/3339 3474/4590/3339 3489/4615/3339 3490/4617/3339
f 3483/4592/3340 3482/4589/3340 3497/4616/3340 3498/4618/3340
f 3476/4593/3341 3475/4591/3341 3490/4617/3341 3491/4619/3341
f 3484/4594/3342 3483/4592/3342 3498/4618/3342 3499/4620/3342
f 3477/4595/3343 3476/4593/3343 3491/4619/3343 3492/4621/3343
f 3485/4596/3344 3484/4594/3344 3499/4620/3344 3500/4605/3344
f 3478/4597/3345 3477/4595/3345 3492/4621/3345 3493/4607/3345
f 3490/4617/3346 3489/4615/3346 3504/4622/3346 3505/4623/3346
f 3498/4618/3347 3497/4616/3347 3512/4624/3347 3513/4625/3347
f 3491/4619/3348 3490/4617/3348 3505/4623/3348 3506/4626/3348
f 3499/4620/3349 3498/4618/3349 3513/4625/3349 3514/4627/3349
f 3492/4621/3350 3491/4619/3350 3506/4626/3350 3507/4628/3350
f 3500/4605/3351 3499/4620/3351 3514/4627/3351 3515/4629/3351
f 3493/4607/3352 3492/4621/3352 3507/4628/3352 3508/4630/3352
f 3501/4606/3353 3500/4605/3353 3515/4629/3353 3516/4631/3353
f 3494/4608/3354 3493/4607/3354 3508/4630/3354 3509/4632/3354
f 3502/4609/3355 3501/4606/3355 3516/4631/3355 3517/4633/3355
f 3495/4610/3356 3494/4608/3356 3509/4632/3356 3510/4634/3356
f 3488/4612/3357 3156/4635/3357 3503/4636/3357
f 3382/4637/3358 3502/4609/3358 3517/4633/3358
f 3496/4614/3359 3495/4610/3359 3510/4634/3359 3511/4638/3359
f 3489/4615/3360 3488/4612/3360 3503/4636/3360 3504/4622/3360
f 3497/4616/3361 3496/4614/3361 3511/4638/3361 3512/4624/3361
f 3509/4632/3362 3508/4630/3362 3523/4639/3362 3524/4640/3362
f 3517/4633/3363 3516/4631/3363 3531/4641/3363 3532/4642/3363
f 3510/4634/3364 3509/4632/3364 3524/4640/3364 3525/4643/3364
f 3503/4636/3365 3156/4644/3365 3518/4645/3365
f 3382/4646/3366 3517/4633/3366 3532/4642/3366
f 3511/4638/3367 3510/4634/3367 3525/4643/3367 3526/4647/3367
f 3504/4622/3368 3503/4636/3368 3518/4645/3368 3519/4648/3368
f 3512/4624/3369 3511/4638/3369 3526/4647/3369 3527/4649/3369
f 3505/4623/3370 3504/4622/3370 3519/4648/3370 3520/4650/3370
f 3513/4625/3371 3512/4624/3371 3527/4649/3371 3528/4651/3371
f 3506/4626/3372 3505/4623/3372 3520/4650/3372 3521/4652/3372
f 3514/4627/3373 3513/4625/3373 3528/4651/3373 3529/4653/3373
f 3507/4628/3374 3506/4626/3374 3521/4652/3374 3522/4654/3374
f 3515/4629/3375 3514/4627/3375 3529/4653/3375 3530/4655/3375
f 3508/4630/3376 3507/4628/3376 3522/4654/3376 3523/4639/3376
f 3516/4631/3377 3515/4629/3377 3530/4655/3377 3531/4641/3377
f 3528/4651/3378 3527/4649/3378 3542/4656/3378 3543/4657/3378
f 3521/4652/3379 3520/4650/3379 3535/4658/3379 3536/4659/3379
f 3529/4653/3380 3528/4651/3380 3543/4657/3380 3544/4660/3380
f 3522/4654/3381 3521/4652/3381 3536/4659/3381 3537/4661/3381
f 3530/4655/3382 3529/4653/3382 3544/4660/3382 3545/4662/3382
f 3523/4639/3383 3522/4654/3383 3537/4661/3383 3538/4663/3383
f 3531/4641/3384 3530/4655/3384 3545/4662/3384 3546/4664/3384
f 3524/4640/3385 3523/4639/3385 3538/4663/3385 3539/4665/3385
f 3532/4642/3386 3531/4641/3386 3546/4664/3386 3547/4666/3386
f 3525/4643/3387 3524/4640/3387 3539/4665/3387 3540/4667/3387
f 3518/4645/3388 3156/4668/3388 3533/4669/3388
f 3382/4670/3389 3532/4642/3389 3547/4666/3389
f 3526/4647/3390 3525/4643/3390 3540/4667/3390 3541/4671/3390
f 3519/4648/3391 3518/4645/3391 3533/4669/3391 3534/4672/3391
f 3527/4649/3392 3526/4647/3392 3541/4671/3392 3542/4656/3392
f 3520/4650/3393 3519/4648/3393 3534/4672/3393 3535/4658/3393
f 3547/4666/3394 3546/4664/3394 3555/4117/3394 3556/4116/3394
f 3540/4667/3395 3539/4665/3395 3077/4121/3395 3078/4120/3395
f 3533/4669/3396 3156/4673/3396 3548/4124/3396
f 3382/4674/3397 3547/4666/3397 3556/4116/3397
f 3541/4671/3398 3540/4667/3398 3078/4120/3398 3079/4128/3398
f 3534/4672/3399 3533/4669/3399 3548/4124/3399 3549/4130/3399
f 3542/4656/3400 3541/4671/3400 3079/4128/3400 3552/4132/3400
f 3535/4658/3401 3534/4672/3401 3549/4130/3401 3075/4134/3401
f 3543/4657/3402 3542/4656/3402 3552/4132/3402 3080/4136/3402
f 3536/4659/3403 3535/4658/3403 3075/4134/3403 3550/4138/3403
f 3544/4660/3404 3543/4657/3404 3080/4136/3404 3553/4140/3404
f 3537/4661/3405 3536/4659/3405 3550/4138/3405 3076/4142/3405
f 3545/4662/3406 3544/4660/3406 3553/4140/3406 3554/4144/3406
f 3538/4663/3407 3537/4661/3407 3076/4142/3407 3551/4146/3407
f 3546/4664/3408 3545/4662/3408 3554/4144/3408 3555/4117/3408
f 3539/4665/3409 3538/4663/3409 3551/4146/3409 3077/4121/3409
o Cylinder.008
v 16.875778 0.410081 -27.449511
v 17.248661 3.127502 -27.499741
v 16.868063 0.410081 -27.665325
v 17.243584 3.127502 -27.641844
v 16.902601 0.410081 -27.878498
v 17.266325 3.127502 -27.782207
v 16.978064 0.410081 -28.080835
v 17.316013 3.127502 -27.915438
v 17.091551 0.410081 -28.264565
v 17.390738 3.127502 -28.036413
v 17.238699 0.410081 -28.422623
v 17.487629 3.127502 -28.140486
v 17.413857 0.410081 -28.548935
v 17.602961 3.127502 -28.223658
v 17.610291 0.410081 -28.638651
v 17.732304 3.127502 -28.282730
v 17.820454 0.410081 -28.688320
v 17.870684 3.127502 -28.315435
v 18.036268 0.410081 -28.696033
v 18.012787 3.127502 -28.320513
v 18.249441 0.410081 -28.661495
v 18.153151 3.127502 -28.297771
v 18.451778 0.410081 -28.586033
v 18.286381 3.127502 -28.248083
v 18.635508 0.410081 -28.472546
v 18.407356 3.127502 -28.173359
v 18.793566 0.410081 -28.325397
v 18.511429 3.127502 -28.076468
v 18.919878 0.410081 -28.150240
v 18.594601 3.127502 -27.961136
v 19.009594 0.410081 -27.953804
v 18.653673 3.127502 -27.831793
v 19.059261 0.410081 -27.743643
v 18.686378 3.127502 -27.693413
v 19.066977 0.410081 -27.527828
v 18.691456 3.127502 -27.551310
v 19.032438 0.410081 -27.314655
v 18.668715 3.127502 -27.410946
v 18.956976 0.410081 -27.112318
v 18.619026 3.127502 -27.277716
v 18.843489 0.410081 -26.928589
v 18.544302 3.127502 -27.156740
v 18.696341 0.410081 -26.770531
v 18.447411 3.127502 -27.052668
v 18.521183 0.410081 -26.644218
v 18.332079 3.127502 -26.969496
v 18.324749 0.410081 -26.554502
v 18.202736 3.127502 -26.910423
v 18.114586 0.410081 -26.504833
v 18.064356 3.127502 -26.877718
v 17.898771 0.410081 -26.497120
v 17.922253 3.127502 -26.872641
v 17.685598 0.410081 -26.531658
v 17.781889 3.127502 -26.895382
v 17.483261 0.410081 -26.607121
v 17.648659 3.127502 -26.945070
v 17.299532 0.410081 -26.720608
v 17.527683 3.127502 -27.019794
v 17.141474 0.410081 -26.867756
v 17.423611 3.127502 -27.116686
v 17.015162 0.410081 -27.042913
v 17.340439 3.127502 -27.232018
v 16.925446 0.410081 -27.239349
v 17.281366 3.127502 -27.361361
vn -0.9900 0.1365 0.0354
vn -0.9779 0.1365 -0.1584
vn -0.9282 0.1365 -0.3462
vn -0.8428 0.1365 -0.5206
vn -0.7251 0.1365 -0.6750
vn -0.5794 0.1365 -0.8035
vn -0.4116 0.1365 -0.9011
vn -0.2278 0.1365 -0.9641
vn -0.0354 0.1365 -0.9900
vn 0.1584 0.1365 -0.9779
vn 0.3462 0.1365 -0.9282
vn 0.5206 0.1365 -0.8428
vn 0.6750 0.1365 -0.7251
vn 0.8035 0.1365 -0.5794
vn 0.9011 0.1365 -0.4116
vn 0.9641 0.1365 -0.2278
vn 0.9900 0.1365 -0.0354
vn 0.9779 0.1365 0.1584
vn 0.9282 0.1365 0.3462
vn 0.8428 0.1365 0.5206
vn 0.7251 0.1365 0.6750
vn 0.5794 0.1365 0.8035
vn 0.4116 0.1365 0.9011
vn 0.2278 0.1365 0.9641
vn 0.0354 0.1365 0.9900
vn -0.1584 0.1365 0.9779
vn -0.3462 0.1365 0.9282
vn -0.5206 0.1365 0.8428
vn -0.6750 0.1365 0.7251
vn -0.8035 0.1365 0.5794
vn -0.0000 1.0000 -0.0000
vn -0.9011 0.1365 0.4116
vn -0.9641 0.1365 0.2278
vn -0.0000 -1.0000 -0.0000
vt 1.000000 0.006361
vt 1.000000 0.982363
vt 0.968750 0.982363
vt 0.968750 0.006361
vt 0.937500 0.982363
vt 0.937500 0.006361
vt 0.906250 0.982363
vt 0.906250 0.006361
vt 0.875000 0.982363
vt 0.875000 0.006361
vt 0.843750 0.982363
vt 0.843750 0.006361
vt 0.812500 0.982363
vt 0.812500 0.006361
vt 0.781250 0.982363
vt 0.781250 0.006361
vt 0.750000 0.982363
vt 0.750000 0.006361
vt 0.718750 0.982363
vt 0.718750 0.006361
vt 0.687500 0.982363
vt 0.687500 0.006361
vt 0.656250 0.982363
vt 0.656250 0.006361
vt 0.625000 0.982363
vt 0.625000 0.006361
vt 0.593750 0.982363
vt 0.593750 0.006361
vt 0.562500 0.982363
vt 0.562500 0.006361
vt 0.531250 0.982363
vt 0.531250 0.006361
vt 0.500000 0.982363
vt 0.500000 0.006361
vt 0.468750 0.982363
vt 0.468750 0.006361
vt 0.437500 0.982363
vt 0.437500 0.006361
vt 0.406250 0.982363
vt 0.406250 0.006361
vt 0.375000 0.982363
vt 0.375000 0.006361
vt 0.343750 0.982363
vt 0.343750 0.006361
vt 0.312500 0.982363
vt 0.312500 0.006361
vt 0.281250 0.982363
vt 0.281250 0.006361
vt 0.250000 0.982363
vt 0.250000 0.006361
vt 0.218750 0.982363
vt 0.218750 0.006361
vt 0.187500 0.982363
vt 0.187500 0.006361
vt 0.156250 0.982363
vt 0.156250 0.006361
vt 0.125000 0.982363
vt 0.125000 0.006361
vt 0.093750 0.982363
vt 0.093750 0.006361
vt 0.062500 0.982363
vt 0.062500 0.006361
vt 0.296822 0.485388
vt 0.250000 0.490000
vt 0.203178 0.485388
vt 0.158156 0.471731
vt 0.116663 0.449553
vt 0.080294 0.419706
vt 0.050447 0.383337
vt 0.028269 0.341844
vt 0.014612 0.296822
vt 0.010000 0.250000
vt 0.014612 0.203178
vt 0.028269 0.158156
vt 0.050447 0.116663
vt 0.080294 0.080294
vt 0.116663 0.050447
vt 0.158156 0.028269
vt 0.203178 0.014612
vt 0.250000 0.010000
vt 0.296822 0.014612
vt 0.341844 0.028269
vt 0.383337 0.050447
vt 0.419706 0.080294
vt 0.449553 0.116663
vt 0.471731 0.158156
vt 0.485388 0.203178
vt 0.490000 0.250000
vt 0.485388 0.296822
vt 0.471731 0.341844
vt 0.449553 0.383337
vt 0.419706 0.419706
vt 0.383337 0.449553
vt 0.341844 0.471731
vt 0.031250 0.982363
vt 0.031250 0.006361
vt 0.000000 0.982363
vt 0.000000 0.006361
vt 0.750000 0.490000
vt 0.796822 0.485388
vt 0.841844 0.471731
vt 0.883337 0.449553
vt 0.919706 0.419706
vt 0.949553 0.383337
vt 0.971731 0.341844
vt 0.985388 0.296822
vt 0.990000 0.250000
vt 0.985388 0.203178
vt 0.971731 0.158156
vt 0.949553 0.116663
vt 0.919706 0.080294
vt 0.883337 0.050447
vt 0.841844 0.028269
vt 0.796822 0.014612
vt 0.750000 0.010000
vt 0.703178 0.014612
vt 0.658156 0.028269
vt 0.616663 0.050447
vt 0.580294 0.080294
vt 0.550447 0.116663
vt 0.528269 0.158156
vt 0.514612 0.203178
vt 0.510000 0.250000
vt 0.514612 0.296822
vt 0.528269 0.341844
vt 0.550447 0.383337
vt 0.580294 0.419706
vt 0.616663 0.449553
vt 0.658156 0.471731
vt 0.703178 0.485388
s 0
usemtl Material.002
f 3557/4675/3410 3558/4676/3410 3560/4677/3410 3559/4678/3410
f 3559/4678/3411 3560/4677/3411 3562/4679/3411 3561/4680/3411
f 3561/4680/3412 3562/4679/3412 3564/4681/3412 3563/4682/3412
f 3563/4682/3413 3564/4681/3413 3566/4683/3413 3565/4684/3413
f 3565/4684/3414 3566/4683/3414 3568/4685/3414 3567/4686/3414
f 3567/4686/3415 3568/4685/3415 3570/4687/3415 3569/4688/3415
f 3569/4688/3416 3570/4687/3416 3572/4689/3416 3571/4690/3416
f 3571/4690/3417 3572/4689/3417 3574/4691/3417 3573/4692/3417
f 3573/4692/3418 3574/4691/3418 3576/4693/3418 3575/4694/3418
f 3575/4694/3419 3576/4693/3419 3578/4695/3419 3577/4696/3419
f 3577/4696/3420 3578/4695/3420 3580/4697/3420 3579/4698/3420
f 3579/4698/3421 3580/4697/3421 3582/4699/3421 3581/4700/3421
f 3581/4700/3422 3582/4699/3422 3584/4701/3422 3583/4702/3422
f 3583/4702/3423 3584/4701/3423 3586/4703/3423 3585/4704/3423
f 3585/4704/3424 3586/4703/3424 3588/4705/3424 3587/4706/3424
f 3587/4706/3425 3588/4705/3425 3590/4707/3425 3589/4708/3425
f 3589/4708/3426 3590/4707/3426 3592/4709/3426 3591/4710/3426
f 3591/4710/3427 3592/4709/3427 3594/4711/3427 3593/4712/3427
f 3593/4712/3428 3594/4711/3428 3596/4713/3428 3595/4714/3428
f 3595/4714/3429 3596/4713/3429 3598/4715/3429 3597/4716/3429
f 3597/4716/3430 3598/4715/3430 3600/4717/3430 3599/4718/3430
f 3599/4718/3431 3600/4717/3431 3602/4719/3431 3601/4720/3431
f 3601/4720/3432 3602/4719/3432 3604/4721/3432 3603/4722/3432
f 3603/4722/3433 3604/4721/3433 3606/4723/3433 3605/4724/3433
f 3605/4724/3434 3606/4723/3434 3608/4725/3434 3607/4726/3434
f 3607/4726/3435 3608/4725/3435 3610/4727/3435 3609/4728/3435
f 3609/4728/3436 3610/4727/3436 3612/4729/3436 3611/4730/3436
f 3611/4730/3437 3612/4729/3437 3614/4731/3437 3613/4732/3437
f 3613/4732/3438 3614/4731/3438 3616/4733/3438 3615/4734/3438
f 3615/4734/3439 3616/4733/3439 3618/4735/3439 3617/4736/3439
f 3560/4737/3440 3558/4738/3440 3620/4739/3440 3618/4740/3440 3616/4741/3440 3614/4742/3440 3612/4743/3440 3610/4744/3440 3608/4745/3440 3606/4746/3440 3604/4747/3440 3602/4748/3440 3600/4749/3440 3598/4750/3440 3596/4751/3440 3594/4752/3440 3592/4753/3440 3590/4754/3440 3588/4755/3440 3586/4756/3440 3584/4757/3440 3582/4758/3440 3580/4759/3440 3578/4760/3440 3576/4761/3440 3574/4762/3440 3572/4763/3440 3570/4764/3440 3568/4765/3440 3566/4766/3440 3564/4767/3440 3562/4768/3440
f 3617/4736/3441 3618/4735/3441 3620/4769/3441 3619/4770/3441
f 3619/4770/3442 3620/4769/3442 3558/4771/3442 3557/4772/3442
f 3557/4773/3443 3559/4774/3443 3561/4775/3443 3563/4776/3443 3565/4777/3443 3567/4778/3443 3569/4779/3443 3571/4780/3443 3573/4781/3443 3575/4782/3443 3577/4783/3443 3579/4784/3443 3581/4785/3443 3583/4786/3443 3585/4787/3443 3587/4788/3443 3589/4789/3443 3591/4790/3443 3593/4791/3443 3595/4792/3443 3597/4793/3443 3599/4794/3443 3601/4795/3443 3603/4796/3443 3605/4797/3443 3607/4798/3443 3609/4799/3443 3611/4800/3443 3613/4801/3443 3615/4802/3443 3617/4803/3443 3619/4804/3443
o Sphere.006
v 2.726239 5.941533 2.706461
v 2.697039 5.587452 2.374029
v 2.657247 5.133742 2.202851
v 2.635234 4.890799 2.186974
v 2.612922 4.649478 2.218989
v 2.570812 4.208383 2.419985
v 2.787636 6.137927 3.154651
v 2.828047 6.055382 2.928130
v 2.860749 5.929707 2.721020
v 2.884487 5.765729 2.541280
v 2.898348 5.569752 2.395818
v 2.901799 5.349307 2.290223
v 2.894708 5.112864 2.228553
v 2.877347 4.869511 2.213179
v 2.850383 4.628600 2.244691
v 2.814852 4.399387 2.321878
v 2.772121 4.190683 2.441774
v 2.723830 4.010508 2.599771
v 2.671837 3.865784 2.789798
v 2.618138 3.762075 3.004552
v 2.564798 3.703365 3.235780
v 2.832996 6.134251 3.168910
v 2.917024 6.048170 2.956101
v 2.989925 5.919236 2.761627
v 3.048897 5.752403 2.592963
v 3.091673 5.554082 2.456591
v 3.116611 5.331895 2.357750
v 3.122750 5.094380 2.300240
v 3.109857 4.850665 2.286271
v 3.078425 4.610116 2.316378
v 3.029664 4.381976 2.389406
v 2.965446 4.175014 2.502547
v 2.888240 3.997181 2.651455
v 2.801013 3.855314 2.830406
v 2.707116 3.754863 3.032523
v 2.610158 3.699688 3.250040
v 2.874740 6.131191 3.191769
v 2.998908 6.042170 3.000939
v 3.108802 5.910524 2.826723
v 3.200198 5.741315 2.675814
v 3.269584 5.541044 2.554013
v 3.314295 5.317408 2.466000
v 3.332611 5.079001 2.415158
v 3.323829 4.834984 2.403439
v 3.288286 4.594737 2.431295
v 3.227348 4.367489 2.497655
v 3.143357 4.161975 2.599970
v 3.039541 3.986094 2.734306
v 2.919889 3.846602 2.895501
v 2.789000 3.748862 3.077362
v 2.651902 3.696629 3.272898
v 2.911263 6.128868 3.222348
v 3.070550 6.037611 3.060922
v 3.212811 5.903906 2.913805
v 3.332576 5.732892 2.786649
v 3.425245 5.531139 2.684341
v 3.487256 5.306403 2.610812
v 3.516225 5.067317 2.568889
v 3.511040 4.823072 2.560183
v 3.471900 4.583053 2.585027
v 3.400309 4.356483 2.642467
v 3.299018 4.152071 2.730297
v 3.171919 3.977670 2.845140
v 3.023898 3.839984 2.982583
v 2.860642 3.744304 3.137345
v 2.688426 3.694305 3.303478
v 2.941162 6.127368 3.259472
v 3.129199 6.034669 3.133745
v 3.297955 5.899636 3.019526
v 3.440945 5.727457 2.921207
v 3.552673 5.524749 2.842565
v 3.628846 5.299302 2.786621
v 3.666536 5.059779 2.755527
v 3.664296 4.815386 2.750477
v 3.622211 4.575514 2.771665
v 3.541899 4.349382 2.818276
v 3.426445 4.145680 2.888521
v 3.280288 3.972235 2.979698
v 3.109043 3.835714 3.088305
v 2.919291 3.741362 3.210167
v 2.718324 3.692806 3.340602
v 2.741069 6.174169 3.391877
v 2.963287 6.126750 3.301716
v 3.172600 6.033458 3.216608
v 3.360963 5.897878 3.139826
v 3.521139 5.725219 3.074318
v 3.646971 5.522117 3.022605
v 3.733624 5.296378 2.986671
v 3.777769 5.056675 2.967899
v 3.777708 4.812221 2.967009
v 3.733443 4.572411 2.984036
v 3.646677 4.346458 3.018326
v 3.520743 4.143048 3.068561
v 3.360482 3.969997 3.132810
v 3.172050 3.833956 3.208604
v 2.962691 3.740151 3.293031
v 2.740450 3.692188 3.382845
v 2.976789 6.127039 3.347455
v 3.199085 6.034024 3.306328
v 3.399413 5.898699 3.270079
v 3.570076 5.726264 3.240099
v 3.704515 5.523346 3.217542
v 3.797565 5.297743 3.203274
v 3.845647 5.058125 3.197843
v 3.846916 4.813699 3.201459
v 3.801322 4.573860 3.213981
v 3.710618 4.347824 3.234929
v 3.578288 4.144278 3.263498
v 3.409420 3.971043 3.298590
v 3.210501 3.834777 3.338857
v 2.989176 3.740717 3.382751
v 2.753952 3.692477 3.428584
v 2.981148 6.128222 3.394931
v 3.207636 6.036345 3.399457
v 3.411828 5.902068 3.405280
v 3.585877 5.730552 3.412178
v 3.723095 5.528389 3.419886
v 3.818209 5.303346 3.428106
v 3.867563 5.064073 3.436524
v 3.869261 4.819764 3.444815
v 3.823238 4.579808 3.452661
v 3.731262 4.353427 3.459761
v 3.596868 4.149320 3.465842
v 3.425220 3.975331 3.470669
v 3.222915 3.838146 3.474059
v 2.997728 3.743037 3.475879
v 2.758311 3.693660 3.476061
v 2.976198 6.130254 3.442321
v 3.197925 6.040331 3.492415
v 3.397730 5.907856 3.540235
v 3.567934 5.737918 3.583942
v 3.701996 5.537050 3.621859
v 3.794765 5.312970 3.652527
v 3.842675 5.074290 3.674767
v 3.843885 4.830181 3.687726
v 3.798350 4.590025 3.690905
v 3.707818 4.363051 3.684182
v 3.575768 4.157981 3.667815
v 3.407277 3.982697 3.642434
v 3.208817 3.843934 3.609013
v 2.988017 3.747024 3.568837
v 2.753361 3.695692 3.523450
v 2.962128 6.133058 3.487802
v 3.170325 6.045831 3.581630
v 3.357661 5.915840 3.669755
v 3.516936 5.748080 3.748791
v 3.642028 5.548999 3.815701
v 3.728133 5.326247 3.867912
v 3.771939 5.088384 3.903419
v 3.771763 4.844552 3.920858
v 3.727613 4.604119 3.919557
v 3.641186 4.376328 3.899568
v 3.515801 4.169930 3.861657
v 3.356279 3.992858 3.807283
v 3.168748 3.851917 3.738534
v 2.960417 3.752523 3.658053
v 2.739290 3.698496 3.568932
v 2.939478 6.136525 3.529628
v 3.125897 6.052631 3.663675
v 3.293161 5.925713 3.788866
v 3.434843 5.760646 3.900390
v 3.545497 5.563775 3.993962
v 3.620873 5.342665 4.065985
v 3.658073 5.105814 4.113693
v 3.655666 4.862322 4.135251
v 3.613748 4.621549 4.129830
v 3.533926 4.392746 4.097641
v 3.419270 4.184706 4.039918
v 3.274186 4.005424 3.958881
v 3.104248 3.861790 3.857644
v 2.915988 3.759324 3.740097
v 2.716641 3.701963 3.610758
v 2.909120 6.140522 3.566191
v 3.066347 6.060472 3.735395
v 3.206708 5.937095 3.892987
v 3.324810 5.775133 4.032912
v 3.416113 5.580811 4.149791
v 3.477108 5.361594 4.239134
v 3.505453 5.125908 4.297506
v 3.500057 4.882811 4.322665
v 3.461128 4.641644 4.313644
v 3.390162 4.411674 4.270789
v 3.289886 4.201742 4.195747
v 3.164153 4.019912 4.091403
v 3.017796 3.873173 3.961766
v 2.856439 3.767165 3.811818
v 2.686283 3.705960 3.647321
v 2.872220 6.144896 3.596086
v 2.993966 6.069051 3.794035
v 3.101626 5.949551 3.978120
v 3.191066 5.790986 4.141265
v 3.258846 5.599451 4.277201
v 3.302363 5.382306 4.380704
v 3.319944 5.147896 4.447796
v 3.310914 4.905230 4.475899
v 3.275619 4.663632 4.463934
v 3.215416 4.432387 4.412359
v 3.132619 4.220382 4.323157
v 3.030409 4.035764 4.199756
v 2.912714 3.885628 4.046898
v 2.784057 3.775744 3.870458
v 2.649383 3.710333 3.677215
v 2.830196 6.149478 3.618163
v 2.911533 6.078039 3.837342
v 2.981952 5.962600 4.040991
v 3.038750 5.807594 4.221285
v 3.079741 5.618980 4.371294
v 3.103353 5.404006 4.485255
v 3.108676 5.170932 4.558787
v 3.095506 4.928717 4.589065
v 3.064351 4.686668 4.574924
v 3.016406 4.454087 4.516910
v 2.953514 4.239911 4.417251
v 2.878093 4.052372 4.279777
v 2.793040 3.898677 4.109770
v 2.701624 3.784732 3.913764
v 2.607359 3.714916 3.699293
v 2.784664 6.154092 3.631575
v 2.822217 6.087091 3.863651
v 2.852286 5.975741 4.079185
v 2.873715 5.824320 4.269897
v 2.885682 5.638648 4.428456
v 2.887725 5.425859 4.548769
v 2.879767 5.194132 4.626214
v 2.862113 4.952371 4.657812
v 2.835442 4.709867 4.642351
v 2.800778 4.475940 4.580425
v 2.759454 4.259579 4.474412
v 2.713058 4.069098 4.328388
v 2.663373 3.911819 4.147964
v 2.612309 3.793784 3.940073
v 2.561826 3.719530 3.712705
v 2.737371 6.158562 3.635806
v 2.729450 6.095859 3.871950
v 2.717609 5.988469 4.091234
v 2.702305 5.840520 4.285233
v 2.684124 5.657697 4.446489
v 2.663766 5.447026 4.568807
v 2.642013 5.216602 4.647485
v 2.619701 4.975282 4.679500
v 2.597688 4.732338 4.663622
v 2.576819 4.497107 4.600462
v 2.557897 4.278628 4.492445
v 2.541648 4.085299 4.343724
v 2.528697 3.924547 4.160013
v 2.519542 3.802552 3.948373
v 2.514534 3.724000 3.716936
v 2.690138 6.162715 3.630694
v 2.636797 6.104005 3.861922
v 2.583099 6.000296 4.076675
v 2.531105 5.855573 4.266703
v 2.482815 5.675397 4.424700
v 2.440084 5.466693 4.544596
v 2.404553 5.237481 4.621783
v 2.377589 4.996569 4.653295
v 2.360228 4.753216 4.637920
v 2.353137 4.516774 4.576251
v 2.356587 4.296328 4.470656
v 2.370448 4.100351 4.325194
v 2.394186 3.936374 4.145454
v 2.426889 3.810698 3.938344
v 2.467300 3.728153 3.711823
v 2.644777 6.166392 3.616434
v 2.547820 6.111217 3.833951
v 2.453923 6.010767 4.036068
v 2.366696 5.868899 4.215019
v 2.289490 5.691067 4.363926
v 2.225272 5.484104 4.477068
v 2.176511 5.255965 4.550096
v 2.145079 5.015415 4.580203
v 2.132185 4.771700 4.566234
v 2.138325 4.534185 4.508723
v 2.163263 4.311998 4.409883
v 2.206039 4.113678 4.273510
v 2.265011 3.946844 4.104846
v 2.337912 3.817910 3.910373
v 2.421940 3.731830 3.697564
v 2.603034 6.169451 3.593576
v 2.465936 6.117218 3.789112
v 2.335047 6.019478 3.970973
v 2.215395 5.879987 4.132168
v 2.111579 5.704105 4.266504
v 2.027588 5.498591 4.368818
v 1.966650 5.271344 4.435178
v 1.931107 5.031096 4.463034
v 1.922325 4.787079 4.451316
v 1.940641 4.548672 4.400474
v 1.985351 4.325036 4.312460
v 2.054738 4.124765 4.190660
v 2.146134 3.955556 4.039751
v 2.256028 3.823911 3.865535
v 2.380196 3.734889 3.674706
v 2.566510 6.171775 3.562997
v 2.394294 6.121777 3.729129
v 2.231038 6.026096 3.883891
v 2.083016 5.888410 4.021334
v 1.955918 5.714009 4.136177
v 1.854627 5.509597 4.224007
v 1.783036 5.283027 4.281447
v 1.743896 5.043008 4.306291
v 1.738711 4.798763 4.297585
v 1.767680 4.559678 4.255662
v 1.829691 4.334941 4.182133
v 1.922360 4.133188 4.079825
v 2.042125 3.962174 3.952669
v 2.184385 3.828469 3.805552
v 2.343673 3.737213 3.644126
v 2.513866 3.691911 3.474597
v 2.536612 6.173275 3.525872
v 2.335645 6.124718 3.656307
v 2.145894 6.030366 3.778169
v 1.974648 5.893845 3.886776
v 1.828490 5.720400 3.977953
v 1.713037 5.516698 4.048198
v 1.632725 5.290566 4.094809
v 1.590640 5.050694 4.115996
v 1.588400 4.806301 4.110947
v 1.626090 4.566779 4.079853
v 1.702263 4.341331 4.023910
v 1.813991 4.138623 3.945267
v 1.956981 3.966444 3.846947
v 2.125737 3.831411 3.732729
v 2.313774 3.738712 3.607002
v 2.514486 6.173892 3.483629
v 2.292244 6.125929 3.573443
v 2.082886 6.032125 3.657870
v 1.894454 5.896083 3.733664
v 1.734193 5.723032 3.797913
v 1.608259 5.519622 3.848148
v 1.521492 5.293670 3.882437
v 1.477229 5.053859 3.899464
v 1.477167 4.809405 3.898575
v 1.521312 4.569703 3.879803
v 1.607965 4.343963 3.843869
v 1.733797 4.140862 3.792156
v 1.893973 3.968203 3.726648
v 2.082336 3.832622 3.649866
v 2.291649 3.739330 3.564758
v 2.500984 6.173604 3.437890
v 2.265760 6.125363 3.483724
v 2.044436 6.031303 3.527617
v 1.845516 5.895038 3.567884
v 1.676648 5.721803 3.602976
v 1.544319 5.518256 3.631545
v 1.453614 5.292220 3.652493
v 1.408021 5.052381 3.665015
v 1.409289 4.807956 3.668631
v 1.457372 4.568337 3.663200
v 1.550421 4.342734 3.648932
v 1.684860 4.139816 3.626375
v 1.855523 3.967381 3.596395
v 2.055851 3.832056 3.560146
v 2.278147 3.739041 3.519020
v 2.496625 6.172421 3.390414
v 2.257208 6.123043 3.390595
v 2.032021 6.027934 3.392416
v 1.829716 5.890749 3.395805
v 1.658068 5.716761 3.400632
v 1.523674 5.512653 3.406713
v 1.431698 5.286273 3.413813
v 1.385675 5.046317 3.421659
v 1.387373 4.802008 3.429950
v 1.436727 4.562735 3.438368
v 1.531841 4.337692 3.446589
v 1.669059 4.135528 3.454296
v 1.843109 3.964012 3.461194
v 2.047300 3.829736 3.467018
v 2.273787 3.737858 3.471543
v 2.501575 6.170388 3.343024
v 2.266919 6.119056 3.297637
v 2.046119 6.022147 3.257461
v 1.847659 5.883383 3.224041
v 1.679168 5.708098 3.198659
v 1.547118 5.503029 3.182292
v 1.456586 5.276055 3.175569
v 1.411051 5.035899 3.178748
v 1.412261 4.791790 3.191706
v 1.460171 4.553110 3.213947
v 1.552940 4.329030 3.244615
v 1.687002 4.128162 3.282532
v 1.857207 3.958225 3.326240
v 2.057011 3.825749 3.374059
v 2.278738 3.735826 3.424154
v 2.515646 6.167584 3.297542
v 2.294519 6.113557 3.208421
v 2.086188 6.014163 3.127940
v 1.898657 5.873222 3.059191
v 1.739135 5.696150 3.004817
v 1.613750 5.489753 2.966907
v 1.527323 5.261961 2.946917
v 1.483173 5.021529 2.945616
v 1.482998 4.777696 2.963055
v 1.526803 4.539834 2.998562
v 1.612908 4.317081 3.050773
v 1.738000 4.118001 3.117683
v 1.897275 3.950241 3.196719
v 2.084611 3.820250 3.284844
v 2.292808 3.733022 3.378672
v 2.538295 6.164118 3.255716
v 2.338948 6.106756 3.126377
v 2.150688 6.004290 3.008830
v 1.980750 5.860656 2.907593
v 1.835666 5.681374 2.826556
v 1.721010 5.473334 2.768834
v 1.641189 5.244532 2.736644
v 1.599270 5.003758 2.731224
v 1.596863 4.760267 2.752782
v 1.634063 4.523416 2.800489
v 1.709439 4.302306 2.872513
v 1.820093 4.105434 2.966084
v 1.961775 3.940368 3.077609
v 2.129039 3.813449 3.202800
v 2.315458 3.729555 3.336846
v 2.568653 6.160120 3.219154
v 2.398497 6.098916 3.054657
v 2.237140 5.992907 2.904708
v 2.090783 5.846169 2.775071
v 1.965051 5.664339 2.670727
v 1.864774 5.454406 2.595685
v 1.793808 5.224437 2.552830
v 1.754880 4.983269 2.543809
v 1.749483 4.740172 2.568968
v 1.777828 4.504487 2.627341
v 1.838824 4.285270 2.716683
v 1.930126 4.090947 2.833562
v 2.048228 3.928985 2.973487
v 2.188588 3.805608 3.131079
v 2.345816 3.725558 3.300283
v 2.605553 6.155747 3.189259
v 2.470879 6.090336 2.996016
v 2.342222 5.980452 2.819576
v 2.224527 5.830316 2.666718
v 2.122317 5.645698 2.543317
v 2.039520 5.433693 2.454115
v 1.979317 5.202448 2.402541
v 1.944023 4.960851 2.390575
v 1.934992 4.718184 2.418678
v 1.952573 4.483774 2.485771
v 1.996090 4.266629 2.589273
v 2.063870 4.075094 2.725209
v 2.153310 3.916530 2.888355
v 2.260970 3.797029 3.072439
v 2.382715 3.721185 3.270389
v 2.647577 6.151165 3.167181
v 2.553311 6.081348 2.952710
v 2.461896 5.967403 2.756705
v 2.376843 5.813708 2.586698
v 2.301422 5.626169 2.449224
v 2.238530 5.411994 2.349564
v 2.190585 5.179412 2.291550
v 2.159430 4.937363 2.277411
v 2.146260 4.695148 2.307688
v 2.151583 4.462074 2.381219
v 2.175195 4.247100 2.495180
v 2.216186 4.058486 2.645189
v 2.272984 3.903481 2.825483
v 2.343403 3.788041 3.029132
v 2.424739 3.716602 3.248311
v 2.693110 6.146550 3.153770
v 2.642627 6.072296 2.926401
v 2.591563 5.954262 2.718511
v 2.541877 5.796982 2.538086
v 2.495482 5.606502 2.392062
v 2.454158 5.390141 2.286050
v 2.419495 5.156213 2.224123
v 2.392824 4.913710 2.208663
v 2.375169 4.671948 2.240261
v 2.367211 4.440221 2.317705
v 2.369254 4.227433 2.438019
v 2.381221 4.041760 2.596577
v 2.402650 3.890339 2.787289
v 2.432719 3.778989 3.002824
v 2.470272 3.711988 3.234899
v 2.740402 6.142080 3.149539
v 2.735394 6.063529 2.918102
v 2.713288 5.780782 2.522750
v 2.678116 5.368974 2.266013
v 2.591169 4.419055 2.297668
v 2.552631 4.025560 2.581242
v 2.537327 3.877611 2.775240
v 2.525486 3.770221 2.994524
v 2.517564 3.707518 3.230668
vn -0.0569 -0.9645 -0.2580
vn 0.1122 0.0547 -0.9922
vn 0.1009 0.9863 -0.1309
vn -0.0804 -0.9946 -0.0649
vn 0.0944 -0.1395 -0.9857
vn 0.1174 0.9396 -0.3215
vn 0.0730 -0.3284 -0.9417
vn 0.1294 0.8567 -0.4994
vn 0.0489 -0.5050 -0.8617
vn 0.1363 0.7408 -0.6578
vn 0.0228 -0.6626 -0.7486
vn 0.1380 0.5966 -0.7906
vn -0.0042 -0.7950 -0.6066
vn 0.1344 0.4298 -0.8929
vn -0.0311 -0.8970 -0.4410
vn 0.1257 0.2468 -0.9609
vn 0.3033 0.4155 -0.8575
vn 0.0593 -0.9046 -0.4220
vn 0.3088 0.2314 -0.9226
vn -0.0011 -0.9692 -0.2463
vn 0.3025 0.0386 -0.9524
vn 0.1197 0.9847 -0.1269
vn -0.0616 -0.9962 -0.0609
vn 0.2847 -0.1556 -0.9459
vn 0.1732 0.9349 -0.3098
vn 0.2561 -0.3439 -0.9034
vn 0.2199 0.8490 -0.4805
vn 0.2177 -0.5193 -0.8264
vn 0.2580 0.7305 -0.6323
vn 0.1709 -0.6751 -0.7177
vn 0.2861 0.5841 -0.7596
vn 0.1174 -0.8053 -0.5812
vn 0.4283 -0.3572 -0.8300
vn 0.3050 0.8424 -0.4442
vn 0.3765 -0.5316 -0.7587
vn 0.3724 0.7216 -0.5836
vn 0.3102 -0.6859 -0.6583
vn 0.4255 0.5733 -0.7002
vn 0.2319 -0.8141 -0.5324
vn 0.4621 0.4032 -0.7899
vn 0.1445 -0.9112 -0.3858
vn 0.4810 0.2180 -0.8492
vn 0.0513 -0.9732 -0.2240
vn 0.4815 0.0247 -0.8761
vn 0.1374 0.9833 -0.1194
vn -0.0439 -0.9976 -0.0534
vn 0.4638 -0.1694 -0.8696
vn 0.2256 0.9308 -0.2874
vn 0.2209 -0.9165 -0.3335
vn 0.6357 0.2074 -0.7435
vn 0.0985 -0.9765 -0.1918
vn 0.6424 0.0137 -0.7662
vn 0.1534 0.9822 -0.1085
vn -0.0280 -0.9987 -0.0425
vn 0.6246 -0.1805 -0.7598
vn 0.2727 0.9276 -0.2553
vn 0.5831 -0.3679 -0.7244
vn 0.3815 0.8372 -0.3920
vn 0.5192 -0.5414 -0.6613
vn 0.4753 0.7145 -0.5134
vn 0.4354 -0.6945 -0.5728
vn 0.5506 0.5647 -0.6148
vn 0.3347 -0.8212 -0.4622
vn 0.6048 0.3934 -0.6924
vn 0.6403 -0.5484 -0.5378
vn 0.5625 0.7095 -0.4244
vn 0.5416 -0.7006 -0.4645
vn 0.6569 0.5586 -0.5065
vn 0.4220 -0.8262 -0.3732
vn 0.7259 0.3864 -0.5690
vn 0.2858 -0.9202 -0.2674
vn 0.7670 0.1998 -0.6097
vn 0.1385 -0.9788 -0.1510
vn 0.7789 0.0058 -0.6271
vn 0.1669 0.9814 -0.0947
vn -0.0145 -0.9995 -0.0287
vn 0.7612 -0.1884 -0.6206
vn 0.3127 0.9253 -0.2145
vn 0.7144 -0.3754 -0.5905
vn 0.4464 0.8334 -0.3258
vn 0.1698 -0.9801 -0.1033
vn 0.8859 0.0015 -0.4640
vn 0.1774 0.9810 -0.0786
vn -0.0039 -0.9999 -0.0126
vn 0.8681 -0.1927 -0.4575
vn 0.3441 0.9240 -0.1667
vn 0.8172 -0.3796 -0.4336
vn 0.4972 0.8314 -0.2483
vn 0.7352 -0.5522 -0.3931
vn 0.6309 0.7067 -0.3201
vn 0.6249 -0.7040 -0.3376
vn 0.7401 0.5552 -0.3795
vn 0.4903 -0.8290 -0.2689
vn 0.8207 0.3826 -0.4243
vn 0.3367 -0.9223 -0.1898
vn 0.8699 0.1957 -0.4528
vn 0.6777 0.7063 -0.2045
vn 0.6818 -0.7045 -0.1968
vn 0.7971 0.5546 -0.2388
vn 0.5371 -0.8294 -0.1533
vn 0.8857 0.3820 -0.2639
vn 0.3715 -0.9226 -0.1038
vn 0.9403 0.1950 -0.2788
vn 0.1912 -0.9803 -0.0503
vn 0.9591 0.0008 -0.2831
vn 0.1847 0.9809 -0.0607
vn 0.0034 -1.0000 0.0053
vn 0.9413 -0.1934 -0.2767
vn 0.3655 0.9238 -0.1137
vn 0.8877 -0.3803 -0.2596
vn 0.5320 0.8310 -0.1623
vn 0.8001 -0.5528 -0.2327
vn 0.9958 0.0038 -0.0915
vn 0.1883 0.9812 -0.0417
vn 0.0070 -0.9997 0.0243
vn 0.9780 -0.1904 -0.0851
vn 0.3763 0.9247 -0.0576
vn 0.9230 -0.3774 -0.0753
vn 0.5495 0.8325 -0.0712
vn 0.8327 -0.5502 -0.0628
vn 0.7012 0.7082 -0.0820
vn 0.7104 -0.7022 -0.0477
vn 0.8257 0.5570 -0.0897
vn 0.5606 -0.8275 -0.0309
vn 0.9183 0.3847 -0.0939
vn 0.3890 -0.9212 -0.0128
vn 0.9757 0.1979 -0.0945
vn 0.2020 -0.9794 0.0059
vn 0.7095 -0.6970 0.1040
vn 0.8247 0.5621 0.0620
vn 0.5598 -0.8233 0.0938
vn 0.9172 0.3905 0.0791
vn 0.3884 -0.9180 0.0799
vn 0.9745 0.2043 0.0930
vn 0.2016 -0.9774 0.0630
vn 0.9946 0.0104 0.1035
vn 0.1882 0.9819 -0.0224
vn 0.0069 -0.9990 0.0436
vn 0.9768 -0.1838 0.1099
vn 0.3759 0.9267 -0.0005
vn 0.9218 -0.3710 0.1122
vn 0.5489 0.8356 0.0215
vn 0.8316 -0.5443 0.1102
vn 0.7004 0.7125 0.0426
vn 0.1843 0.9829 -0.0036
vn 0.0030 -0.9980 0.0625
vn 0.9377 -0.1738 0.3008
vn 0.3645 0.9296 0.0555
vn 0.8842 -0.3614 0.2958
vn 0.5303 0.8403 0.1123
vn 0.7969 -0.5355 0.2796
vn 0.6754 0.7188 0.1646
vn 0.6790 -0.6893 0.2526
vn 0.7943 0.5699 0.2106
vn 0.5348 -0.8169 0.2158
vn 0.8825 0.3994 0.2484
vn 0.3698 -0.9133 0.1707
vn 0.9369 0.2138 0.2767
vn 0.1902 -0.9745 0.1189
vn 0.9555 0.0204 0.2943
vn 0.7356 0.5799 0.3502
vn 0.4866 -0.8087 0.3305
vn 0.8156 0.4108 0.4076
vn 0.3339 -0.9072 0.2560
vn 0.8643 0.2262 0.4493
vn 0.1681 -0.9707 0.1715
vn 0.8800 0.0333 0.4738
vn 0.1769 0.9841 0.0142
vn -0.0045 -0.9968 0.0802
vn 0.8622 -0.1609 0.4803
vn 0.3424 0.9333 0.1080
vn 0.8116 -0.3490 0.4684
vn 0.4944 0.8465 0.1976
vn 0.7300 -0.5240 0.4387
vn 0.6272 0.7271 0.2794
vn 0.6203 -0.6793 0.3922
vn 0.7533 -0.1456 0.6414
vn 0.3104 0.9378 0.1552
vn 0.7068 -0.3343 0.6234
vn 0.4426 0.8538 0.2742
vn 0.6333 -0.5104 0.5817
vn 0.5575 0.7369 0.3824
vn 0.5355 -0.6673 0.5176
vn 0.6508 0.5918 0.4756
vn 0.4170 -0.7989 0.4335
vn 0.7189 0.4244 0.5505
vn 0.2821 -0.8999 0.3326
vn 0.7595 0.2410 0.6042
vn 0.1362 -0.9663 0.2187
vn 0.7711 0.0486 0.6349
vn 0.1661 0.9857 0.0301
vn -0.0152 -0.9952 0.0962
vn 0.3286 -0.7879 0.5209
vn 0.5963 0.4397 0.6717
vn 0.2164 -0.8917 0.3976
vn 0.6265 0.2575 0.7356
vn 0.0957 -0.9612 0.2587
vn 0.6328 0.0658 0.7715
vn 0.1524 0.9874 0.0437
vn -0.0289 -0.9935 0.1097
vn 0.6151 -0.1284 0.7780
vn 0.2699 0.9429 0.1952
vn 0.5738 -0.3177 0.7548
vn 0.3769 0.8619 0.3391
vn 0.5107 -0.4952 0.7028
vn 0.4691 0.7479 0.4697
vn 0.4279 -0.6539 0.6239
vn 0.5432 0.6052 0.5819
vn 0.4178 -0.3000 0.8576
vn 0.2998 0.8707 0.3899
vn 0.3668 -0.4788 0.7976
vn 0.3654 0.7596 0.5380
vn 0.3017 -0.6396 0.7070
vn 0.4169 0.6196 0.6651
vn 0.2249 -0.7761 0.5891
vn 0.4524 0.4560 0.7664
vn 0.1393 -0.8829 0.4483
vn 0.4705 0.2752 0.8384
vn 0.0481 -0.9558 0.2900
vn 0.4706 0.0842 0.8783
vn 0.1363 0.9892 0.0542
vn -0.0450 -0.9917 0.1202
vn 0.4528 -0.1100 0.8848
vn 0.2224 0.9483 0.2265
vn 0.0537 -0.8740 0.4830
vn 0.2974 0.2934 0.9086
vn -0.0046 -0.9503 0.3114
vn 0.2906 0.1031 0.9513
vn 0.1185 0.9910 0.0614
vn -0.0628 -0.9899 0.1275
vn 0.2729 -0.0911 0.9577
vn 0.1697 0.9538 0.2479
vn 0.2447 -0.2819 0.9277
vn 0.2142 0.8797 0.4246
vn 0.2072 -0.4621 0.8623
vn 0.2504 0.7717 0.5846
vn 0.1616 -0.6249 0.7638
vn 0.2769 0.6343 0.7218
vn 0.1098 -0.7640 0.6358
vn 0.2927 0.4728 0.8312
vn 0.1235 0.8886 0.4418
vn 0.0379 -0.4455 0.8945
vn 0.1284 0.7837 0.6078
vn 0.0132 -0.6104 0.7920
vn 0.1284 0.6488 0.7500
vn -0.0121 -0.7521 0.6590
vn 0.1235 0.4893 0.8633
vn -0.0370 -0.8651 0.5003
vn 0.1138 0.3114 0.9434
vn -0.0605 -0.9448 0.3220
vn 0.0999 0.1218 0.9875
vn 0.0997 0.9929 0.0650
vn -0.0817 -0.9880 0.1311
vn 0.0821 -0.0724 0.9940
vn 0.1138 0.9593 0.2585
vn 0.0612 -0.2639 0.9626
vn -0.0730 0.3284 0.9417
vn -0.1174 -0.9396 0.3215
vn -0.0944 0.1395 0.9857
vn 0.0804 0.9946 0.0649
vn -0.1009 -0.9863 0.1309
vn -0.1122 -0.0547 0.9922
vn 0.0569 0.9645 0.2580
vn -0.1257 -0.2468 0.9609
vn 0.0311 0.8970 0.4410
vn -0.1344 -0.4298 0.8929
vn 0.0042 0.7950 0.6066
vn -0.1380 -0.5966 0.7906
vn -0.0228 0.6626 0.7486
vn -0.1363 -0.7408 0.6578
vn -0.0489 0.5050 0.8617
vn -0.1294 -0.8567 0.4994
vn -0.3033 -0.4155 0.8575
vn -0.1174 0.8053 0.5812
vn -0.2861 -0.5841 0.7596
vn -0.1709 0.6751 0.7177
vn -0.2580 -0.7305 0.6323
vn -0.2177 0.5193 0.8264
vn -0.2199 -0.8490 0.4805
vn -0.2561 0.3439 0.9034
vn -0.1732 -0.9349 0.3098
vn -0.2847 0.1556 0.9459
vn 0.0616 0.9962 0.0609
vn -0.1197 -0.9847 0.1269
vn -0.3025 -0.0386 0.9524
vn 0.0011 0.9692 0.2463
vn -0.3088 -0.2314 0.9226
vn -0.0593 0.9046 0.4220
vn -0.2256 -0.9308 0.2874
vn -0.4638 0.1694 0.8696
vn 0.0439 0.9976 0.0534
vn -0.1374 -0.9833 0.1194
vn -0.4815 -0.0247 0.8761
vn -0.0513 0.9732 0.2240
vn -0.4810 -0.2180 0.8492
vn -0.1445 0.9112 0.3858
vn -0.4621 -0.4032 0.7899
vn -0.2319 0.8141 0.5324
vn -0.4255 -0.5733 0.7002
vn -0.3102 0.6859 0.6583
vn -0.3724 -0.7216 0.5836
vn -0.3765 0.5316 0.7587
vn -0.3050 -0.8424 0.4442
vn -0.4283 0.3572 0.8300
vn -0.3347 0.8212 0.4622
vn -0.5506 -0.5647 0.6148
vn -0.4354 0.6945 0.5728
vn -0.4753 -0.7145 0.5134
vn -0.5192 0.5414 0.6613
vn -0.3815 -0.8372 0.3920
vn -0.5831 0.3679 0.7244
vn -0.2727 -0.9276 0.2553
vn -0.6246 0.1805 0.7598
vn 0.0280 0.9987 0.0425
vn -0.1534 -0.9822 0.1085
vn -0.6424 -0.0137 0.7662
vn -0.0985 0.9765 0.1918
vn -0.6357 -0.2074 0.7435
vn -0.2209 0.9165 0.3335
vn -0.6048 -0.3934 0.6924
vn -0.7612 0.1884 0.6206
vn 0.0145 0.9995 0.0287
vn -0.1669 -0.9814 0.0947
vn -0.7789 -0.0058 0.6271
vn -0.1385 0.9788 0.1510
vn -0.7670 -0.1998 0.6097
vn -0.2858 0.9202 0.2674
vn -0.7259 -0.3864 0.5690
vn -0.4220 0.8262 0.3732
vn -0.6569 -0.5586 0.5065
vn -0.5416 0.7006 0.4645
vn -0.5625 -0.7095 0.4244
vn -0.6403 0.5484 0.5378
vn -0.4464 -0.8334 0.3258
vn -0.7144 0.3754 0.5905
vn -0.3127 -0.9253 0.2145
vn -0.7401 -0.5552 0.3795
vn -0.6249 0.7040 0.3376
vn -0.6309 -0.7067 0.3201
vn -0.7352 0.5522 0.3931
vn -0.4972 -0.8314 0.2483
vn -0.8172 0.3796 0.4336
vn -0.3441 -0.9240 0.1667
vn -0.8681 0.1927 0.4575
vn 0.0039 0.9999 0.0126
vn -0.1774 -0.9810 0.0786
vn -0.8859 -0.0015 0.4640
vn -0.1698 0.9801 0.1033
vn -0.8699 -0.1957 0.4528
vn -0.3367 0.9223 0.1898
vn -0.8207 -0.3826 0.4243
vn -0.4903 0.8290 0.2689
vn -0.1847 -0.9809 0.0607
vn -0.9591 -0.0008 0.2831
vn -0.1912 0.9803 0.0503
vn -0.9403 -0.1950 0.2788
vn -0.3715 0.9226 0.1038
vn -0.8857 -0.3820 0.2639
vn -0.5371 0.8294 0.1533
vn -0.7971 -0.5546 0.2388
vn -0.6818 0.7045 0.1968
vn -0.6777 -0.7063 0.2045
vn -0.8001 0.5528 0.2327
vn -0.5320 -0.8310 0.1623
vn -0.8877 0.3803 0.2596
vn -0.3655 -0.9238 0.1137
vn -0.9413 0.1934 0.2767
vn -0.0034 1.0000 -0.0053
vn -0.7012 -0.7082 0.0820
vn -0.8327 0.5502 0.0628
vn -0.5495 -0.8325 0.0712
vn -0.9230 0.3774 0.0753
vn -0.3763 -0.9247 0.0576
vn -0.9780 0.1904 0.0851
vn -0.0070 0.9997 -0.0243
vn -0.1883 -0.9812 0.0417
vn -0.9958 -0.0038 0.0915
vn -0.2020 0.9794 -0.0059
vn -0.9757 -0.1979 0.0945
vn -0.3890 0.9212 0.0128
vn -0.9183 -0.3847 0.0939
vn -0.5606 0.8275 0.0309
vn -0.8257 -0.5570 0.0897
vn -0.7104 0.7022 0.0477
vn -0.2016 0.9774 -0.0630
vn -0.9745 -0.2043 -0.0930
vn -0.3884 0.9180 -0.0799
vn -0.9172 -0.3905 -0.0791
vn -0.5598 0.8233 -0.0938
vn -0.8247 -0.5621 -0.0620
vn -0.7095 0.6970 -0.1040
vn -0.7004 -0.7125 -0.0426
vn -0.8316 0.5443 -0.1102
vn -0.5489 -0.8356 -0.0215
vn -0.9218 0.3710 -0.1122
vn -0.3759 -0.9267 0.0005
vn -0.9768 0.1838 -0.1099
vn -0.0069 0.9990 -0.0436
vn -0.1882 -0.9819 0.0224
vn -0.9946 -0.0104 -0.1035
vn -0.7969 0.5355 -0.2795
vn -0.5303 -0.8403 -0.1123
vn -0.8842 0.3614 -0.2958
vn -0.3645 -0.9296 -0.0555
vn -0.9377 0.1738 -0.3008
vn -0.0030 0.9980 -0.0625
vn -0.1843 -0.9829 0.0036
vn -0.9555 -0.0204 -0.2943
vn -0.1902 0.9745 -0.1189
vn -0.9369 -0.2138 -0.2767
vn -0.3698 0.9133 -0.1707
vn -0.8825 -0.3994 -0.2484
vn -0.5348 0.8169 -0.2158
vn -0.7943 -0.5699 -0.2106
vn -0.6790 0.6893 -0.2526
vn -0.6754 -0.7188 -0.1646
vn -0.8643 -0.2262 -0.4493
vn -0.3339 0.9072 -0.2560
vn -0.8156 -0.4108 -0.4076
vn -0.4866 0.8087 -0.3305
vn -0.7356 -0.5799 -0.3502
vn -0.6203 0.6793 -0.3922
vn -0.6272 -0.7271 -0.2794
vn -0.7300 0.5240 -0.4387
vn -0.4944 -0.8465 -0.1976
vn -0.8116 0.3490 -0.4684
vn -0.3424 -0.9333 -0.1080
vn -0.8622 0.1609 -0.4803
vn 0.0045 0.9968 -0.0802
vn -0.1769 -0.9841 -0.0142
vn -0.8800 -0.0332 -0.4738
vn -0.1681 0.9707 -0.1715
vn -0.4426 -0.8538 -0.2742
vn -0.7068 0.3343 -0.6234
vn -0.3104 -0.9378 -0.1552
vn -0.7533 0.1456 -0.6414
vn 0.0152 0.9952 -0.0962
vn -0.1661 -0.9857 -0.0301
vn -0.7711 -0.0486 -0.6349
vn -0.1362 0.9663 -0.2187
vn -0.7595 -0.2410 -0.6042
vn -0.2821 0.8999 -0.3326
vn -0.7189 -0.4244 -0.5505
vn -0.4170 0.7989 -0.4335
vn -0.6508 -0.5918 -0.4756
vn -0.5355 0.6673 -0.5176
vn -0.5575 -0.7369 -0.3824
vn -0.6333 0.5104 -0.5817
vn -0.2164 0.8917 -0.3976
vn -0.5963 -0.4397 -0.6717
vn -0.3286 0.7879 -0.5209
vn -0.5432 -0.6052 -0.5819
vn -0.4279 0.6539 -0.6239
vn -0.4691 -0.7479 -0.4697
vn -0.5107 0.4952 -0.7028
vn -0.3769 -0.8619 -0.3391
vn -0.5738 0.3177 -0.7548
vn -0.2699 -0.9429 -0.1952
vn -0.6151 0.1284 -0.7780
vn 0.0289 0.9935 -0.1097
vn -0.1524 -0.9874 -0.0437
vn -0.6328 -0.0658 -0.7715
vn -0.0957 0.9612 -0.2587
vn -0.6265 -0.2575 -0.7356
vn -0.4178 0.3000 -0.8576
vn -0.2224 -0.9483 -0.2265
vn -0.4528 0.1100 -0.8848
vn 0.0450 0.9917 -0.1202
vn -0.1363 -0.9892 -0.0542
vn -0.4706 -0.0842 -0.8783
vn -0.0481 0.9558 -0.2900
vn -0.4705 -0.2752 -0.8384
vn -0.1393 0.8829 -0.4483
vn -0.4524 -0.4560 -0.7664
vn -0.2249 0.7761 -0.5891
vn -0.4169 -0.6196 -0.6651
vn -0.3017 0.6396 -0.7070
vn -0.3654 -0.7596 -0.5380
vn -0.3668 0.4788 -0.7976
vn -0.2998 -0.8707 -0.3899
vn -0.2927 -0.4728 -0.8311
vn -0.1098 0.7640 -0.6358
vn -0.2769 -0.6343 -0.7218
vn -0.1616 0.6249 -0.7638
vn -0.2504 -0.7717 -0.5846
vn -0.2072 0.4621 -0.8623
vn -0.2142 -0.8797 -0.4246
vn -0.2447 0.2819 -0.9277
vn -0.1697 -0.9538 -0.2479
vn -0.2729 0.0911 -0.9577
vn 0.0628 0.9899 -0.1275
vn -0.1185 -0.9910 -0.0614
vn -0.2906 -0.1031 -0.9513
vn 0.0046 0.9503 -0.3114
vn -0.2974 -0.2934 -0.9086
vn -0.0537 0.8740 -0.4830
vn -0.1138 -0.9593 -0.2585
vn -0.0821 0.0724 -0.9940
vn 0.0816 0.9880 -0.1311
vn -0.0997 -0.9929 -0.0650
vn -0.0999 -0.1218 -0.9875
vn 0.0605 0.9448 -0.3220
vn -0.1138 -0.3114 -0.9434
vn 0.0370 0.8651 -0.5003
vn -0.1235 -0.4893 -0.8633
vn 0.0121 0.7521 -0.6590
vn -0.1284 -0.6488 -0.7500
vn -0.0132 0.6104 -0.7920
vn -0.1284 -0.7837 -0.6078
vn -0.0379 0.4455 -0.8945
vn -0.1235 -0.8886 -0.4418
vn -0.0612 0.2639 -0.9626
vt 0.750000 0.062500
vt 0.750000 0.125000
vt 0.718750 0.125000
vt 0.718750 0.062500
vt 0.750000 0.500000
vt 0.750000 0.562500
vt 0.718750 0.562500
vt 0.718750 0.500000
vt 0.750000 0.937500
vt 0.734375 1.000000
vt 0.718750 0.937500
vt 0.734375 0.000000
vt 0.750000 0.437500
vt 0.718750 0.437500
vt 0.750000 0.875000
vt 0.718750 0.875000
vt 0.750000 0.375000
vt 0.718750 0.375000
vt 0.750000 0.812500
vt 0.718750 0.812500
vt 0.750000 0.312500
vt 0.718750 0.312500
vt 0.750000 0.750000
vt 0.718750 0.750000
vt 0.750000 0.250000
vt 0.718750 0.250000
vt 0.750000 0.687500
vt 0.718750 0.687500
vt 0.750000 0.187500
vt 0.718750 0.187500
vt 0.750000 0.625000
vt 0.718750 0.625000
vt 0.687500 0.687500
vt 0.687500 0.625000
vt 0.687500 0.187500
vt 0.687500 0.125000
vt 0.687500 0.562500
vt 0.687500 0.062500
vt 0.687500 0.500000
vt 0.703125 1.000000
vt 0.687500 0.937500
vt 0.703125 0.000000
vt 0.687500 0.437500
vt 0.687500 0.875000
vt 0.687500 0.375000
vt 0.687500 0.812500
vt 0.687500 0.312500
vt 0.687500 0.750000
vt 0.687500 0.250000
vt 0.656250 0.437500
vt 0.656250 0.375000
vt 0.656250 0.875000
vt 0.656250 0.812500
vt 0.656250 0.312500
vt 0.656250 0.750000
vt 0.656250 0.250000
vt 0.656250 0.687500
vt 0.656250 0.187500
vt 0.656250 0.625000
vt 0.656250 0.125000
vt 0.656250 0.562500
vt 0.656250 0.062500
vt 0.656250 0.500000
vt 0.671875 1.000000
vt 0.656250 0.937500
vt 0.671875 0.000000
vt 0.625000 0.187500
vt 0.625000 0.125000
vt 0.625000 0.625000
vt 0.625000 0.562500
vt 0.625000 0.062500
vt 0.625000 0.500000
vt 0.640625 1.000000
vt 0.625000 0.937500
vt 0.640625 0.000000
vt 0.625000 0.437500
vt 0.625000 0.875000
vt 0.625000 0.375000
vt 0.625000 0.812500
vt 0.625000 0.312500
vt 0.625000 0.750000
vt 0.625000 0.250000
vt 0.625000 0.687500
vt 0.593750 0.375000
vt 0.593750 0.312500
vt 0.593750 0.812500
vt 0.593750 0.750000
vt 0.593750 0.250000
vt 0.593750 0.687500
vt 0.593750 0.187500
vt 0.593750 0.625000
vt 0.593750 0.125000
vt 0.593750 0.562500
vt 0.593750 0.062500
vt 0.593750 0.500000
vt 0.609375 1.000000
vt 0.593750 0.937500
vt 0.609375 0.000000
vt 0.593750 0.437500
vt 0.593750 0.875000
vt 0.562500 0.125000
vt 0.562500 0.062500
vt 0.562500 0.562500
vt 0.562500 0.500000
vt 0.578125 1.000000
vt 0.562500 0.937500
vt 0.578125 0.000000
vt 0.562500 0.437500
vt 0.562500 0.875000
vt 0.562500 0.375000
vt 0.562500 0.812500
vt 0.562500 0.312500
vt 0.562500 0.750000
vt 0.562500 0.250000
vt 0.562500 0.687500
vt 0.562500 0.187500
vt 0.562500 0.625000
vt 0.531250 0.812500
vt 0.531250 0.750000
vt 0.531250 0.312500
vt 0.531250 0.250000
vt 0.531250 0.687500
vt 0.531250 0.187500
vt 0.531250 0.625000
vt 0.531250 0.125000
vt 0.531250 0.562500
vt 0.531250 0.062500
vt 0.531250 0.500000
vt 0.546875 1.000000
vt 0.531250 0.937500
vt 0.546875 0.000000
vt 0.531250 0.437500
vt 0.531250 0.875000
vt 0.531250 0.375000
vt 0.500000 0.562500
vt 0.500000 0.500000
vt 0.515625 1.000000
vt 0.500000 0.937500
vt 0.515625 0.000000
vt 0.500000 0.062500
vt 0.500000 0.437500
vt 0.500000 0.875000
vt 0.500000 0.375000
vt 0.500000 0.812500
vt 0.500000 0.312500
vt 0.500000 0.750000
vt 0.500000 0.250000
vt 0.500000 0.687500
vt 0.500000 0.187500
vt 0.500000 0.625000
vt 0.500000 0.125000
vt 0.468750 0.312500
vt 0.468750 0.250000
vt 0.468750 0.750000
vt 0.468750 0.687500
vt 0.468750 0.187500
vt 0.468750 0.625000
vt 0.468750 0.125000
vt 0.468750 0.562500
vt 0.468750 0.062500
vt 0.468750 0.500000
vt 0.484375 1.000000
vt 0.468750 0.937500
vt 0.484375 0.000000
vt 0.468750 0.437500
vt 0.468750 0.875000
vt 0.468750 0.375000
vt 0.468750 0.812500
vt 0.453125 1.000000
vt 0.437500 0.937500
vt 0.453125 0.000000
vt 0.437500 0.062500
vt 0.437500 0.500000
vt 0.437500 0.437500
vt 0.437500 0.875000
vt 0.437500 0.375000
vt 0.437500 0.812500
vt 0.437500 0.312500
vt 0.437500 0.750000
vt 0.437500 0.250000
vt 0.437500 0.687500
vt 0.437500 0.187500
vt 0.437500 0.625000
vt 0.437500 0.125000
vt 0.437500 0.562500
vt 0.406250 0.750000
vt 0.406250 0.687500
vt 0.406250 0.250000
vt 0.406250 0.187500
vt 0.406250 0.625000
vt 0.406250 0.125000
vt 0.406250 0.562500
vt 0.406250 0.062500
vt 0.406250 0.500000
vt 0.421875 1.000000
vt 0.406250 0.937500
vt 0.421875 0.000000
vt 0.406250 0.437500
vt 0.406250 0.875000
vt 0.406250 0.375000
vt 0.406250 0.812500
vt 0.406250 0.312500
vt 0.375000 0.500000
vt 0.375000 0.437500
vt 0.375000 0.937500
vt 0.375000 0.875000
vt 0.375000 0.375000
vt 0.375000 0.812500
vt 0.375000 0.312500
vt 0.375000 0.750000
vt 0.375000 0.250000
vt 0.375000 0.687500
vt 0.375000 0.187500
vt 0.375000 0.625000
vt 0.375000 0.125000
vt 0.375000 0.562500
vt 0.375000 0.062500
vt 0.390625 1.000000
vt 0.390625 0.000000
vt 0.343750 0.250000
vt 0.343750 0.187500
vt 0.343750 0.687500
vt 0.343750 0.625000
vt 0.343750 0.125000
vt 0.343750 0.562500
vt 0.343750 0.062500
vt 0.343750 0.500000
vt 0.359375 1.000000
vt 0.343750 0.937500
vt 0.359375 0.000000
vt 0.343750 0.437500
vt 0.343750 0.875000
vt 0.343750 0.375000
vt 0.343750 0.812500
vt 0.343750 0.312500
vt 0.343750 0.750000
vt 0.312500 0.437500
vt 0.312500 0.375000
vt 0.312500 0.875000
vt 0.312500 0.812500
vt 0.312500 0.312500
vt 0.312500 0.750000
vt 0.312500 0.250000
vt 0.312500 0.687500
vt 0.312500 0.187500
vt 0.312500 0.625000
vt 0.312500 0.125000
vt 0.312500 0.562500
vt 0.312500 0.062500
vt 0.312500 0.500000
vt 0.328125 1.000000
vt 0.312500 0.937500
vt 0.328125 0.000000
vt 0.281250 0.187500
vt 0.281250 0.125000
vt 0.281250 0.625000
vt 0.281250 0.562500
vt 0.281250 0.062500
vt 0.281250 0.500000
vt 0.296875 1.000000
vt 0.281250 0.937500
vt 0.296875 0.000000
vt 0.281250 0.437500
vt 0.281250 0.875000
vt 0.281250 0.375000
vt 0.281250 0.812500
vt 0.281250 0.312500
vt 0.281250 0.750000
vt 0.281250 0.250000
vt 0.281250 0.687500
vt 0.250000 0.875000
vt 0.250000 0.812500
vt 0.250000 0.375000
vt 0.250000 0.312500
vt 0.250000 0.750000
vt 0.250000 0.250000
vt 0.250000 0.687500
vt 0.250000 0.187500
vt 0.250000 0.625000
vt 0.250000 0.125000
vt 0.250000 0.562500
vt 0.250000 0.062500
vt 0.250000 0.500000
vt 0.265625 1.000000
vt 0.250000 0.937500
vt 0.265625 0.000000
vt 0.250000 0.437500
vt 0.218750 0.625000
vt 0.218750 0.562500
vt 0.218750 0.125000
vt 0.218750 0.062500
vt 0.218750 0.500000
vt 0.234375 1.000000
vt 0.218750 0.937500
vt 0.234375 0.000000
vt 0.218750 0.437500
vt 0.218750 0.875000
vt 0.218750 0.375000
vt 0.218750 0.812500
vt 0.218750 0.312500
vt 0.218750 0.750000
vt 0.218750 0.250000
vt 0.218750 0.687500
vt 0.218750 0.187500
vt 0.187500 0.375000
vt 0.187500 0.312500
vt 0.187500 0.812500
vt 0.187500 0.750000
vt 0.187500 0.250000
vt 0.187500 0.687500
vt 0.187500 0.187500
vt 0.187500 0.625000
vt 0.187500 0.125000
vt 0.187500 0.562500
vt 0.187500 0.062500
vt 0.187500 0.500000
vt 0.203125 1.000000
vt 0.187500 0.937500
vt 0.203125 0.000000
vt 0.187500 0.437500
vt 0.187500 0.875000
vt 0.156250 0.125000
vt 0.156250 0.062500
vt 0.156250 0.562500
vt 0.156250 0.500000
vt 0.171875 1.000000
vt 0.156250 0.937500
vt 0.171875 0.000000
vt 0.156250 0.437500
vt 0.156250 0.875000
vt 0.156250 0.375000
vt 0.156250 0.812500
vt 0.156250 0.312500
vt 0.156250 0.750000
vt 0.156250 0.250000
vt 0.156250 0.687500
vt 0.156250 0.187500
vt 0.156250 0.625000
vt 0.125000 0.812500
vt 0.125000 0.750000
vt 0.125000 0.312500
vt 0.125000 0.250000
vt 0.125000 0.687500
vt 0.125000 0.187500
vt 0.125000 0.625000
vt 0.125000 0.125000
vt 0.125000 0.562500
vt 0.125000 0.062500
vt 0.125000 0.500000
vt 0.140625 1.000000
vt 0.125000 0.937500
vt 0.140625 0.000000
vt 0.125000 0.437500
vt 0.125000 0.875000
vt 0.125000 0.375000
vt 0.093750 0.562500
vt 0.093750 0.500000
vt 0.109375 1.000000
vt 0.093750 0.937500
vt 0.109375 0.000000
vt 0.093750 0.062500
vt 0.093750 0.437500
vt 0.093750 0.875000
vt 0.093750 0.375000
vt 0.093750 0.812500
vt 0.093750 0.312500
vt 0.093750 0.750000
vt 0.093750 0.250000
vt 0.093750 0.687500
vt 0.093750 0.187500
vt 0.093750 0.625000
vt 0.093750 0.125000
vt 0.062500 0.312500
vt 0.062500 0.250000
vt 0.062500 0.750000
vt 0.062500 0.687500
vt 0.062500 0.187500
vt 0.062500 0.625000
vt 0.062500 0.125000
vt 0.062500 0.562500
vt 0.062500 0.062500
vt 0.062500 0.500000
vt 0.078125 1.000000
vt 0.062500 0.937500
vt 0.078125 0.000000
vt 0.062500 0.437500
vt 0.062500 0.875000
vt 0.062500 0.375000
vt 0.062500 0.812500
vt 0.046875 0.000000
vt 0.031250 0.062500
vt 0.031250 0.500000
vt 0.031250 0.437500
vt 0.031250 0.937500
vt 0.031250 0.875000
vt 0.031250 0.375000
vt 0.031250 0.812500
vt 0.031250 0.312500
vt 0.031250 0.750000
vt 0.031250 0.250000
vt 0.031250 0.687500
vt 0.031250 0.187500
vt 0.031250 0.625000
vt 0.031250 0.125000
vt 0.031250 0.562500
vt 0.046875 1.000000
vt 0.000000 0.250000
vt 0.000000 0.187500
vt 0.000000 0.687500
vt 0.000000 0.625000
vt 0.000000 0.125000
vt 0.000000 0.562500
vt 0.000000 0.062500
vt 0.000000 0.500000
vt 0.015625 1.000000
vt 0.000000 0.937500
vt 0.015625 0.000000
vt 0.000000 0.437500
vt 0.000000 0.875000
vt 0.000000 0.375000
vt 0.000000 0.812500
vt 0.000000 0.312500
vt 0.000000 0.750000
vt 1.000000 0.875000
vt 1.000000 0.937500
vt 0.968750 0.937500
vt 0.968750 0.875000
vt 1.000000 0.375000
vt 1.000000 0.437500
vt 0.968750 0.437500
vt 0.968750 0.375000
vt 1.000000 0.812500
vt 0.968750 0.812500
vt 1.000000 0.312500
vt 0.968750 0.312500
vt 1.000000 0.750000
vt 0.968750 0.750000
vt 1.000000 0.250000
vt 0.968750 0.250000
vt 1.000000 0.687500
vt 0.968750 0.687500
vt 1.000000 0.187500
vt 0.968750 0.187500
vt 1.000000 0.625000
vt 0.968750 0.625000
vt 1.000000 0.125000
vt 0.968750 0.125000
vt 1.000000 0.562500
vt 0.968750 0.562500
vt 1.000000 0.062500
vt 0.968750 0.062500
vt 1.000000 0.500000
vt 0.968750 0.500000
vt 0.984375 1.000000
vt 0.984375 0.000000
vt 0.937500 0.687500
vt 0.937500 0.625000
vt 0.937500 0.187500
vt 0.937500 0.125000
vt 0.937500 0.562500
vt 0.937500 0.062500
vt 0.937500 0.500000
vt 0.953125 1.000000
vt 0.937500 0.937500
vt 0.953125 0.000000
vt 0.937500 0.437500
vt 0.937500 0.875000
vt 0.937500 0.375000
vt 0.937500 0.812500
vt 0.937500 0.312500
vt 0.937500 0.750000
vt 0.937500 0.250000
vt 0.906250 0.437500
vt 0.906250 0.375000
vt 0.906250 0.875000
vt 0.906250 0.812500
vt 0.906250 0.312500
vt 0.906250 0.750000
vt 0.906250 0.250000
vt 0.906250 0.687500
vt 0.906250 0.187500
vt 0.906250 0.625000
vt 0.906250 0.125000
vt 0.906250 0.562500
vt 0.906250 0.062500
vt 0.906250 0.500000
vt 0.921875 1.000000
vt 0.906250 0.937500
vt 0.921875 0.000000
vt 0.875000 0.187500
vt 0.875000 0.125000
vt 0.875000 0.625000
vt 0.875000 0.562500
vt 0.875000 0.062500
vt 0.875000 0.500000
vt 0.890625 1.000000
vt 0.875000 0.937500
vt 0.890625 0.000000
vt 0.875000 0.437500
vt 0.875000 0.875000
vt 0.875000 0.375000
vt 0.875000 0.812500
vt 0.875000 0.312500
vt 0.875000 0.750000
vt 0.875000 0.250000
vt 0.875000 0.687500
vt 0.843750 0.875000
vt 0.843750 0.812500
vt 0.843750 0.375000
vt 0.843750 0.312500
vt 0.843750 0.750000
vt 0.843750 0.250000
vt 0.843750 0.687500
vt 0.843750 0.187500
vt 0.843750 0.625000
vt 0.843750 0.125000
vt 0.843750 0.562500
vt 0.843750 0.062500
vt 0.843750 0.500000
vt 0.859375 1.000000
vt 0.843750 0.937500
vt 0.859375 0.000000
vt 0.843750 0.437500
vt 0.812500 0.625000
vt 0.812500 0.562500
vt 0.812500 0.125000
vt 0.812500 0.062500
vt 0.812500 0.500000
vt 0.828125 1.000000
vt 0.812500 0.937500
vt 0.828125 0.000000
vt 0.812500 0.437500
vt 0.812500 0.875000
vt 0.812500 0.375000
vt 0.812500 0.812500
vt 0.812500 0.312500
vt 0.812500 0.750000
vt 0.812500 0.250000
vt 0.812500 0.687500
vt 0.812500 0.187500
vt 0.781250 0.375000
vt 0.781250 0.312500
vt 0.781250 0.812500
vt 0.781250 0.750000
vt 0.781250 0.250000
vt 0.781250 0.687500
vt 0.781250 0.187500
vt 0.781250 0.625000
vt 0.781250 0.125000
vt 0.781250 0.562500
vt 0.781250 0.062500
vt 0.781250 0.500000
vt 0.796875 1.000000
vt 0.781250 0.937500
vt 0.796875 0.000000
vt 0.781250 0.437500
vt 0.781250 0.875000
vt 0.765625 1.000000
vt 0.765625 0.000000
s 0
usemtl tree.002
f 4102/4805/3444 4101/4806/3444 3640/4807/3444 3641/4808/3444
f 3624/4809/3445 3623/4810/3445 3633/4811/3445 3634/4812/3445
f 4094/4813/3446 3702/4814/3446 3627/4815/3446
f 3928/4816/3447 4102/4805/3447 3641/4808/3447
f 3625/4817/3448 3624/4809/3448 3634/4812/3448 3635/4818/3448
f 4095/4819/3449 4094/4813/3449 3627/4815/3449 3628/4820/3449
f 4098/4821/3450 3625/4817/3450 3635/4818/3450 3636/4822/3450
f 3621/4823/3451 4095/4819/3451 3628/4820/3451 3629/4824/3451
f 3626/4825/3452 4098/4821/3452 3636/4822/3452 3637/4826/3452
f 4096/4827/3453 3621/4823/3453 3629/4824/3453 3630/4828/3453
f 4099/4829/3454 3626/4825/3454 3637/4826/3454 3638/4830/3454
f 3622/4831/3455 4096/4827/3455 3630/4828/3455 3631/4832/3455
f 4100/4833/3456 4099/4829/3456 3638/4830/3456 3639/4834/3456
f 4097/4835/3457 3622/4831/3457 3631/4832/3457 3632/4836/3457
f 4101/4806/3458 4100/4833/3458 3639/4834/3458 3640/4807/3458
f 3623/4810/3459 4097/4835/3459 3632/4836/3459 3633/4811/3459
f 3632/4836/3460 3631/4832/3460 3646/4837/3460 3647/4838/3460
f 3640/4807/3461 3639/4834/3461 3654/4839/3461 3655/4840/3461
f 3633/4811/3462 3632/4836/3462 3647/4838/3462 3648/4841/3462
f 3641/4808/3463 3640/4807/3463 3655/4840/3463 3656/4842/3463
f 3634/4812/3464 3633/4811/3464 3648/4841/3464 3649/4843/3464
f 3627/4815/3465 3702/4844/3465 3642/4845/3465
f 3928/4846/3466 3641/4808/3466 3656/4842/3466
f 3635/4818/3467 3634/4812/3467 3649/4843/3467 3650/4847/3467
f 3628/4820/3468 3627/4815/3468 3642/4845/3468 3643/4848/3468
f 3636/4822/3469 3635/4818/3469 3650/4847/3469 3651/4849/3469
f 3629/4824/3470 3628/4820/3470 3643/4848/3470 3644/4850/3470
f 3637/4826/3471 3636/4822/3471 3651/4849/3471 3652/4851/3471
f 3630/4828/3472 3629/4824/3472 3644/4850/3472 3645/4852/3472
f 3638/4830/3473 3637/4826/3473 3652/4851/3473 3653/4853/3473
f 3631/4832/3474 3630/4828/3474 3645/4852/3474 3646/4837/3474
f 3639/4834/3475 3638/4830/3475 3653/4853/3475 3654/4839/3475
f 3651/4849/3476 3650/4847/3476 3665/4854/3476 3666/4855/3476
f 3644/4850/3477 3643/4848/3477 3658/4856/3477 3659/4857/3477
f 3652/4851/3478 3651/4849/3478 3666/4855/3478 3667/4858/3478
f 3645/4852/3479 3644/4850/3479 3659/4857/3479 3660/4859/3479
f 3653/4853/3480 3652/4851/3480 3667/4858/3480 3668/4860/3480
f 3646/4837/3481 3645/4852/3481 3660/4859/3481 3661/4861/3481
f 3654/4839/3482 3653/4853/3482 3668/4860/3482 3669/4862/3482
f 3647/4838/3483 3646/4837/3483 3661/4861/3483 3662/4863/3483
f 3655/4840/3484 3654/4839/3484 3669/4862/3484 3670/4864/3484
f 3648/4841/3485 3647/4838/3485 3662/4863/3485 3663/4865/3485
f 3656/4842/3486 3655/4840/3486 3670/4864/3486 3671/4866/3486
f 3649/4843/3487 3648/4841/3487 3663/4865/3487 3664/4867/3487
f 3642/4845/3488 3702/4868/3488 3657/4869/3488
f 3928/4870/3489 3656/4842/3489 3671/4866/3489
f 3650/4847/3490 3649/4843/3490 3664/4867/3490 3665/4854/3490
f 3643/4848/3491 3642/4845/3491 3657/4869/3491 3658/4856/3491
f 3670/4864/3492 3669/4862/3492 3684/4871/3492 3685/4872/3492
f 3663/4865/3493 3662/4863/3493 3677/4873/3493 3678/4874/3493
f 3671/4866/3494 3670/4864/3494 3685/4872/3494 3686/4875/3494
f 3664/4867/3495 3663/4865/3495 3678/4874/3495 3679/4876/3495
f 3657/4869/3496 3702/4877/3496 3672/4878/3496
f 3928/4879/3497 3671/4866/3497 3686/4875/3497
f 3665/4854/3498 3664/4867/3498 3679/4876/3498 3680/4880/3498
f 3658/4856/3499 3657/4869/3499 3672/4878/3499 3673/4881/3499
f 3666/4855/3500 3665/4854/3500 3680/4880/3500 3681/4882/3500
f 3659/4857/3501 3658/4856/3501 3673/4881/3501 3674/4883/3501
f 3667/4858/3502 3666/4855/3502 3681/4882/3502 3682/4884/3502
f 3660/4859/3503 3659/4857/3503 3674/4883/3503 3675/4885/3503
f 3668/4860/3504 3667/4858/3504 3682/4884/3504 3683/4886/3504
f 3661/4861/3505 3660/4859/3505 3675/4885/3505 3676/4887/3505
f 3669/4862/3506 3668/4860/3506 3683/4886/3506 3684/4871/3506
f 3662/4863/3507 3661/4861/3507 3676/4887/3507 3677/4873/3507
f 3682/4884/3508 3681/4882/3508 3696/4888/3508 3697/4889/3508
f 3675/4885/3509 3674/4883/3509 3689/4890/3509 3690/4891/3509
f 3683/4886/3510 3682/4884/3510 3697/4889/3510 3698/4892/3510
f 3676/4887/3511 3675/4885/3511 3690/4891/3511 3691/4893/3511
f 3684/4871/3512 3683/4886/3512 3698/4892/3512 3699/4894/3512
f 3677/4873/3513 3676/4887/3513 3691/4893/3513 3692/4895/3513
f 3685/4872/3514 3684/4871/3514 3699/4894/3514 3700/4896/3514
f 3678/4874/3515 3677/4873/3515 3692/4895/3515 3693/4897/3515
f 3686/4875/3516 3685/4872/3516 3700/4896/3516 3701/4898/3516
f 3679/4876/3517 3678/4874/3517 3693/4897/3517 3694/4899/3517
f 3672/4878/3518 3702/4900/3518 3687/4901/3518
f 3928/4902/3519 3686/4875/3519 3701/4898/3519
f 3680/4880/3520 3679/4876/3520 3694/4899/3520 3695/4903/3520
f 3673/4881/3521 3672/4878/3521 3687/4901/3521 3688/4904/3521
f 3681/4882/3522 3680/4880/3522 3695/4903/3522 3696/4888/3522
f 3674/4883/3523 3673/4881/3523 3688/4904/3523 3689/4890/3523
f 3701/4898/3524 3700/4896/3524 3716/4905/3524 3717/4906/3524
f 3694/4899/3525 3693/4897/3525 3709/4907/3525 3710/4908/3525
f 3687/4901/3526 3702/4909/3526 3703/4910/3526
f 3928/4911/3527 3701/4898/3527 3717/4906/3527
f 3695/4903/3528 3694/4899/3528 3710/4908/3528 3711/4912/3528
f 3688/4904/3529 3687/4901/3529 3703/4910/3529 3704/4913/3529
f 3696/4888/3530 3695/4903/3530 3711/4912/3530 3712/4914/3530
f 3689/4890/3531 3688/4904/3531 3704/4913/3531 3705/4915/3531
f 3697/4889/3532 3696/4888/3532 3712/4914/3532 3713/4916/3532
f 3690/4891/3533 3689/4890/3533 3705/4915/3533 3706/4917/3533
f 3698/4892/3534 3697/4889/3534 3713/4916/3534 3714/4918/3534
f 3691/4893/3535 3690/4891/3535 3706/4917/3535 3707/4919/3535
f 3699/4894/3536 3698/4892/3536 3714/4918/3536 3715/4920/3536
f 3692/4895/3537 3691/4893/3537 3707/4919/3537 3708/4921/3537
f 3700/4896/3538 3699/4894/3538 3715/4920/3538 3716/4905/3538
f 3693/4897/3539 3692/4895/3539 3708/4921/3539 3709/4907/3539
f 3706/4917/3540 3705/4915/3540 3720/4922/3540 3721/4923/3540
f 3714/4918/3541 3713/4916/3541 3728/4924/3541 3729/4925/3541
f 3707/4919/3542 3706/4917/3542 3721/4923/3542 3722/4926/3542
f 3715/4920/3543 3714/4918/3543 3729/4925/3543 3730/4927/3543
f 3708/4921/3544 3707/4919/3544 3722/4926/3544 3723/4928/3544
f 3716/4905/3545 3715/4920/3545 3730/4927/3545 3731/4929/3545
f 3709/4907/3546 3708/4921/3546 3723/4928/3546 3724/4930/3546
f 3717/4906/3547 3716/4905/3547 3731/4929/3547 3732/4931/3547
f 3710/4908/3548 3709/4907/3548 3724/4930/3548 3725/4932/3548
f 3703/4910/3549 3702/4933/3549 3718/4934/3549
f 3928/4935/3550 3717/4906/3550 3732/4931/3550
f 3711/4912/3551 3710/4908/3551 3725/4932/3551 3726/4936/3551
f 3704/4913/3552 3703/4910/3552 3718/4934/3552 3719/4937/3552
f 3712/4914/3553 3711/4912/3553 3726/4936/3553 3727/4938/3553
f 3705/4915/3554 3704/4913/3554 3719/4937/3554 3720/4922/3554
f 3713/4916/3555 3712/4914/3555 3727/4938/3555 3728/4924/3555
f 3725/4932/3556 3724/4930/3556 3739/4939/3556 3740/4940/3556
f 3718/4934/3557 3702/4941/3557 3733/4942/3557
f 3928/4943/3558 3732/4931/3558 3747/4944/3558
f 3726/4936/3559 3725/4932/3559 3740/4940/3559 3741/4945/3559
f 3719/4937/3560 3718/4934/3560 3733/4942/3560 3734/4946/3560
f 3727/4938/3561 3726/4936/3561 3741/4945/3561 3742/4947/3561
f 3720/4922/3562 3719/4937/3562 3734/4946/3562 3735/4948/3562
f 3728/4924/3563 3727/4938/3563 3742/4947/3563 3743/4949/3563
f 3721/4923/3564 3720/4922/3564 3735/4948/3564 3736/4950/3564
f 3729/4925/3565 3728/4924/3565 3743/4949/3565 3744/4951/3565
f 3722/4926/3566 3721/4923/3566 3736/4950/3566 3737/4952/3566
f 3730/4927/3567 3729/4925/3567 3744/4951/3567 3745/4953/3567
f 3723/4928/3568 3722/4926/3568 3737/4952/3568 3738/4954/3568
f 3731/4929/3569 3730/4927/3569 3745/4953/3569 3746/4955/3569
f 3724/4930/3570 3723/4928/3570 3738/4954/3570 3739/4939/3570
f 3732/4931/3571 3731/4929/3571 3746/4955/3571 3747/4944/3571
f 3744/4951/3572 3743/4949/3572 3758/4956/3572 3759/4957/3572
f 3737/4952/3573 3736/4950/3573 3751/4958/3573 3752/4959/3573
f 3745/4953/3574 3744/4951/3574 3759/4957/3574 3760/4960/3574
f 3738/4954/3575 3737/4952/3575 3752/4959/3575 3753/4961/3575
f 3746/4955/3576 3745/4953/3576 3760/4960/3576 3761/4962/3576
f 3739/4939/3577 3738/4954/3577 3753/4961/3577 3754/4963/3577
f 3747/4944/3578 3746/4955/3578 3761/4962/3578 3762/4964/3578
f 3740/4940/3579 3739/4939/3579 3754/4963/3579 3755/4965/3579
f 3733/4942/3580 3702/4966/3580 3748/4967/3580
f 3928/4968/3581 3747/4944/3581 3762/4964/3581
f 3741/4945/3582 3740/4940/3582 3755/4965/3582 3756/4969/3582
f 3734/4946/3583 3733/4942/3583 3748/4967/3583 3749/4970/3583
f 3742/4947/3584 3741/4945/3584 3756/4969/3584 3757/4971/3584
f 3735/4948/3585 3734/4946/3585 3749/4970/3585 3750/4972/3585
f 3743/4949/3586 3742/4947/3586 3757/4971/3586 3758/4956/3586
f 3736/4950/3587 3735/4948/3587 3750/4972/3587 3751/4958/3587
f 3748/4967/3588 3702/4973/3588 3763/4974/3588
f 3928/4975/3589 3762/4964/3589 3777/4976/3589
f 3756/4969/3590 3755/4965/3590 3770/4977/3590 3771/4978/3590
f 3749/4970/3591 3748/4967/3591 3763/4974/3591 3764/4979/3591
f 3757/4971/3592 3756/4969/3592 3771/4978/3592 3772/4980/3592
f 3750/4972/3593 3749/4970/3593 3764/4979/3593 3765/4981/3593
f 3758/4956/3594 3757/4971/3594 3772/4980/3594 3773/4982/3594
f 3751/4958/3595 3750/4972/3595 3765/4981/3595 3766/4983/3595
f 3759/4957/3596 3758/4956/3596 3773/4982/3596 3774/4984/3596
f 3752/4959/3597 3751/4958/3597 3766/4983/3597 3767/4985/3597
f 3760/4960/3598 3759/4957/3598 3774/4984/3598 3775/4986/3598
f 3753/4961/3599 3752/4959/3599 3767/4985/3599 3768/4987/3599
f 3761/4962/3600 3760/4960/3600 3775/4986/3600 3776/4988/3600
f 3754/4963/3601 3753/4961/3601 3768/4987/3601 3769/4989/3601
f 3762/4964/3602 3761/4962/3602 3776/4988/3602 3777/4976/3602
f 3755/4965/3603 3754/4963/3603 3769/4989/3603 3770/4977/3603
f 3767/4985/3604 3766/4983/3604 3781/4990/3604 3782/4991/3604
f 3775/4986/3605 3774/4984/3605 3789/4992/3605 3790/4993/3605
f 3768/4987/3606 3767/4985/3606 3782/4991/3606 3783/4994/3606
f 3776/4988/3607 3775/4986/3607 3790/4993/3607 3791/4995/3607
f 3769/4989/3608 3768/4987/3608 3783/4994/3608 3784/4996/3608
f 3777/4976/3609 3776/4988/3609 3791/4995/3609 3792/4997/3609
f 3770/4977/3610 3769/4989/3610 3784/4996/3610 3785/4998/3610
f 3763/4974/3611 3702/4999/3611 3778/5000/3611
f 3928/5001/3612 3777/4976/3612 3792/4997/3612
f 3771/4978/3613 3770/4977/3613 3785/4998/3613 3786/5002/3613
f 3764/4979/3614 3763/4974/3614 3778/5000/3614 3779/5003/3614
f 3772/4980/3615 3771/4978/3615 3786/5002/3615 3787/5004/3615
f 3765/4981/3616 3764/4979/3616 3779/5003/3616 3780/5005/3616
f 3773/4982/3617 3772/4980/3617 3787/5004/3617 3788/5006/3617
f 3766/4983/3618 3765/4981/3618 3780/5005/3618 3781/4990/3618
f 3774/4984/3619 3773/4982/3619 3788/5006/3619 3789/4992/3619
f 3786/5002/3620 3785/4998/3620 3800/5007/3620 3801/5008/3620
f 3779/5003/3621 3778/5000/3621 3793/5009/3621 3794/5010/3621
f 3787/5004/3622 3786/5002/3622 3801/5008/3622 3802/5011/3622
f 3780/5005/3623 3779/5003/3623 3794/5010/3623 3795/5012/3623
f 3788/5006/3624 3787/5004/3624 3802/5011/3624 3803/5013/3624
f 3781/4990/3625 3780/5005/3625 3795/5012/3625 3796/5014/3625
f 3789/4992/3626 3788/5006/3626 3803/5013/3626 3804/5015/3626
f 3782/4991/3627 3781/4990/3627 3796/5014/3627 3797/5016/3627
f 3790/4993/3628 3789/4992/3628 3804/5015/3628 3805/5017/3628
f 3783/4994/3629 3782/4991/3629 3797/5016/3629 3798/5018/3629
f 3791/4995/3630 3790/4993/3630 3805/5017/3630 3806/5019/3630
f 3784/4996/3631 3783/4994/3631 3798/5018/3631 3799/5020/3631
f 3792/4997/3632 3791/4995/3632 3806/5019/3632 3807/5021/3632
f 3785/4998/3633 3784/4996/3633 3799/5020/3633 3800/5007/3633
f 3778/5000/3634 3702/5022/3634 3793/5009/3634
f 3928/5023/3635 3792/4997/3635 3807/5021/3635
f 3805/5017/3636 3804/5015/3636 3819/5024/3636 3820/5025/3636
f 3798/5018/3637 3797/5016/3637 3812/5026/3637 3813/5027/3637
f 3806/5019/3638 3805/5017/3638 3820/5025/3638 3821/5028/3638
f 3799/5020/3639 3798/5018/3639 3813/5027/3639 3814/5029/3639
f 3807/5021/3640 3806/5019/3640 3821/5028/3640 3822/5030/3640
f 3800/5007/3641 3799/5020/3641 3814/5029/3641 3815/5031/3641
f 3793/5009/3642 3702/5032/3642 3808/5033/3642
f 3928/5034/3643 3807/5021/3643 3822/5030/3643
f 3801/5008/3644 3800/5007/3644 3815/5031/3644 3816/5035/3644
f 3794/5010/3645 3793/5009/3645 3808/5033/3645 3809/5036/3645
f 3802/5011/3646 3801/5008/3646 3816/5035/3646 3817/5037/3646
f 3795/5012/3647 3794/5010/3647 3809/5036/3647 3810/5038/3647
f 3803/5013/3648 3802/5011/3648 3817/5037/3648 3818/5039/3648
f 3796/5014/3649 3795/5012/3649 3810/5038/3649 3811/5040/3649
f 3804/5015/3650 3803/5013/3650 3818/5039/3650 3819/5024/3650
f 3797/5016/3651 3796/5014/3651 3811/5040/3651 3812/5026/3651
f 3817/5037/3652 3816/5035/3652 3831/5041/3652 3832/5042/3652
f 3810/5038/3653 3809/5036/3653 3824/5043/3653 3825/5044/3653
f 3818/5039/3654 3817/5037/3654 3832/5042/3654 3833/5045/3654
f 3811/5040/3655 3810/5038/3655 3825/5044/3655 3826/5046/3655
f 3819/5024/3656 3818/5039/3656 3833/5045/3656 3834/5047/3656
f 3812/5026/3657 3811/5040/3657 3826/5046/3657 3827/5048/3657
f 3820/5025/3658 3819/5024/3658 3834/5047/3658 3835/5049/3658
f 3813/5027/3659 3812/5026/3659 3827/5048/3659 3828/5050/3659
f 3821/5028/3660 3820/5025/3660 3835/5049/3660 3836/5051/3660
f 3814/5029/3661 3813/5027/3661 3828/5050/3661 3829/5052/3661
f 3822/5030/3662 3821/5028/3662 3836/5051/3662 3837/5053/3662
f 3815/5031/3663 3814/5029/3663 3829/5052/3663 3830/5054/3663
f 3808/5033/3664 3702/5055/3664 3823/5056/3664
f 3928/5057/3665 3822/5030/3665 3837/5053/3665
f 3816/5035/3666 3815/5031/3666 3830/5054/3666 3831/5041/3666
f 3809/5036/3667 3808/5033/3667 3823/5056/3667 3824/5043/3667
f 3836/5051/3668 3835/5049/3668 3850/5058/3668 3851/5059/3668
f 3829/5052/3669 3828/5050/3669 3843/5060/3669 3844/5061/3669
f 3837/5053/3670 3836/5051/3670 3851/5059/3670 3852/5062/3670
f 3830/5054/3671 3829/5052/3671 3844/5061/3671 3845/5063/3671
f 3823/5056/3672 3702/5064/3672 3838/5065/3672
f 3928/5066/3673 3837/5053/3673 3852/5062/3673
f 3831/5041/3674 3830/5054/3674 3845/5063/3674 3846/5067/3674
f 3824/5043/3675 3823/5056/3675 3838/5065/3675 3839/5068/3675
f 3832/5042/3676 3831/5041/3676 3846/5067/3676 3847/5069/3676
f 3825/5044/3677 3824/5043/3677 3839/5068/3677 3840/5070/3677
f 3833/5045/3678 3832/5042/3678 3847/5069/3678 3848/5071/3678
f 3826/5046/3679 3825/5044/3679 3840/5070/3679 3841/5072/3679
f 3834/5047/3680 3833/5045/3680 3848/5071/3680 3849/5073/3680
f 3827/5048/3681 3826/5046/3681 3841/5072/3681 3842/5074/3681
f 3835/5049/3682 3834/5047/3682 3849/5073/3682 3850/5058/3682
f 3828/5050/3683 3827/5048/3683 3842/5074/3683 3843/5060/3683
f 3840/5070/3684 3839/5068/3684 3854/5075/3684 3855/5076/3684
f 3848/5071/3685 3847/5069/3685 3862/5077/3685 3863/5078/3685
f 3841/5072/3686 3840/5070/3686 3855/5076/3686 3856/5079/3686
f 3849/5073/3687 3848/5071/3687 3863/5078/3687 3864/5080/3687
f 3842/5074/3688 3841/5072/3688 3856/5079/3688 3857/5081/3688
f 3850/5058/3689 3849/5073/3689 3864/5080/3689 3865/5082/3689
f 3843/5060/3690 3842/5074/3690 3857/5081/3690 3858/5083/3690
f 3851/5059/3691 3850/5058/3691 3865/5082/3691 3866/5084/3691
f 3844/5061/3692 3843/5060/3692 3858/5083/3692 3859/5085/3692
f 3852/5062/3693 3851/5059/3693 3866/5084/3693 3867/5086/3693
f 3845/5063/3694 3844/5061/3694 3859/5085/3694 3860/5087/3694
f 3838/5065/3695 3702/5088/3695 3853/5089/3695
f 3928/5090/3696 3852/5062/3696 3867/5086/3696
f 3846/5067/3697 3845/5063/3697 3860/5087/3697 3861/5091/3697
f 3839/5068/3698 3838/5065/3698 3853/5089/3698 3854/5075/3698
f 3847/5069/3699 3846/5067/3699 3861/5091/3699 3862/5077/3699
f 3859/5085/3700 3858/5083/3700 3873/5092/3700 3874/5093/3700
f 3867/5086/3701 3866/5084/3701 3881/5094/3701 3882/5095/3701
f 3860/5087/3702 3859/5085/3702 3874/5093/3702 3875/5096/3702
f 3853/5089/3703 3702/5097/3703 3868/5098/3703
f 3928/5099/3704 3867/5086/3704 3882/5095/3704
f 3861/5091/3705 3860/5087/3705 3875/5096/3705 3876/5100/3705
f 3854/5075/3706 3853/5089/3706 3868/5098/3706 3869/5101/3706
f 3862/5077/3707 3861/5091/3707 3876/5100/3707 3877/5102/3707
f 3855/5076/3708 3854/5075/3708 3869/5101/3708 3870/5103/3708
f 3863/5078/3709 3862/5077/3709 3877/5102/3709 3878/5104/3709
f 3856/5079/3710 3855/5076/3710 3870/5103/3710 3871/5105/3710
f 3864/5080/3711 3863/5078/3711 3878/5104/3711 3879/5106/3711
f 3857/5081/3712 3856/5079/3712 3871/5105/3712 3872/5107/3712
f 3865/5082/3713 3864/5080/3713 3879/5106/3713 3880/5108/3713
f 3858/5083/3714 3857/5081/3714 3872/5107/3714 3873/5092/3714
f 3866/5084/3715 3865/5082/3715 3880/5108/3715 3881/5094/3715
f 3878/5104/3716 3877/5102/3716 3892/5109/3716 3893/5110/3716
f 3871/5105/3717 3870/5103/3717 3885/5111/3717 3886/5112/3717
f 3879/5106/3718 3878/5104/3718 3893/5110/3718 3894/5113/3718
f 3872/5107/3719 3871/5105/3719 3886/5112/3719 3887/5114/3719
f 3880/5108/3720 3879/5106/3720 3894/5113/3720 3895/5115/3720
f 3873/5092/3721 3872/5107/3721 3887/5114/3721 3888/5116/3721
f 3881/5094/3722 3880/5108/3722 3895/5115/3722 3896/5117/3722
f 3874/5093/3723 3873/5092/3723 3888/5116/3723 3889/5118/3723
f 3882/5095/3724 3881/5094/3724 3896/5117/3724 3897/5119/3724
f 3875/5096/3725 3874/5093/3725 3889/5118/3725 3890/5120/3725
f 3868/5098/3726 3702/5121/3726 3883/5122/3726
f 3928/5123/3727 3882/5095/3727 3897/5119/3727
f 3876/5100/3728 3875/5096/3728 3890/5120/3728 3891/5124/3728
f 3869/5101/3729 3868/5098/3729 3883/5122/3729 3884/5125/3729
f 3877/5102/3730 3876/5100/3730 3891/5124/3730 3892/5109/3730
f 3870/5103/3731 3869/5101/3731 3884/5125/3731 3885/5111/3731
f 3897/5119/3732 3896/5117/3732 3911/5126/3732 3912/5127/3732
f 3890/5120/3733 3889/5118/3733 3904/5128/3733 3905/5129/3733
f 3883/5122/3734 3702/5130/3734 3898/5131/3734
f 3928/5132/3735 3897/5119/3735 3912/5127/3735
f 3891/5124/3736 3890/5120/3736 3905/5129/3736 3906/5133/3736
f 3884/5125/3737 3883/5122/3737 3898/5131/3737 3899/5134/3737
f 3892/5109/3738 3891/5124/3738 3906/5133/3738 3907/5135/3738
f 3885/5111/3739 3884/5125/3739 3899/5134/3739 3900/5136/3739
f 3893/5110/3740 3892/5109/3740 3907/5135/3740 3908/5137/3740
f 3886/5112/3741 3885/5111/3741 3900/5136/3741 3901/5138/3741
f 3894/5113/3742 3893/5110/3742 3908/5137/3742 3909/5139/3742
f 3887/5114/3743 3886/5112/3743 3901/5138/3743 3902/5140/3743
f 3895/5115/3744 3894/5113/3744 3909/5139/3744 3910/5141/3744
f 3888/5116/3745 3887/5114/3745 3902/5140/3745 3903/5142/3745
f 3896/5117/3746 3895/5115/3746 3910/5141/3746 3911/5126/3746
f 3889/5118/3747 3888/5116/3747 3903/5142/3747 3904/5128/3747
f 3901/5138/3748 3900/5136/3748 3915/5143/3748 3916/5144/3748
f 3909/5139/3749 3908/5137/3749 3923/5145/3749 3924/5146/3749
f 3902/5140/3750 3901/5138/3750 3916/5144/3750 3917/5147/3750
f 3910/5141/3751 3909/5139/3751 3924/5146/3751 3925/5148/3751
f 3903/5142/3752 3902/5140/3752 3917/5147/3752 3918/5149/3752
f 3911/5126/3753 3910/5141/3753 3925/5148/3753 3926/5150/3753
f 3904/5128/3754 3903/5142/3754 3918/5149/3754 3919/5151/3754
f 3912/5127/3755 3911/5126/3755 3926/5150/3755 3927/5152/3755
f 3905/5129/3756 3904/5128/3756 3919/5151/3756 3920/5153/3756
f 3898/5131/3757 3702/5154/3757 3913/5155/3757
f 3928/5156/3758 3912/5127/3758 3927/5152/3758
f 3906/5133/3759 3905/5129/3759 3920/5153/3759 3921/5157/3759
f 3899/5134/3760 3898/5131/3760 3913/5155/3760 3914/5158/3760
f 3907/5135/3761 3906/5133/3761 3921/5157/3761 3922/5159/3761
f 3900/5136/3762 3899/5134/3762 3914/5158/3762 3915/5143/3762
f 3908/5137/3763 3907/5135/3763 3922/5159/3763 3923/5145/3763
f 3920/5153/3764 3919/5151/3764 3935/5160/3764 3936/5161/3764
f 3913/5155/3765 3702/5162/3765 3929/5163/3765
f 3928/5164/3766 3927/5152/3766 3943/5165/3766
f 3921/5157/3767 3920/5153/3767 3936/5161/3767 3937/5166/3767
f 3914/5158/3768 3913/5155/3768 3929/5163/3768 3930/5167/3768
f 3922/5159/3769 3921/5157/3769 3937/5166/3769 3938/5168/3769
f 3915/5143/3770 3914/5158/3770 3930/5167/3770 3931/5169/3770
f 3923/5145/3771 3922/5159/3771 3938/5168/3771 3939/5170/3771
f 3916/5144/3772 3915/5143/3772 3931/5169/3772 3932/5171/3772
f 3924/5146/3773 3923/5145/3773 3939/5170/3773 3940/5172/3773
f 3917/5147/3774 3916/5144/3774 3932/5171/3774 3933/5173/3774
f 3925/5148/3775 3924/5146/3775 3940/5172/3775 3941/5174/3775
f 3918/5149/3776 3917/5147/3776 3933/5173/3776 3934/5175/3776
f 3926/5150/3777 3925/5148/3777 3941/5174/3777 3942/5176/3777
f 3919/5151/3778 3918/5149/3778 3934/5175/3778 3935/5160/3778
f 3927/5152/3779 3926/5150/3779 3942/5176/3779 3943/5165/3779
f 3940/5172/3780 3939/5170/3780 3954/5177/3780 3955/5178/3780
f 3933/5173/3781 3932/5171/3781 3947/5179/3781 3948/5180/3781
f 3941/5174/3782 3940/5172/3782 3955/5178/3782 3956/5181/3782
f 3934/5175/3783 3933/5173/3783 3948/5180/3783 3949/5182/3783
f 3942/5176/3784 3941/5174/3784 3956/5181/3784 3957/5183/3784
f 3935/5160/3785 3934/5175/3785 3949/5182/3785 3950/5184/3785
f 3943/5165/3786 3942/5176/3786 3957/5183/3786 3958/5185/3786
f 3936/5161/3787 3935/5160/3787 3950/5184/3787 3951/5186/3787
f 3929/5163/3788 3702/5187/3788 3944/5188/3788
f 3928/5189/3789 3943/5165/3789 3958/5185/3789
f 3937/5166/3790 3936/5161/3790 3951/5186/3790 3952/5190/3790
f 3930/5167/3791 3929/5163/3791 3944/5188/3791 3945/5191/3791
f 3938/5168/3792 3937/5166/3792 3952/5190/3792 3953/5192/3792
f 3931/5169/3793 3930/5167/3793 3945/5191/3793 3946/5193/3793
f 3939/5170/3794 3938/5168/3794 3953/5192/3794 3954/5177/3794
f 3932/5171/3795 3931/5169/3795 3946/5193/3795 3947/5179/3795
f 3928/5194/3796 3958/5185/3796 3973/5195/3796
f 3952/5190/3797 3951/5186/3797 3966/5196/3797 3967/5197/3797
f 3945/5191/3798 3944/5188/3798 3959/5198/3798 3960/5199/3798
f 3953/5192/3799 3952/5190/3799 3967/5197/3799 3968/5200/3799
f 3946/5193/3800 3945/5191/3800 3960/5199/3800 3961/5201/3800
f 3954/5177/3801 3953/5192/3801 3968/5200/3801 3969/5202/3801
f 3947/5179/3802 3946/5193/3802 3961/5201/3802 3962/5203/3802
f 3955/5178/3803 3954/5177/3803 3969/5202/3803 3970/5204/3803
f 3948/5180/3804 3947/5179/3804 3962/5203/3804 3963/5205/3804
f 3956/5181/3805 3955/5178/3805 3970/5204/3805 3971/5206/3805
f 3949/5182/3806 3948/5180/3806 3963/5205/3806 3964/5207/3806
f 3957/5183/3807 3956/5181/3807 3971/5206/3807 3972/5208/3807
f 3950/5184/3808 3949/5182/3808 3964/5207/3808 3965/5209/3808
f 3958/5185/3809 3957/5183/3809 3972/5208/3809 3973/5195/3809
f 3951/5186/3810 3950/5184/3810 3965/5209/3810 3966/5196/3810
f 3944/5188/3811 3702/5210/3811 3959/5198/3811
f 3971/5206/3812 3970/5204/3812 3985/5211/3812 3986/5212/3812
f 3964/5207/3813 3963/5205/3813 3978/5213/3813 3979/5214/3813
f 3972/5208/3814 3971/5206/3814 3986/5212/3814 3987/5215/3814
f 3965/5209/3815 3964/5207/3815 3979/5214/3815 3980/5216/3815
f 3973/5195/3816 3972/5208/3816 3987/5215/3816 3988/5217/3816
f 3966/5196/3817 3965/5209/3817 3980/5216/3817 3981/5218/3817
f 3959/5198/3818 3702/5219/3818 3974/5220/3818
f 3928/5221/3819 3973/5195/3819 3988/5217/3819
f 3967/5197/3820 3966/5196/3820 3981/5218/3820 3982/5222/3820
f 3960/5199/3821 3959/5198/3821 3974/5220/3821 3975/5223/3821
f 3968/5200/3822 3967/5197/3822 3982/5222/3822 3983/5224/3822
f 3961/5201/3823 3960/5199/3823 3975/5223/3823 3976/5225/3823
f 3969/5202/3824 3968/5200/3824 3983/5224/3824 3984/5226/3824
f 3962/5203/3825 3961/5201/3825 3976/5225/3825 3977/5227/3825
f 3970/5204/3826 3969/5202/3826 3984/5226/3826 3985/5211/3826
f 3963/5205/3827 3962/5203/3827 3977/5227/3827 3978/5213/3827
f 3975/5228/3828 3974/5229/3828 3989/5230/3828 3990/5231/3828
f 3983/5232/3829 3982/5233/3829 3997/5234/3829 3998/5235/3829
f 3976/5236/3830 3975/5228/3830 3990/5231/3830 3991/5237/3830
f 3984/5238/3831 3983/5232/3831 3998/5235/3831 3999/5239/3831
f 3977/5240/3832 3976/5236/3832 3991/5237/3832 3992/5241/3832
f 3985/5242/3833 3984/5238/3833 3999/5239/3833 4000/5243/3833
f 3978/5244/3834 3977/5240/3834 3992/5241/3834 3993/5245/3834
f 3986/5246/3835 3985/5242/3835 4000/5243/3835 4001/5247/3835
f 3979/5248/3836 3978/5244/3836 3993/5245/3836 3994/5249/3836
f 3987/5250/3837 3986/5246/3837 4001/5247/3837 4002/5251/3837
f 3980/5252/3838 3979/5248/3838 3994/5249/3838 3995/5253/3838
f 3988/5254/3839 3987/5250/3839 4002/5251/3839 4003/5255/3839
f 3981/5256/3840 3980/5252/3840 3995/5253/3840 3996/5257/3840
f 3974/5229/3841 3702/5258/3841 3989/5230/3841
f 3928/5259/3842 3988/5254/3842 4003/5255/3842
f 3982/5233/3843 3981/5256/3843 3996/5257/3843 3997/5234/3843
f 3994/5249/3844 3993/5245/3844 4008/5260/3844 4009/5261/3844
f 4002/5251/3845 4001/5247/3845 4016/5262/3845 4017/5263/3845
f 3995/5253/3846 3994/5249/3846 4009/5261/3846 4010/5264/3846
f 4003/5255/3847 4002/5251/3847 4017/5263/3847 4018/5265/3847
f 3996/5257/3848 3995/5253/3848 4010/5264/3848 4011/5266/3848
f 3989/5230/3849 3702/5267/3849 4004/5268/3849
f 3928/5269/3850 4003/5255/3850 4018/5265/3850
f 3997/5234/3851 3996/5257/3851 4011/5266/3851 4012/5270/3851
f 3990/5231/3852 3989/5230/3852 4004/5268/3852 4005/5271/3852
f 3998/5235/3853 3997/5234/3853 4012/5270/3853 4013/5272/3853
f 3991/5237/3854 3990/5231/3854 4005/5271/3854 4006/5273/3854
f 3999/5239/3855 3998/5235/3855 4013/5272/3855 4014/5274/3855
f 3992/5241/3856 3991/5237/3856 4006/5273/3856 4007/5275/3856
f 4000/5243/3857 3999/5239/3857 4014/5274/3857 4015/5276/3857
f 3993/5245/3858 3992/5241/3858 4007/5275/3858 4008/5260/3858
f 4001/5247/3859 4000/5243/3859 4015/5276/3859 4016/5262/3859
f 4013/5272/3860 4012/5270/3860 4027/5277/3860 4028/5278/3860
f 4006/5273/3861 4005/5271/3861 4020/5279/3861 4021/5280/3861
f 4014/5274/3862 4013/5272/3862 4028/5278/3862 4029/5281/3862
f 4007/5275/3863 4006/5273/3863 4021/5280/3863 4022/5282/3863
f 4015/5276/3864 4014/5274/3864 4029/5281/3864 4030/5283/3864
f 4008/5260/3865 4007/5275/3865 4022/5282/3865 4023/5284/3865
f 4016/5262/3866 4015/5276/3866 4030/5283/3866 4031/5285/3866
f 4009/5261/3867 4008/5260/3867 4023/5284/3867 4024/5286/3867
f 4017/5263/3868 4016/5262/3868 4031/5285/3868 4032/5287/3868
f 4010/5264/3869 4009/5261/3869 4024/5286/3869 4025/5288/3869
f 4018/5265/3870 4017/5263/3870 4032/5287/3870 4033/5289/3870
f 4011/5266/3871 4010/5264/3871 4025/5288/3871 4026/5290/3871
f 4004/5268/3872 3702/5291/3872 4019/5292/3872
f 3928/5293/3873 4018/5265/3873 4033/5289/3873
f 4012/5270/3874 4011/5266/3874 4026/5290/3874 4027/5277/3874
f 4005/5271/3875 4004/5268/3875 4019/5292/3875 4020/5279/3875
f 4032/5287/3876 4031/5285/3876 4046/5294/3876 4047/5295/3876
f 4025/5288/3877 4024/5286/3877 4039/5296/3877 4040/5297/3877
f 4033/5289/3878 4032/5287/3878 4047/5295/3878 4048/5298/3878
f 4026/5290/3879 4025/5288/3879 4040/5297/3879 4041/5299/3879
f 4019/5292/3880 3702/5300/3880 4034/5301/3880
f 3928/5302/3881 4033/5289/3881 4048/5298/3881
f 4027/5277/3882 4026/5290/3882 4041/5299/3882 4042/5303/3882
f 4020/5279/3883 4019/5292/3883 4034/5301/3883 4035/5304/3883
f 4028/5278/3884 4027/5277/3884 4042/5303/3884 4043/5305/3884
f 4021/5280/3885 4020/5279/3885 4035/5304/3885 4036/5306/3885
f 4029/5281/3886 4028/5278/3886 4043/5305/3886 4044/5307/3886
f 4022/5282/3887 4021/5280/3887 4036/5306/3887 4037/5308/3887
f 4030/5283/3888 4029/5281/3888 4044/5307/3888 4045/5309/3888
f 4023/5284/3889 4022/5282/3889 4037/5308/3889 4038/5310/3889
f 4031/5285/3890 4030/5283/3890 4045/5309/3890 4046/5294/3890
f 4024/5286/3891 4023/5284/3891 4038/5310/3891 4039/5296/3891
f 4036/5306/3892 4035/5304/3892 4050/5311/3892 4051/5312/3892
f 4044/5307/3893 4043/5305/3893 4058/5313/3893 4059/5314/3893
f 4037/5308/3894 4036/5306/3894 4051/5312/3894 4052/5315/3894
f 4045/5309/3895 4044/5307/3895 4059/5314/3895 4060/5316/3895
f 4038/5310/3896 4037/5308/3896 4052/5315/3896 4053/5317/3896
f 4046/5294/3897 4045/5309/3897 4060/5316/3897 4061/5318/3897
f 4039/5296/3898 4038/5310/3898 4053/5317/3898 4054/5319/3898
f 4047/5295/3899 4046/5294/3899 4061/5318/3899 4062/5320/3899
f 4040/5297/3900 4039/5296/3900 4054/5319/3900 4055/5321/3900
f 4048/5298/3901 4047/5295/3901 4062/5320/3901 4063/5322/3901
f 4041/5299/3902 4040/5297/3902 4055/5321/3902 4056/5323/3902
f 4034/5301/3903 3702/5324/3903 4049/5325/3903
f 3928/5326/3904 4048/5298/3904 4063/5322/3904
f 4042/5303/3905 4041/5299/3905 4056/5323/3905 4057/5327/3905
f 4035/5304/3906 4034/5301/3906 4049/5325/3906 4050/5311/3906
f 4043/5305/3907 4042/5303/3907 4057/5327/3907 4058/5313/3907
f 4055/5321/3908 4054/5319/3908 4069/5328/3908 4070/5329/3908
f 4063/5322/3909 4062/5320/3909 4077/5330/3909 4078/5331/3909
f 4056/5323/3910 4055/5321/3910 4070/5329/3910 4071/5332/3910
f 4049/5325/3911 3702/5333/3911 4064/5334/3911
f 3928/5335/3912 4063/5322/3912 4078/5331/3912
f 4057/5327/3913 4056/5323/3913 4071/5332/3913 4072/5336/3913
f 4050/5311/3914 4049/5325/3914 4064/5334/3914 4065/5337/3914
f 4058/5313/3915 4057/5327/3915 4072/5336/3915 4073/5338/3915
f 4051/5312/3916 4050/5311/3916 4065/5337/3916 4066/5339/3916
f 4059/5314/3917 4058/5313/3917 4073/5338/3917 4074/5340/3917
f 4052/5315/3918 4051/5312/3918 4066/5339/3918 4067/5341/3918
f 4060/5316/3919 4059/5314/3919 4074/5340/3919 4075/5342/3919
f 4053/5317/3920 4052/5315/3920 4067/5341/3920 4068/5343/3920
f 4061/5318/3921 4060/5316/3921 4075/5342/3921 4076/5344/3921
f 4054/5319/3922 4053/5317/3922 4068/5343/3922 4069/5328/3922
f 4062/5320/3923 4061/5318/3923 4076/5344/3923 4077/5330/3923
f 4074/5340/3924 4073/5338/3924 4088/5345/3924 4089/5346/3924
f 4067/5341/3925 4066/5339/3925 4081/5347/3925 4082/5348/3925
f 4075/5342/3926 4074/5340/3926 4089/5346/3926 4090/5349/3926
f 4068/5343/3927 4067/5341/3927 4082/5348/3927 4083/5350/3927
f 4076/5344/3928 4075/5342/3928 4090/5349/3928 4091/5351/3928
f 4069/5328/3929 4068/5343/3929 4083/5350/3929 4084/5352/3929
f 4077/5330/3930 4076/5344/3930 4091/5351/3930 4092/5353/3930
f 4070/5329/3931 4069/5328/3931 4084/5352/3931 4085/5354/3931
f 4078/5331/3932 4077/5330/3932 4092/5353/3932 4093/5355/3932
f 4071/5332/3933 4070/5329/3933 4085/5354/3933 4086/5356/3933
f 4064/5334/3934 3702/5357/3934 4079/5358/3934
f 3928/5359/3935 4078/5331/3935 4093/5355/3935
f 4072/5336/3936 4071/5332/3936 4086/5356/3936 4087/5360/3936
f 4065/5337/3937 4064/5334/3937 4079/5358/3937 4080/5361/3937
f 4073/5338/3938 4072/5336/3938 4087/5360/3938 4088/5345/3938
f 4066/5339/3939 4065/5337/3939 4080/5361/3939 4081/5347/3939
f 4093/5355/3940 4092/5353/3940 4101/4806/3940 4102/4805/3940
f 4086/5356/3941 4085/5354/3941 3623/4810/3941 3624/4809/3941
f 4079/5358/3942 3702/5362/3942 4094/4813/3942
f 3928/5363/3943 4093/5355/3943 4102/4805/3943
f 4087/5360/3944 4086/5356/3944 3624/4809/3944 3625/4817/3944
f 4080/5361/3945 4079/5358/3945 4094/4813/3945 4095/4819/3945
f 4088/5345/3946 4087/5360/3946 3625/4817/3946 4098/4821/3946
f 4081/5347/3947 4080/5361/3947 4095/4819/3947 3621/4823/3947
f 4089/5346/3948 4088/5345/3948 4098/4821/3948 3626/4825/3948
f 4082/5348/3949 4081/5347/3949 3621/4823/3949 4096/4827/3949
f 4090/5349/3950 4089/5346/3950 3626/4825/3950 4099/4829/3950
f 4083/5350/3951 4082/5348/3951 4096/4827/3951 3622/4831/3951
f 4091/5351/3952 4090/5349/3952 4099/4829/3952 4100/4833/3952
f 4084/5352/3953 4083/5350/3953 3622/4831/3953 4097/4835/3953
f 4092/5353/3954 4091/5351/3954 4100/4833/3954 4101/4806/3954
f 4085/5354/3955 4084/5352/3955 4097/4835/3955 3623/4810/3955
o Sphere.007
v 3.667355 4.666143 2.856276
v 3.638832 4.360617 2.467538
v 3.598651 3.930229 2.225819
v 3.576056 3.688204 2.172647
v 3.552930 3.440500 2.167918
v 3.508630 2.965989 2.302651
v 3.727928 4.795248 3.337577
v 3.770050 4.746690 3.097198
v 3.804187 4.651777 2.869733
v 3.829026 4.514157 2.663923
v 3.843614 4.339118 2.487678
v 3.847390 4.133387 2.347770
v 3.840208 3.904869 2.249575
v 3.822345 3.662347 2.196868
v 3.794488 3.415140 2.191675
v 3.757706 3.172750 2.234193
v 3.713413 2.944489 2.322791
v 3.663311 2.739132 2.454062
v 3.609326 2.564569 2.622962
v 3.553533 2.427508 2.823001
v 3.498075 2.333217 3.046490
v 3.774027 4.789289 3.351572
v 3.860476 4.735003 3.124650
v 3.935465 4.634809 2.909587
v 3.996112 4.492561 2.714648
v 4.040086 4.313724 2.547323
v 4.065698 4.105170 2.414044
v 4.071963 3.874914 2.319932
v 4.058640 3.631805 2.268603
v 4.026242 3.385185 2.262031
v 3.976014 3.144533 2.300468
v 3.909885 2.919095 2.382436
v 3.830397 2.717536 2.504786
v 3.740605 2.547601 2.662816
v 3.643959 2.415820 2.850452
v 3.544174 2.327259 3.060485
v 3.816404 4.782646 3.374298
v 3.943602 4.721971 3.169229
v 4.056146 4.615891 2.974306
v 4.149709 4.468482 2.797019
v 4.220697 4.285410 2.644182
v 4.266383 4.073709 2.521668
v 4.285008 3.841516 2.434185
v 4.275860 3.597753 2.385095
v 4.239288 3.351788 2.376284
v 4.176698 3.113073 2.408092
v 4.090496 2.890782 2.479295
v 3.983994 2.693457 2.587157
v 3.861286 2.528682 2.727535
v 3.727085 2.402789 2.895031
v 3.586551 2.320615 3.083211
v 3.853432 4.775573 3.404882
v 4.016234 4.708097 3.229223
v 4.161591 4.595749 3.061403
v 4.283916 4.442847 2.907873
v 4.378508 4.255266 2.774532
v 4.441731 4.040215 2.666505
v 4.471158 3.805959 2.587943
v 4.465656 3.561499 2.541865
v 4.425437 3.316230 2.530042
v 4.352047 3.079578 2.552928
v 4.248306 2.860637 2.609645
v 4.118201 2.667822 2.698011
v 3.966731 2.508540 2.814632
v 3.799717 2.388915 2.955025
v 3.623579 2.313542 3.113796
v 3.883686 4.768342 3.442149
v 4.075581 4.693913 3.302325
v 4.247748 4.575158 3.167531
v 4.393573 4.416639 3.042948
v 4.507451 4.224449 2.933364
v 4.585006 4.005973 2.842989
v 4.623258 3.769608 2.775298
v 4.620736 3.524436 2.732891
v 4.577537 3.279879 2.717397
v 4.495322 3.045336 2.729413
v 4.377250 2.829821 2.768477
v 4.227859 2.641614 2.833086
v 4.052888 2.487949 2.920760
v 3.859064 2.374732 3.028127
v 3.653833 2.306312 3.151063
v 3.679440 4.795584 3.581632
v 3.906005 4.761232 3.484667
v 4.119360 4.679966 3.385727
v 4.311307 4.554909 3.288612
v 4.474468 4.390867 3.197055
v 4.602573 4.194144 3.114574
v 4.690701 3.972300 3.044339
v 4.735462 3.733860 2.989050
v 4.735138 3.487988 2.950830
v 4.689742 3.244132 2.931149
v 4.601016 3.011663 2.930763
v 4.472372 2.799515 2.949687
v 4.308753 2.615842 2.987193
v 4.116447 2.467700 3.041841
v 3.902844 2.360784 3.111529
v 3.676152 2.299201 3.193581
v 3.919531 4.754515 3.530802
v 4.145892 4.666790 3.476223
v 4.349824 4.535780 3.419992
v 4.523492 4.366520 3.364270
v 4.660219 4.165515 3.311198
v 4.754753 3.940490 3.262816
v 4.803460 3.700090 3.220984
v 4.804468 3.453557 3.187308
v 4.757739 3.210362 3.163083
v 4.665069 2.979853 3.149240
v 4.530018 2.770887 3.146311
v 4.357777 2.591495 3.154408
v 4.154964 2.448571 3.173221
v 3.929375 2.347607 3.202025
v 3.689677 2.292484 3.239716
v 3.923743 4.748449 3.578780
v 4.154155 4.654891 3.570336
v 4.361821 4.518506 3.556623
v 4.538760 4.344535 3.538168
v 4.678173 4.139663 3.515681
v 4.774702 3.911764 3.490025
v 4.824637 3.669596 3.462188
v 4.826060 3.422465 3.433237
v 4.778916 3.179868 3.404287
v 4.685018 2.951128 3.376449
v 4.547971 2.745035 3.350794
v 4.373045 2.569510 3.328306
v 4.166961 2.431297 3.309852
v 3.937638 2.335709 3.296139
v 3.693890 2.286418 3.287694
v 3.918480 4.743268 3.626759
v 4.143832 4.644728 3.664449
v 4.346834 4.503751 3.693254
v 4.519686 4.325756 3.712066
v 4.655744 4.117581 3.720163
v 4.749781 3.887228 3.717234
v 4.798181 3.643548 3.703391
v 4.799086 3.395907 3.679166
v 4.752460 3.153820 3.645490
v 4.660096 2.926591 3.603658
v 4.525543 2.722953 3.555276
v 4.353971 2.550730 3.502204
v 4.151974 2.416542 3.446482
v 3.927315 2.325546 3.390251
v 3.688627 2.281237 3.335672
v 3.903945 4.739170 3.672893
v 4.115320 4.636690 3.754945
v 4.305441 4.492083 3.824634
v 4.467003 4.310904 3.879281
v 4.593795 4.100118 3.916788
v 4.680946 3.867824 3.935711
v 4.725107 3.622949 3.935325
v 4.724580 3.374904 3.915644
v 4.679387 3.133220 3.877424
v 4.591262 2.907187 3.822135
v 4.463594 2.705489 3.751900
v 4.301288 2.535879 3.669420
v 4.110581 2.404874 3.577863
v 3.898803 2.317508 3.480748
v 3.674092 2.277140 3.381807
v 3.880696 4.736314 3.715411
v 4.069715 4.631087 3.838347
v 4.239233 4.483948 3.945714
v 4.382735 4.300551 4.033388
v 4.494707 4.087944 4.097998
v 4.570846 3.854297 4.137061
v 4.608225 3.608589 4.149077
v 4.605408 3.360262 4.133584
v 4.562504 3.118860 4.091176
v 4.481162 2.893660 4.023485
v 4.364506 2.693316 3.933110
v 4.217021 2.525526 3.823526
v 4.044373 2.396739 3.698943
v 3.853198 2.311905 3.564149
v 3.650843 2.274283 3.424325
v 3.849626 4.734808 3.752678
v 4.008769 4.628134 3.911449
v 4.150753 4.479661 4.051842
v 4.270122 4.295095 4.168463
v 4.362287 4.081528 4.256829
v 4.423709 3.847168 4.313545
v 4.452025 3.601021 4.336432
v 4.446148 3.352546 4.324609
v 4.406304 3.111292 4.278531
v 4.334024 2.886531 4.199969
v 4.232086 2.686899 4.091942
v 4.104407 2.520070 3.958601
v 3.955893 2.392452 3.805071
v 3.792252 2.308952 3.637252
v 3.619773 2.272778 3.461592
v 3.811929 4.734712 3.783263
v 3.934824 4.627945 3.971443
v 4.043401 4.479386 4.138939
v 4.133489 4.294744 4.279316
v 4.201625 4.081116 4.387179
v 4.245190 3.846710 4.458383
v 4.262511 3.600535 4.490190
v 4.252921 3.352050 4.481380
v 4.216790 3.110806 4.432289
v 4.155506 2.886073 4.344806
v 4.071424 2.686487 4.222292
v 3.967774 2.519719 4.069455
v 3.848541 2.392177 3.892168
v 3.718307 2.308763 3.697245
v 3.582076 2.272681 3.492176
v 3.769054 4.736028 3.805989
v 3.850722 4.630526 4.016022
v 3.921304 4.483133 4.203658
v 3.978089 4.299514 4.361688
v 4.018894 4.086724 4.484038
v 4.042150 3.852941 4.566006
v 4.046965 3.607150 4.604443
v 4.033152 3.358795 4.597870
v 4.001244 3.117421 4.546542
v 3.952466 2.892304 4.452430
v 3.888692 2.692095 4.319151
v 3.812374 2.524488 4.151826
v 3.726444 2.395924 3.956887
v 3.634205 2.311344 3.741824
v 3.539201 2.273997 3.514903
v 3.722649 4.738706 3.819984
v 3.759695 4.635778 4.043473
v 3.789154 4.490759 4.243512
v 3.809893 4.309219 4.412412
v 3.821116 4.098136 4.543683
v 3.822392 3.865622 4.632280
v 3.813670 3.620612 4.674799
v 3.795287 3.372521 4.669605
v 3.767950 3.130883 4.616899
v 3.732708 2.904985 4.518704
v 3.690915 2.703508 4.378796
v 3.644178 2.534194 4.202551
v 3.594294 2.403550 3.996741
v 3.543178 2.316596 3.769276
v 3.492796 2.276675 3.528897
v 3.674497 4.742642 3.824709
v 3.665241 4.643500 4.052743
v 3.652028 4.501970 4.256969
v 3.635365 4.323488 4.429540
v 3.615893 4.114915 4.563823
v 3.594360 3.884265 4.654658
v 3.571593 3.640403 4.698555
v 3.548467 3.392700 4.693827
v 3.525872 3.150675 4.640655
v 3.504675 2.923628 4.541082
v 3.485692 2.720286 4.398936
v 3.469650 2.548463 4.219678
v 3.457168 2.414761 4.010198
v 3.448724 2.324318 3.778545
v 3.444644 2.280612 3.533623
v 3.626448 4.747686 3.819984
v 3.570990 4.653396 4.043473
v 3.515197 4.516335 4.243512
v 3.461212 4.341772 4.412412
v 3.411110 4.136414 4.543683
v 3.366817 3.908154 4.632280
v 3.330035 3.665763 4.674799
v 3.302177 3.418557 4.669605
v 3.284315 3.176035 4.616899
v 3.277133 2.947517 4.518704
v 3.280909 2.741786 4.378796
v 3.295497 2.566746 4.202551
v 3.320337 2.429126 3.996741
v 3.354473 2.334213 3.769276
v 3.396595 2.285656 3.528897
v 3.580349 4.753645 3.805989
v 3.480564 4.665083 4.016022
v 3.383918 4.533303 4.203658
v 3.294126 4.363368 4.361688
v 3.214638 4.161808 4.484038
v 3.148510 3.936371 4.566006
v 3.098281 3.695718 4.604443
v 3.065883 3.449099 4.597870
v 3.052560 3.205990 4.546542
v 3.058825 2.975734 4.452430
v 3.084437 2.767180 4.319150
v 3.128411 2.588343 4.151826
v 3.189058 2.446094 3.956887
v 3.264047 2.345901 3.741824
v 3.350496 2.291614 3.514903
v 3.537972 4.760288 3.783263
v 3.397438 4.678115 3.971442
v 3.263238 4.552221 4.138939
v 3.140529 4.387446 4.279316
v 3.034027 4.190122 4.387179
v 2.947825 3.967831 4.458383
v 2.885235 3.729116 4.490190
v 2.848663 3.483151 4.481379
v 2.839514 3.239388 4.432289
v 2.858141 3.007194 4.344806
v 2.903826 2.795493 4.222292
v 2.974814 2.612421 4.069455
v 3.068378 2.465013 3.892168
v 3.180921 2.358932 3.697245
v 3.308119 2.298258 3.492176
v 3.500945 4.767361 3.752678
v 3.324806 4.691988 3.911449
v 3.157793 4.572363 4.051842
v 3.006323 4.413082 4.168463
v 2.876217 4.220266 4.256829
v 2.772476 4.001326 4.313545
v 2.699086 3.764673 4.336432
v 2.658867 3.519405 4.324608
v 2.653365 3.274945 4.278531
v 2.682792 3.040689 4.199969
v 2.746016 2.825638 4.091942
v 2.840608 2.638057 3.958601
v 2.962933 2.485154 3.805071
v 3.108289 2.372807 3.637252
v 3.271091 2.305330 3.461592
v 3.445083 2.285319 3.284842
v 3.470690 4.774591 3.715411
v 3.265460 4.706172 3.838347
v 3.071635 4.592955 3.945714
v 2.896665 4.439290 4.033388
v 2.747273 4.251083 4.097997
v 2.629201 4.035567 4.137061
v 2.546986 3.801024 4.149076
v 2.503788 3.556468 4.133583
v 2.501266 3.311296 4.091176
v 2.539517 3.074930 4.023485
v 2.617072 2.856454 3.933110
v 2.730950 2.664264 3.823526
v 2.876775 2.505745 3.698943
v 3.048943 2.386990 3.564149
v 3.240837 2.312561 3.424325
v 3.448371 4.781702 3.672893
v 3.221680 4.720120 3.754945
v 3.008077 4.613204 3.824633
v 2.815770 4.465062 3.879281
v 2.652151 4.281388 3.916787
v 2.523507 4.069241 3.935711
v 2.434782 3.836771 3.935325
v 2.389386 3.592916 3.915643
v 2.389061 3.347043 3.877424
v 2.433823 3.108603 3.822135
v 2.521950 2.886760 3.751900
v 2.650055 2.690037 3.669420
v 2.813216 2.525995 3.577862
v 3.005163 2.400938 3.480747
v 3.218518 2.319672 3.381807
v 3.434846 4.788420 3.626759
v 3.195148 4.733296 3.664449
v 2.969559 4.632333 3.693253
v 2.766747 4.489408 3.712066
v 2.594506 4.310017 3.720163
v 2.459455 4.101051 3.717234
v 2.366784 3.870541 3.703391
v 2.320056 3.627347 3.679165
v 2.321064 3.380813 3.645490
v 2.369771 3.140414 3.603658
v 2.464304 2.915388 3.555276
v 2.601032 2.714383 3.502204
v 2.774699 2.545124 3.446482
v 2.978631 2.414114 3.390251
v 3.204993 2.326389 3.335672
v 3.430633 4.794485 3.578780
v 3.186885 4.745194 3.570336
v 2.957563 4.649607 3.556623
v 2.751478 4.511394 3.538168
v 2.576552 4.335869 3.515681
v 2.439506 4.129776 3.490025
v 2.345607 3.901036 3.462187
v 2.298464 3.658439 3.433237
v 2.299886 3.411308 3.404286
v 2.349822 3.169139 3.376449
v 2.446351 2.941240 3.350793
v 2.585763 2.736369 3.328306
v 2.762703 2.562397 3.309851
v 2.970368 2.426013 3.296138
v 3.200780 2.332455 3.287694
v 3.435896 4.799666 3.530802
v 3.197208 4.755358 3.476223
v 2.972549 4.664361 3.419992
v 2.770552 4.530173 3.364270
v 2.598981 4.357951 3.311198
v 2.464427 4.154312 3.262816
v 2.372063 3.927084 3.220984
v 2.325438 3.684997 3.187308
v 2.326343 3.437355 3.163083
v 2.374743 3.193676 3.149240
v 2.468780 2.963322 3.146311
v 2.604837 2.755148 3.154408
v 2.777689 2.577152 3.173221
v 2.980691 2.436176 3.202025
v 3.206043 2.337636 3.239716
v 3.450431 4.803764 3.484667
v 3.225720 4.763395 3.385727
v 3.013942 4.676030 3.288612
v 2.823236 4.545025 3.197055
v 2.660930 4.375414 3.114574
v 2.533261 4.173717 3.044339
v 2.445137 3.947683 2.989050
v 2.399944 3.706000 2.950830
v 2.399416 3.457955 2.931149
v 2.443577 3.213080 2.930763
v 2.530728 2.980786 2.949687
v 2.657521 2.770000 2.987193
v 2.819082 2.588821 3.041841
v 3.009203 2.444213 3.111529
v 3.220578 2.341733 3.193581
v 3.473680 4.806620 3.442150
v 3.271325 4.768998 3.302325
v 3.080151 4.684164 3.167531
v 2.907503 4.555377 3.042948
v 2.760018 4.387588 2.933364
v 2.643362 4.187243 2.842990
v 2.562019 3.962043 2.775298
v 2.519116 3.720641 2.732891
v 2.516299 3.472315 2.717397
v 2.553678 3.226607 2.729414
v 2.629817 2.992959 2.768477
v 2.741788 2.780352 2.833086
v 2.885291 2.596955 2.920760
v 3.054808 2.449816 3.028127
v 3.243827 2.344590 3.151063
v 3.504750 4.808125 3.404882
v 3.332271 4.771951 3.229223
v 3.168631 4.688451 3.061403
v 3.020117 4.560834 2.907873
v 2.892438 4.394004 2.774532
v 2.790499 4.194373 2.666505
v 2.718219 3.969611 2.587943
v 2.678376 3.728358 2.541866
v 2.672499 3.479883 2.530042
v 2.700815 3.233736 2.552929
v 2.762236 2.999376 2.609645
v 2.854402 2.785809 2.698011
v 2.973771 2.601242 2.814632
v 3.115754 2.452769 2.955025
v 3.274897 2.346095 3.113796
v 3.542447 4.808222 3.374298
v 3.406216 4.772141 3.169229
v 3.275982 4.688726 2.974306
v 3.156749 4.561184 2.797019
v 3.053100 4.394416 2.644182
v 2.969018 4.194830 2.521668
v 2.907733 3.970097 2.434185
v 2.871603 3.728853 2.385095
v 2.862013 3.480369 2.376284
v 2.879333 3.234194 2.408092
v 2.922899 2.999788 2.479295
v 2.991034 2.786159 2.587158
v 3.081122 2.601517 2.727535
v 3.189699 2.452959 2.895032
v 3.312594 2.346192 3.083212
v 3.585322 4.806907 3.351572
v 3.490318 4.769560 3.124650
v 3.398079 4.684979 2.909587
v 3.312149 4.556415 2.714648
v 3.235831 4.388808 2.547324
v 3.172057 4.188599 2.414044
v 3.123280 3.963482 2.319932
v 3.091372 3.722108 2.268605
v 3.077559 3.473754 2.262032
v 3.082373 3.227962 2.300468
v 3.105630 2.994179 2.382437
v 3.146434 2.781390 2.504786
v 3.203219 2.597770 2.662816
v 3.273801 2.450378 2.850452
v 3.355469 2.344876 3.060485
v 3.631727 4.804229 3.337577
v 3.581345 4.764307 3.097198
v 3.530230 4.677354 2.869734
v 3.480345 4.546710 2.663924
v 3.433609 4.377396 2.487679
v 3.391816 4.175919 2.347770
v 3.356574 3.950020 2.249576
v 3.329237 3.708383 2.196870
v 3.310853 3.460292 2.191675
v 3.302132 3.215281 2.234194
v 3.303407 2.982767 2.322791
v 3.314630 2.771684 2.454062
v 3.335370 2.590145 2.622963
v 3.364828 2.445125 2.823001
v 3.401874 2.342198 3.046491
v 3.679879 4.800292 3.332852
v 3.675799 4.756585 3.087929
v 3.654873 4.532441 2.646796
v 3.619848 4.157275 2.325392
v 3.530164 3.196638 2.211816
v 3.489158 2.757416 2.436934
v 3.472495 2.578934 2.609506
v 3.459282 2.437403 2.813732
v 3.450026 2.338261 3.041765
vn -0.0567 -0.9148 -0.4000
vn 0.1169 0.2027 -0.9722
vn 0.1025 0.9945 0.0190
vn -0.0812 -0.9735 -0.2137
vn 0.0989 0.0098 -0.9951
vn 0.1199 0.9770 -0.1763
vn 0.0771 -0.1836 -0.9800
vn 0.1326 0.9216 -0.3647
vn 0.0524 -0.3702 -0.9275
vn 0.1402 0.8308 -0.5386
vn 0.0256 -0.5428 -0.8394
vn 0.1424 0.7082 -0.6915
vn -0.0023 -0.6950 -0.7190
vn 0.1391 0.5586 -0.8177
vn -0.0300 -0.8206 -0.5707
vn 0.1305 0.3880 -0.9124
vn 0.3077 0.5389 -0.7841
vn 0.0604 -0.8312 -0.5527
vn 0.3133 0.3666 -0.8760
vn -0.0010 -0.9213 -0.3889
vn 0.3070 0.1805 -0.9344
vn 0.1214 0.9923 0.0227
vn -0.0624 -0.9757 -0.2099
vn 0.2890 -0.0125 -0.9573
vn 0.1756 0.9705 -0.1653
vn 0.2600 -0.2050 -0.9436
vn 0.2230 0.9111 -0.3467
vn 0.2210 -0.3899 -0.8940
vn 0.2617 0.8166 -0.5145
vn 0.1735 -0.5601 -0.8100
vn 0.2903 0.6909 -0.6621
vn 0.1193 -0.7092 -0.6948
vn 0.4318 -0.2294 -0.8723
vn 0.3079 0.8990 -0.3114
vn 0.3795 -0.4124 -0.8282
vn 0.3759 0.8003 -0.4671
vn 0.3125 -0.5799 -0.7523
vn 0.4293 0.6711 -0.6044
vn 0.2335 -0.7255 -0.6474
vn 0.4662 0.5163 -0.7184
vn 0.1453 -0.8433 -0.5174
vn 0.4852 0.3421 -0.8047
vn 0.0513 -0.9287 -0.3672
vn 0.4857 0.1550 -0.8603
vn 0.1390 0.9898 0.0301
vn -0.0447 -0.9782 -0.2026
vn 0.4677 -0.0379 -0.8831
vn 0.2280 0.9630 -0.1435
vn 0.2215 -0.8565 -0.4663
vn 0.6394 0.3155 -0.7012
vn 0.0983 -0.9368 -0.3357
vn 0.6460 0.1273 -0.7526
vn 0.1549 0.9871 0.0407
vn -0.0288 -0.9810 -0.1920
vn 0.6280 -0.0656 -0.7755
vn 0.2749 0.9549 -0.1120
vn 0.5861 -0.2561 -0.7687
vn 0.3842 0.8858 -0.2603
vn 0.5217 -0.4370 -0.7327
vn 0.4784 0.7826 -0.3982
vn 0.4373 -0.6015 -0.6686
vn 0.5541 0.6495 -0.5206
vn 0.3360 -0.7432 -0.5786
vn 0.6084 0.4918 -0.6229
vn 0.6422 -0.4626 -0.6111
vn 0.5653 0.7642 -0.3106
vn 0.5431 -0.6240 -0.5619
vn 0.6598 0.6270 -0.4140
vn 0.4228 -0.7616 -0.4910
vn 0.7289 0.4661 -0.5013
vn 0.2861 -0.8702 -0.4011
vn 0.7701 0.2877 -0.5694
vn 0.1381 -0.9453 -0.2955
vn 0.7819 0.0984 -0.6156
vn 0.1683 0.9842 0.0543
vn -0.0154 -0.9838 -0.1784
vn 0.7638 -0.0945 -0.6384
vn 0.3147 0.9465 -0.0719
vn 0.7167 -0.2839 -0.6369
vn 0.4488 0.8721 -0.1951
vn 0.1692 -0.9538 -0.2483
vn 0.8880 0.0695 -0.4545
vn 0.1789 0.9814 0.0702
vn -0.0049 -0.9867 -0.1625
vn 0.8700 -0.1234 -0.4773
vn 0.3458 0.9380 -0.0247
vn 0.8189 -0.3117 -0.4820
vn 0.4992 0.8583 -0.1185
vn 0.7364 -0.4883 -0.4682
vn 0.6332 0.7457 -0.2077
vn 0.6257 -0.6465 -0.4366
vn 0.7425 0.6045 -0.2886
vn 0.4907 -0.7801 -0.3881
vn 0.8231 0.4405 -0.3584
vn 0.3366 -0.8840 -0.3245
vn 0.8722 0.2598 -0.4144
vn 0.6794 0.7278 -0.0932
vn 0.6820 -0.6682 -0.2972
vn 0.7988 0.5828 -0.1493
vn 0.5370 -0.7980 -0.2736
vn 0.8873 0.4157 -0.1996
vn 0.3710 -0.8972 -0.2394
vn 0.9418 0.2330 -0.2422
vn 0.1904 -0.9620 -0.1959
vn 0.9604 0.0416 -0.2755
vn 0.1860 0.9786 0.0879
vn 0.0023 -0.9895 -0.1447
vn 0.9424 -0.1514 -0.2983
vn 0.3670 0.9298 0.0278
vn 0.8885 -0.3386 -0.3098
vn 0.5337 0.8450 -0.0334
vn 0.8006 -0.5131 -0.3094
vn 0.9962 0.0157 -0.0855
vn 0.1896 0.9760 0.1068
vn 0.0058 -0.9920 -0.1259
vn 0.9782 -0.1772 -0.1083
vn 0.3775 0.9222 0.0834
vn 0.9229 -0.3634 -0.1270
vn 0.5507 0.8328 0.0569
vn 0.8324 -0.5360 -0.1408
vn 0.7023 0.7113 0.0283
vn 0.7099 -0.6883 -0.1493
vn 0.8267 0.5627 -0.0014
vn 0.5599 -0.8145 -0.1521
vn 0.9191 0.3928 -0.0310
vn 0.3880 -0.9095 -0.1491
vn 0.9763 0.2081 -0.0594
vn 0.2009 -0.9695 -0.1402
vn 0.7082 -0.7060 0.0014
vn 0.8250 0.5450 0.1493
vn 0.5585 -0.8290 -0.0283
vn 0.9172 0.3726 0.1408
vn 0.3870 -0.9203 -0.0569
vn 0.9743 0.1863 0.1270
vn 0.2003 -0.9762 -0.0834
vn 0.9941 -0.0070 0.1083
vn 0.1894 0.9738 0.1259
vn 0.0056 -0.9943 -0.1068
vn 0.9761 -0.1999 0.0855
vn 0.3769 0.9156 0.1402
vn 0.9209 -0.3853 0.0594
vn 0.5497 0.8220 0.1491
vn 0.8305 -0.5561 0.0310
vn 0.7010 0.6968 0.1521
vn 0.1854 0.9719 0.1447
vn 0.0017 -0.9961 -0.0879
vn 0.9361 -0.2186 0.2755
vn 0.3652 0.9101 0.1959
vn 0.8824 -0.4033 0.2422
vn 0.5307 0.8131 0.2394
vn 0.7951 -0.5728 0.1996
vn 0.6754 0.6848 0.2736
vn 0.6771 -0.7206 0.1493
vn 0.7939 0.5304 0.2972
vn 0.5330 -0.8410 0.0932
vn 0.8818 0.3560 0.3094
vn 0.3680 -0.9292 0.0334
vn 0.9358 0.1683 0.3098
vn 0.1886 -0.9817 -0.0278
vn 0.9541 -0.0257 0.2983
vn 0.7345 0.5195 0.4366
vn 0.4842 -0.8500 0.2077
vn 0.8141 0.3436 0.4682
vn 0.3317 -0.9359 0.1185
vn 0.8624 0.1548 0.4820
vn 0.1662 -0.9858 0.0247
vn 0.8778 -0.0397 0.4773
vn 0.1778 0.9706 0.1625
vn -0.0059 -0.9975 -0.0702
vn 0.8598 -0.2327 0.4545
vn 0.3428 0.9060 0.2483
vn 0.8090 -0.4168 0.4144
vn 0.4944 0.8064 0.3245
vn 0.7274 -0.5852 0.3584
vn 0.6266 0.6758 0.3881
vn 0.6177 -0.7315 0.2886
vn 0.7501 -0.2415 0.6156
vn 0.3107 0.9034 0.2955
vn 0.7035 -0.4253 0.5694
vn 0.4422 0.8022 0.4011
vn 0.6301 -0.5930 0.5013
vn 0.5565 0.6702 0.4910
vn 0.5324 -0.7384 0.4140
vn 0.6492 0.5127 0.5619
vn 0.4141 -0.8556 0.3106
vn 0.7168 0.3358 0.6111
vn 0.2796 -0.9401 0.1951
vn 0.7569 0.1463 0.6369
vn 0.1341 -0.9884 0.0719
vn 0.7681 -0.0485 0.6384
vn 0.1670 0.9697 0.1784
vn -0.0167 -0.9984 -0.0543
vn 0.3253 -0.8577 0.3982
vn 0.5936 0.3329 0.7327
vn 0.2136 -0.9416 0.2603
vn 0.6233 0.1432 0.7687
vn 0.0934 -0.9893 0.1120
vn 0.6293 -0.0518 0.7755
vn 0.1533 0.9694 0.1920
vn -0.0305 -0.9987 -0.0407
vn 0.6113 -0.2447 0.7526
vn 0.2700 0.9024 0.3357
vn 0.5700 -0.4284 0.7012
vn 0.3762 0.8007 0.4663
vn 0.5069 -0.5959 0.6229
vn 0.4677 0.6681 0.5786
vn 0.4243 -0.7409 0.5206
vn 0.5411 0.5101 0.6686
vn 0.4135 -0.4260 0.8047
vn 0.2989 0.8018 0.5174
vn 0.3626 -0.5937 0.7184
vn 0.3637 0.6697 0.6474
vn 0.2977 -0.7390 0.6044
vn 0.4145 0.5121 0.7523
vn 0.2213 -0.8561 0.4671
vn 0.4493 0.3351 0.8282
vn 0.1362 -0.9405 0.3114
vn 0.4668 0.1456 0.8723
vn 0.0457 -0.9886 0.1435
vn 0.4666 -0.0493 0.8831
vn 0.1371 0.9696 0.2026
vn -0.0466 -0.9985 -0.0301
vn 0.4486 -0.2422 0.8603
vn 0.2224 0.9032 0.3672
vn 0.0505 -0.9366 0.3467
vn 0.2934 0.1533 0.9436
vn -0.0071 -0.9862 0.1653
vn 0.2863 -0.0413 0.9573
vn 0.1193 0.9704 0.2099
vn -0.0644 -0.9977 -0.0227
vn 0.2683 -0.2342 0.9344
vn 0.1695 0.9055 0.3889
vn 0.2401 -0.4183 0.8760
vn 0.2132 0.8057 0.5527
vn 0.2026 -0.5866 0.7841
vn 0.2485 0.6749 0.6948
vn 0.1574 -0.7327 0.6621
vn 0.2742 0.5183 0.8100
vn 0.1060 -0.8509 0.5145
vn 0.2893 0.3422 0.8940
vn 0.1224 0.8120 0.5707
vn 0.0333 -0.5747 0.8177
vn 0.1264 0.6834 0.7190
vn 0.0088 -0.7223 0.6915
vn 0.1256 0.5287 0.8394
vn -0.0160 -0.8424 0.5386
vn 0.1200 0.3541 0.9275
vn -0.0403 -0.9303 0.3647
vn 0.1098 0.1662 0.9800
vn -0.0630 -0.9823 0.1763
vn 0.0954 -0.0279 0.9951
vn 0.1004 0.9717 0.2137
vn -0.0833 -0.9963 -0.0190
vn 0.0774 -0.2208 0.9722
vn 0.1136 0.9094 0.4000
vn 0.0564 -0.4054 0.9124
vn -0.0771 0.1836 0.9800
vn -0.1199 -0.9770 0.1763
vn -0.0989 -0.0098 0.9951
vn 0.0812 0.9735 0.2137
vn -0.1025 -0.9945 -0.0190
vn -0.1169 -0.2027 0.9722
vn 0.0567 0.9148 0.4000
vn -0.1305 -0.3880 0.9124
vn 0.0300 0.8206 0.5707
vn -0.1391 -0.5586 0.8177
vn 0.0023 0.6950 0.7190
vn -0.1424 -0.7082 0.6915
vn -0.0256 0.5428 0.8394
vn -0.1402 -0.8308 0.5386
vn -0.0524 0.3702 0.9275
vn -0.1326 -0.9216 0.3647
vn -0.3077 -0.5389 0.7841
vn -0.1193 0.7092 0.6948
vn -0.2903 -0.6909 0.6621
vn -0.1735 0.5601 0.8100
vn -0.2617 -0.8166 0.5145
vn -0.2210 0.3899 0.8940
vn -0.2230 -0.9111 0.3467
vn -0.2600 0.2050 0.9436
vn -0.1756 -0.9705 0.1653
vn -0.2890 0.0125 0.9572
vn 0.0624 0.9757 0.2099
vn -0.1214 -0.9923 -0.0227
vn -0.3070 -0.1805 0.9344
vn 0.0010 0.9213 0.3889
vn -0.3133 -0.3666 0.8760
vn -0.0604 0.8312 0.5527
vn -0.2280 -0.9630 0.1435
vn -0.4677 0.0379 0.8831
vn 0.0447 0.9782 0.2026
vn -0.1390 -0.9898 -0.0301
vn -0.4857 -0.1550 0.8603
vn -0.0513 0.9287 0.3672
vn -0.4852 -0.3421 0.8047
vn -0.1453 0.8433 0.5174
vn -0.4662 -0.5163 0.7184
vn -0.2335 0.7255 0.6474
vn -0.4293 -0.6711 0.6044
vn -0.3125 0.5799 0.7523
vn -0.3759 -0.8003 0.4671
vn -0.3795 0.4124 0.8282
vn -0.3079 -0.8990 0.3114
vn -0.4318 0.2294 0.8723
vn -0.3360 0.7432 0.5786
vn -0.5541 -0.6495 0.5206
vn -0.4373 0.6015 0.6686
vn -0.4784 -0.7826 0.3982
vn -0.5217 0.4370 0.7327
vn -0.3842 -0.8858 0.2603
vn -0.5861 0.2561 0.7687
vn -0.2749 -0.9549 0.1120
vn -0.6280 0.0656 0.7755
vn 0.0288 0.9810 0.1920
vn -0.1549 -0.9871 -0.0407
vn -0.6460 -0.1273 0.7526
vn -0.0983 0.9368 0.3357
vn -0.6394 -0.3155 0.7012
vn -0.2215 0.8565 0.4663
vn -0.6084 -0.4918 0.6229
vn -0.7638 0.0945 0.6384
vn 0.0154 0.9838 0.1784
vn -0.1683 -0.9842 -0.0543
vn -0.7819 -0.0984 0.6156
vn -0.1381 0.9453 0.2955
vn -0.7701 -0.2877 0.5694
vn -0.2861 0.8702 0.4011
vn -0.7289 -0.4661 0.5013
vn -0.4228 0.7616 0.4910
vn -0.6598 -0.6270 0.4140
vn -0.5431 0.6240 0.5619
vn -0.5653 -0.7642 0.3106
vn -0.6422 0.4626 0.6111
vn -0.4488 -0.8721 0.1951
vn -0.7167 0.2839 0.6369
vn -0.3147 -0.9465 0.0719
vn -0.7425 -0.6045 0.2886
vn -0.6257 0.6465 0.4366
vn -0.6332 -0.7457 0.2077
vn -0.7364 0.4883 0.4682
vn -0.4992 -0.8583 0.1185
vn -0.8189 0.3117 0.4820
vn -0.3458 -0.9380 0.0247
vn -0.8700 0.1234 0.4773
vn 0.0049 0.9867 0.1625
vn -0.1789 -0.9814 -0.0702
vn -0.8880 -0.0695 0.4545
vn -0.1692 0.9538 0.2483
vn -0.8722 -0.2598 0.4144
vn -0.3366 0.8840 0.3245
vn -0.8231 -0.4405 0.3584
vn -0.4907 0.7801 0.3881
vn -0.1860 -0.9786 -0.0879
vn -0.9604 -0.0416 0.2755
vn -0.1904 0.9620 0.1959
vn -0.9418 -0.2330 0.2422
vn -0.3710 0.8972 0.2394
vn -0.8873 -0.4157 0.1996
vn -0.5370 0.7980 0.2736
vn -0.7988 -0.5828 0.1493
vn -0.6820 0.6682 0.2972
vn -0.6794 -0.7278 0.0932
vn -0.8006 0.5131 0.3094
vn -0.5337 -0.8450 0.0334
vn -0.8885 0.3386 0.3098
vn -0.3670 -0.9298 -0.0278
vn -0.9424 0.1514 0.2983
vn -0.0023 0.9895 0.1447
vn -0.7023 -0.7113 -0.0283
vn -0.8324 0.5360 0.1408
vn -0.5507 -0.8328 -0.0569
vn -0.9229 0.3634 0.1270
vn -0.3775 -0.9222 -0.0834
vn -0.9782 0.1772 0.1083
vn -0.0058 0.9920 0.1259
vn -0.1896 -0.9760 -0.1068
vn -0.9962 -0.0157 0.0855
vn -0.2009 0.9695 0.1402
vn -0.9763 -0.2081 0.0594
vn -0.3880 0.9095 0.1491
vn -0.9191 -0.3928 0.0310
vn -0.5599 0.8145 0.1521
vn -0.8267 -0.5627 0.0014
vn -0.7099 0.6883 0.1493
vn -0.2003 0.9762 0.0834
vn -0.9743 -0.1863 -0.1270
vn -0.3870 0.9203 0.0569
vn -0.9172 -0.3726 -0.1408
vn -0.5585 0.8290 0.0283
vn -0.8250 -0.5450 -0.1493
vn -0.7082 0.7060 -0.0014
vn -0.7010 -0.6968 -0.1521
vn -0.8305 0.5561 -0.0310
vn -0.5497 -0.8220 -0.1491
vn -0.9209 0.3853 -0.0594
vn -0.3769 -0.9156 -0.1402
vn -0.9761 0.1999 -0.0855
vn -0.0056 0.9943 0.1068
vn -0.1894 -0.9738 -0.1259
vn -0.9941 0.0070 -0.1083
vn -0.7951 0.5728 -0.1996
vn -0.5307 -0.8131 -0.2394
vn -0.8824 0.4033 -0.2422
vn -0.3652 -0.9101 -0.1959
vn -0.9361 0.2186 -0.2755
vn -0.0017 0.9961 0.0879
vn -0.1854 -0.9719 -0.1447
vn -0.9541 0.0257 -0.2983
vn -0.1886 0.9817 0.0278
vn -0.9358 -0.1683 -0.3098
vn -0.3680 0.9292 -0.0334
vn -0.8818 -0.3560 -0.3094
vn -0.5330 0.8410 -0.0932
vn -0.7939 -0.5304 -0.2972
vn -0.6771 0.7206 -0.1493
vn -0.6754 -0.6848 -0.2736
vn -0.8624 -0.1548 -0.4820
vn -0.3317 0.9359 -0.1185
vn -0.8141 -0.3436 -0.4682
vn -0.4842 0.8500 -0.2077
vn -0.7345 -0.5195 -0.4366
vn -0.6177 0.7315 -0.2886
vn -0.6266 -0.6758 -0.3881
vn -0.7274 0.5852 -0.3584
vn -0.4944 -0.8064 -0.3245
vn -0.8090 0.4168 -0.4144
vn -0.3428 -0.9060 -0.2483
vn -0.8598 0.2327 -0.4545
vn 0.0059 0.9975 0.0702
vn -0.1778 -0.9706 -0.1625
vn -0.8778 0.0397 -0.4773
vn -0.1662 0.9858 -0.0247
vn -0.4422 -0.8022 -0.4011
vn -0.7035 0.4253 -0.5694
vn -0.3107 -0.9034 -0.2955
vn -0.7501 0.2415 -0.6156
vn 0.0167 0.9984 0.0543
vn -0.1670 -0.9697 -0.1784
vn -0.7681 0.0485 -0.6384
vn -0.1341 0.9884 -0.0719
vn -0.7569 -0.1463 -0.6369
vn -0.2796 0.9401 -0.1951
vn -0.7168 -0.3358 -0.6111
vn -0.4141 0.8556 -0.3106
vn -0.6492 -0.5127 -0.5619
vn -0.5324 0.7384 -0.4140
vn -0.5565 -0.6702 -0.4910
vn -0.6301 0.5930 -0.5013
vn -0.2136 0.9416 -0.2603
vn -0.5936 -0.3329 -0.7327
vn -0.3253 0.8577 -0.3982
vn -0.5411 -0.5101 -0.6686
vn -0.4243 0.7409 -0.5206
vn -0.4677 -0.6681 -0.5786
vn -0.5069 0.5959 -0.6229
vn -0.3762 -0.8007 -0.4663
vn -0.5700 0.4284 -0.7012
vn -0.2700 -0.9024 -0.3357
vn -0.6113 0.2447 -0.7526
vn 0.0305 0.9987 0.0407
vn -0.1533 -0.9694 -0.1920
vn -0.6293 0.0518 -0.7755
vn -0.0934 0.9893 -0.1120
vn -0.6233 -0.1432 -0.7687
vn -0.4135 0.4260 -0.8047
vn -0.2224 -0.9032 -0.3672
vn -0.4486 0.2422 -0.8603
vn 0.0466 0.9985 0.0301
vn -0.1371 -0.9696 -0.2026
vn -0.4666 0.0493 -0.8831
vn -0.0457 0.9886 -0.1435
vn -0.4668 -0.1456 -0.8723
vn -0.1362 0.9405 -0.3114
vn -0.4493 -0.3351 -0.8282
vn -0.2213 0.8561 -0.4671
vn -0.4145 -0.5121 -0.7523
vn -0.2977 0.7390 -0.6044
vn -0.3637 -0.6697 -0.6474
vn -0.3626 0.5937 -0.7184
vn -0.2989 -0.8018 -0.5174
vn -0.2893 -0.3422 -0.8940
vn -0.1060 0.8509 -0.5145
vn -0.2742 -0.5183 -0.8100
vn -0.1574 0.7327 -0.6621
vn -0.2485 -0.6749 -0.6948
vn -0.2026 0.5866 -0.7841
vn -0.2132 -0.8057 -0.5527
vn -0.2401 0.4182 -0.8760
vn -0.1695 -0.9055 -0.3889
vn -0.2683 0.2342 -0.9344
vn 0.0644 0.9977 0.0227
vn -0.1193 -0.9704 -0.2099
vn -0.2863 0.0413 -0.9573
vn 0.0071 0.9862 -0.1653
vn -0.2934 -0.1533 -0.9436
vn -0.0505 0.9366 -0.3467
vn -0.1136 -0.9094 -0.4000
vn -0.0774 0.2208 -0.9722
vn 0.0833 0.9963 0.0190
vn -0.1004 -0.9717 -0.2137
vn -0.0954 0.0279 -0.9951
vn 0.0630 0.9823 -0.1763
vn -0.1098 -0.1662 -0.9800
vn 0.0403 0.9303 -0.3647
vn -0.1200 -0.3541 -0.9275
vn 0.0160 0.8424 -0.5386
vn -0.1256 -0.5287 -0.8394
vn -0.0088 0.7223 -0.6915
vn -0.1264 -0.6834 -0.7190
vn -0.0333 0.5747 -0.8177
vn -0.1224 -0.8120 -0.5707
vn -0.0564 0.4054 -0.9124
vt 0.750000 0.062500
vt 0.750000 0.125000
vt 0.718750 0.125000
vt 0.718750 0.062500
vt 0.750000 0.500000
vt 0.750000 0.562500
vt 0.718750 0.562500
vt 0.718750 0.500000
vt 0.750000 0.937500
vt 0.734375 1.000000
vt 0.718750 0.937500
vt 0.734375 0.000000
vt 0.750000 0.437500
vt 0.718750 0.437500
vt 0.750000 0.875000
vt 0.718750 0.875000
vt 0.750000 0.375000
vt 0.718750 0.375000
vt 0.750000 0.812500
vt 0.718750 0.812500
vt 0.750000 0.312500
vt 0.718750 0.312500
vt 0.750000 0.750000
vt 0.718750 0.750000
vt 0.750000 0.250000
vt 0.718750 0.250000
vt 0.750000 0.687500
vt 0.718750 0.687500
vt 0.750000 0.187500
vt 0.718750 0.187500
vt 0.750000 0.625000
vt 0.718750 0.625000
vt 0.687500 0.687500
vt 0.687500 0.625000
vt 0.687500 0.187500
vt 0.687500 0.125000
vt 0.687500 0.562500
vt 0.687500 0.062500
vt 0.687500 0.500000
vt 0.703125 1.000000
vt 0.687500 0.937500
vt 0.703125 0.000000
vt 0.687500 0.437500
vt 0.687500 0.875000
vt 0.687500 0.375000
vt 0.687500 0.812500
vt 0.687500 0.312500
vt 0.687500 0.750000
vt 0.687500 0.250000
vt 0.656250 0.437500
vt 0.656250 0.375000
vt 0.656250 0.875000
vt 0.656250 0.812500
vt 0.656250 0.312500
vt 0.656250 0.750000
vt 0.656250 0.250000
vt 0.656250 0.687500
vt 0.656250 0.187500
vt 0.656250 0.625000
vt 0.656250 0.125000
vt 0.656250 0.562500
vt 0.656250 0.062500
vt 0.656250 0.500000
vt 0.671875 1.000000
vt 0.656250 0.937500
vt 0.671875 0.000000
vt 0.625000 0.187500
vt 0.625000 0.125000
vt 0.625000 0.625000
vt 0.625000 0.562500
vt 0.625000 0.062500
vt 0.625000 0.500000
vt 0.640625 1.000000
vt 0.625000 0.937500
vt 0.640625 0.000000
vt 0.625000 0.437500
vt 0.625000 0.875000
vt 0.625000 0.375000
vt 0.625000 0.812500
vt 0.625000 0.312500
vt 0.625000 0.750000
vt 0.625000 0.250000
vt 0.625000 0.687500
vt 0.593750 0.375000
vt 0.593750 0.312500
vt 0.593750 0.812500
vt 0.593750 0.750000
vt 0.593750 0.250000
vt 0.593750 0.687500
vt 0.593750 0.187500
vt 0.593750 0.625000
vt 0.593750 0.125000
vt 0.593750 0.562500
vt 0.593750 0.062500
vt 0.593750 0.500000
vt 0.609375 1.000000
vt 0.593750 0.937500
vt 0.609375 0.000000
vt 0.593750 0.437500
vt 0.593750 0.875000
vt 0.562500 0.125000
vt 0.562500 0.062500
vt 0.562500 0.562500
vt 0.562500 0.500000
vt 0.578125 1.000000
vt 0.562500 0.937500
vt 0.578125 0.000000
vt 0.562500 0.437500
vt 0.562500 0.875000
vt 0.562500 0.375000
vt 0.562500 0.812500
vt 0.562500 0.312500
vt 0.562500 0.750000
vt 0.562500 0.250000
vt 0.562500 0.687500
vt 0.562500 0.187500
vt 0.562500 0.625000
vt 0.531250 0.812500
vt 0.531250 0.750000
vt 0.531250 0.312500
vt 0.531250 0.250000
vt 0.531250 0.687500
vt 0.531250 0.187500
vt 0.531250 0.625000
vt 0.531250 0.125000
vt 0.531250 0.562500
vt 0.531250 0.062500
vt 0.531250 0.500000
vt 0.546875 1.000000
vt 0.531250 0.937500
vt 0.546875 0.000000
vt 0.531250 0.437500
vt 0.531250 0.875000
vt 0.531250 0.375000
vt 0.500000 0.562500
vt 0.500000 0.500000
vt 0.515625 1.000000
vt 0.500000 0.937500
vt 0.515625 0.000000
vt 0.500000 0.062500
vt 0.500000 0.437500
vt 0.500000 0.875000
vt 0.500000 0.375000
vt 0.500000 0.812500
vt 0.500000 0.312500
vt 0.500000 0.750000
vt 0.500000 0.250000
vt 0.500000 0.687500
vt 0.500000 0.187500
vt 0.500000 0.625000
vt 0.500000 0.125000
vt 0.468750 0.312500
vt 0.468750 0.250000
vt 0.468750 0.750000
vt 0.468750 0.687500
vt 0.468750 0.187500
vt 0.468750 0.625000
vt 0.468750 0.125000
vt 0.468750 0.562500
vt 0.468750 0.062500
vt 0.468750 0.500000
vt 0.484375 1.000000
vt 0.468750 0.937500
vt 0.484375 0.000000
vt 0.468750 0.437500
vt 0.468750 0.875000
vt 0.468750 0.375000
vt 0.468750 0.812500
vt 0.453125 1.000000
vt 0.437500 0.937500
vt 0.453125 0.000000
vt 0.437500 0.062500
vt 0.437500 0.500000
vt 0.437500 0.437500
vt 0.437500 0.875000
vt 0.437500 0.375000
vt 0.437500 0.812500
vt 0.437500 0.312500
vt 0.437500 0.750000
vt 0.437500 0.250000
vt 0.437500 0.687500
vt 0.437500 0.187500
vt 0.437500 0.625000
vt 0.437500 0.125000
vt 0.437500 0.562500
vt 0.406250 0.750000
vt 0.406250 0.687500
vt 0.406250 0.250000
vt 0.406250 0.187500
vt 0.406250 0.625000
vt 0.406250 0.125000
vt 0.406250 0.562500
vt 0.406250 0.062500
vt 0.406250 0.500000
vt 0.421875 1.000000
vt 0.406250 0.937500
vt 0.421875 0.000000
vt 0.406250 0.437500
vt 0.406250 0.875000
vt 0.406250 0.375000
vt 0.406250 0.812500
vt 0.406250 0.312500
vt 0.375000 0.500000
vt 0.375000 0.437500
vt 0.375000 0.937500
vt 0.375000 0.875000
vt 0.375000 0.375000
vt 0.375000 0.812500
vt 0.375000 0.312500
vt 0.375000 0.750000
vt 0.375000 0.250000
vt 0.375000 0.687500
vt 0.375000 0.187500
vt 0.375000 0.625000
vt 0.375000 0.125000
vt 0.375000 0.562500
vt 0.375000 0.062500
vt 0.390625 1.000000
vt 0.390625 0.000000
vt 0.343750 0.250000
vt 0.343750 0.187500
vt 0.343750 0.687500
vt 0.343750 0.625000
vt 0.343750 0.125000
vt 0.343750 0.562500
vt 0.343750 0.062500
vt 0.343750 0.500000
vt 0.359375 1.000000
vt 0.343750 0.937500
vt 0.359375 0.000000
vt 0.343750 0.437500
vt 0.343750 0.875000
vt 0.343750 0.375000
vt 0.343750 0.812500
vt 0.343750 0.312500
vt 0.343750 0.750000
vt 0.312500 0.437500
vt 0.312500 0.375000
vt 0.312500 0.875000
vt 0.312500 0.812500
vt 0.312500 0.312500
vt 0.312500 0.750000
vt 0.312500 0.250000
vt 0.312500 0.687500
vt 0.312500 0.187500
vt 0.312500 0.625000
vt 0.312500 0.125000
vt 0.312500 0.562500
vt 0.312500 0.062500
vt 0.312500 0.500000
vt 0.328125 1.000000
vt 0.312500 0.937500
vt 0.328125 0.000000
vt 0.281250 0.187500
vt 0.281250 0.125000
vt 0.281250 0.625000
vt 0.281250 0.562500
vt 0.281250 0.062500
vt 0.281250 0.500000
vt 0.296875 1.000000
vt 0.281250 0.937500
vt 0.296875 0.000000
vt 0.281250 0.437500
vt 0.281250 0.875000
vt 0.281250 0.375000
vt 0.281250 0.812500
vt 0.281250 0.312500
vt 0.281250 0.750000
vt 0.281250 0.250000
vt 0.281250 0.687500
vt 0.250000 0.875000
vt 0.250000 0.812500
vt 0.250000 0.375000
vt 0.250000 0.312500
vt 0.250000 0.750000
vt 0.250000 0.250000
vt 0.250000 0.687500
vt 0.250000 0.187500
vt 0.250000 0.625000
vt 0.250000 0.125000
vt 0.250000 0.562500
vt 0.250000 0.062500
vt 0.250000 0.500000
vt 0.265625 1.000000
vt 0.250000 0.937500
vt 0.265625 0.000000
vt 0.250000 0.437500
vt 0.218750 0.625000
vt 0.218750 0.562500
vt 0.218750 0.125000
vt 0.218750 0.062500
vt 0.218750 0.500000
vt 0.234375 1.000000
vt 0.218750 0.937500
vt 0.234375 0.000000
vt 0.218750 0.437500
vt 0.218750 0.875000
vt 0.218750 0.375000
vt 0.218750 0.812500
vt 0.218750 0.312500
vt 0.218750 0.750000
vt 0.218750 0.250000
vt 0.218750 0.687500
vt 0.218750 0.187500
vt 0.187500 0.375000
vt 0.187500 0.312500
vt 0.187500 0.812500
vt 0.187500 0.750000
vt 0.187500 0.250000
vt 0.187500 0.687500
vt 0.187500 0.187500
vt 0.187500 0.625000
vt 0.187500 0.125000
vt 0.187500 0.562500
vt 0.187500 0.062500
vt 0.187500 0.500000
vt 0.203125 1.000000
vt 0.187500 0.937500
vt 0.203125 0.000000
vt 0.187500 0.437500
vt 0.187500 0.875000
vt 0.156250 0.125000
vt 0.156250 0.062500
vt 0.156250 0.562500
vt 0.156250 0.500000
vt 0.171875 1.000000
vt 0.156250 0.937500
vt 0.171875 0.000000
vt 0.156250 0.437500
vt 0.156250 0.875000
vt 0.156250 0.375000
vt 0.156250 0.812500
vt 0.156250 0.312500
vt 0.156250 0.750000
vt 0.156250 0.250000
vt 0.156250 0.687500
vt 0.156250 0.187500
vt 0.156250 0.625000
vt 0.125000 0.812500
vt 0.125000 0.750000
vt 0.125000 0.312500
vt 0.125000 0.250000
vt 0.125000 0.687500
vt 0.125000 0.187500
vt 0.125000 0.625000
vt 0.125000 0.125000
vt 0.125000 0.562500
vt 0.125000 0.062500
vt 0.125000 0.500000
vt 0.140625 1.000000
vt 0.125000 0.937500
vt 0.140625 0.000000
vt 0.125000 0.437500
vt 0.125000 0.875000
vt 0.125000 0.375000
vt 0.093750 0.562500
vt 0.093750 0.500000
vt 0.109375 1.000000
vt 0.093750 0.937500
vt 0.109375 0.000000
vt 0.093750 0.062500
vt 0.093750 0.437500
vt 0.093750 0.875000
vt 0.093750 0.375000
vt 0.093750 0.812500
vt 0.093750 0.312500
vt 0.093750 0.750000
vt 0.093750 0.250000
vt 0.093750 0.687500
vt 0.093750 0.187500
vt 0.093750 0.625000
vt 0.093750 0.125000
vt 0.062500 0.312500
vt 0.062500 0.250000
vt 0.062500 0.750000
vt 0.062500 0.687500
vt 0.062500 0.187500
vt 0.062500 0.625000
vt 0.062500 0.125000
vt 0.062500 0.562500
vt 0.062500 0.062500
vt 0.062500 0.500000
vt 0.078125 1.000000
vt 0.062500 0.937500
vt 0.078125 0.000000
vt 0.062500 0.437500
vt 0.062500 0.875000
vt 0.062500 0.375000
vt 0.062500 0.812500
vt 0.046875 0.000000
vt 0.031250 0.062500
vt 0.031250 0.500000
vt 0.031250 0.437500
vt 0.031250 0.937500
vt 0.031250 0.875000
vt 0.031250 0.375000
vt 0.031250 0.812500
vt 0.031250 0.312500
vt 0.031250 0.750000
vt 0.031250 0.250000
vt 0.031250 0.687500
vt 0.031250 0.187500
vt 0.031250 0.625000
vt 0.031250 0.125000
vt 0.031250 0.562500
vt 0.046875 1.000000
vt 0.000000 0.250000
vt 0.000000 0.187500
vt 0.000000 0.687500
vt 0.000000 0.625000
vt 0.000000 0.125000
vt 0.000000 0.562500
vt 0.000000 0.062500
vt 0.000000 0.500000
vt 0.015625 1.000000
vt 0.000000 0.937500
vt 0.015625 0.000000
vt 0.000000 0.437500
vt 0.000000 0.875000
vt 0.000000 0.375000
vt 0.000000 0.812500
vt 0.000000 0.312500
vt 0.000000 0.750000
vt 1.000000 0.875000
vt 1.000000 0.937500
vt 0.968750 0.937500
vt 0.968750 0.875000
vt 1.000000 0.375000
vt 1.000000 0.437500
vt 0.968750 0.437500
vt 0.968750 0.375000
vt 1.000000 0.812500
vt 0.968750 0.812500
vt 1.000000 0.312500
vt 0.968750 0.312500
vt 1.000000 0.750000
vt 0.968750 0.750000
vt 1.000000 0.250000
vt 0.968750 0.250000
vt 1.000000 0.687500
vt 0.968750 0.687500
vt 1.000000 0.187500
vt 0.968750 0.187500
vt 1.000000 0.625000
vt 0.968750 0.625000
vt 1.000000 0.125000
vt 0.968750 0.125000
vt 1.000000 0.562500
vt 0.968750 0.562500
vt 1.000000 0.062500
vt 0.968750 0.062500
vt 1.000000 0.500000
vt 0.968750 0.500000
vt 0.984375 1.000000
vt 0.984375 0.000000
vt 0.937500 0.687500
vt 0.937500 0.625000
vt 0.937500 0.187500
vt 0.937500 0.125000
vt 0.937500 0.562500
vt 0.937500 0.062500
vt 0.937500 0.500000
vt 0.953125 1.000000
vt 0.937500 0.937500
vt 0.953125 0.000000
vt 0.937500 0.437500
vt 0.937500 0.875000
vt 0.937500 0.375000
vt 0.937500 0.812500
vt 0.937500 0.312500
vt 0.937500 0.750000
vt 0.937500 0.250000
vt 0.906250 0.437500
vt 0.906250 0.375000
vt 0.906250 0.875000
vt 0.906250 0.812500
vt 0.906250 0.312500
vt 0.906250 0.750000
vt 0.906250 0.250000
vt 0.906250 0.687500
vt 0.906250 0.187500
vt 0.906250 0.625000
vt 0.906250 0.125000
vt 0.906250 0.562500
vt 0.906250 0.062500
vt 0.906250 0.500000
vt 0.921875 1.000000
vt 0.906250 0.937500
vt 0.921875 0.000000
vt 0.875000 0.187500
vt 0.875000 0.125000
vt 0.875000 0.625000
vt 0.875000 0.562500
vt 0.875000 0.062500
vt 0.875000 0.500000
vt 0.890625 1.000000
vt 0.875000 0.937500
vt 0.890625 0.000000
vt 0.875000 0.437500
vt 0.875000 0.875000
vt 0.875000 0.375000
vt 0.875000 0.812500
vt 0.875000 0.312500
vt 0.875000 0.750000
vt 0.875000 0.250000
vt 0.875000 0.687500
vt 0.843750 0.875000
vt 0.843750 0.812500
vt 0.843750 0.375000
vt 0.843750 0.312500
vt 0.843750 0.750000
vt 0.843750 0.250000
vt 0.843750 0.687500
vt 0.843750 0.187500
vt 0.843750 0.625000
vt 0.843750 0.125000
vt 0.843750 0.562500
vt 0.843750 0.062500
vt 0.843750 0.500000
vt 0.859375 1.000000
vt 0.843750 0.937500
vt 0.859375 0.000000
vt 0.843750 0.437500
vt 0.812500 0.625000
vt 0.812500 0.562500
vt 0.812500 0.125000
vt 0.812500 0.062500
vt 0.812500 0.500000
vt 0.828125 1.000000
vt 0.812500 0.937500
vt 0.828125 0.000000
vt 0.812500 0.437500
vt 0.812500 0.875000
vt 0.812500 0.375000
vt 0.812500 0.812500
vt 0.812500 0.312500
vt 0.812500 0.750000
vt 0.812500 0.250000
vt 0.812500 0.687500
vt 0.812500 0.187500
vt 0.781250 0.375000
vt 0.781250 0.312500
vt 0.781250 0.812500
vt 0.781250 0.750000
vt 0.781250 0.250000
vt 0.781250 0.687500
vt 0.781250 0.187500
vt 0.781250 0.625000
vt 0.781250 0.125000
vt 0.781250 0.562500
vt 0.781250 0.062500
vt 0.781250 0.500000
vt 0.796875 1.000000
vt 0.781250 0.937500
vt 0.796875 0.000000
vt 0.781250 0.437500
vt 0.781250 0.875000
vt 0.765625 1.000000
vt 0.765625 0.000000
s 0
usemtl tree.002
f 4584/5364/3956 4583/5365/3956 4122/5366/3956 4123/5367/3956
f 4106/5368/3957 4105/5369/3957 4115/5370/3957 4116/5371/3957
f 4576/5372/3958 4184/5373/3958 4109/5374/3958
f 4410/5375/3959 4584/5364/3959 4123/5367/3959
f 4107/5376/3960 4106/5368/3960 4116/5371/3960 4117/5377/3960
f 4577/5378/3961 4576/5372/3961 4109/5374/3961 4110/5379/3961
f 4580/5380/3962 4107/5376/3962 4117/5377/3962 4118/5381/3962
f 4103/5382/3963 4577/5378/3963 4110/5379/3963 4111/5383/3963
f 4108/5384/3964 4580/5380/3964 4118/5381/3964 4119/5385/3964
f 4578/5386/3965 4103/5382/3965 4111/5383/3965 4112/5387/3965
f 4581/5388/3966 4108/5384/3966 4119/5385/3966 4120/5389/3966
f 4104/5390/3967 4578/5386/3967 4112/5387/3967 4113/5391/3967
f 4582/5392/3968 4581/5388/3968 4120/5389/3968 4121/5393/3968
f 4579/5394/3969 4104/5390/3969 4113/5391/3969 4114/5395/3969
f 4583/5365/3970 4582/5392/3970 4121/5393/3970 4122/5366/3970
f 4105/5369/3971 4579/5394/3971 4114/5395/3971 4115/5370/3971
f 4114/5395/3972 4113/5391/3972 4128/5396/3972 4129/5397/3972
f 4122/5366/3973 4121/5393/3973 4136/5398/3973 4137/5399/3973
f 4115/5370/3974 4114/5395/3974 4129/5397/3974 4130/5400/3974
f 4123/5367/3975 4122/5366/3975 4137/5399/3975 4138/5401/3975
f 4116/5371/3976 4115/5370/3976 4130/5400/3976 4131/5402/3976
f 4109/5374/3977 4184/5403/3977 4124/5404/3977
f 4410/5405/3978 4123/5367/3978 4138/5401/3978
f 4117/5377/3979 4116/5371/3979 4131/5402/3979 4132/5406/3979
f 4110/5379/3980 4109/5374/3980 4124/5404/3980 4125/5407/3980
f 4118/5381/3981 4117/5377/3981 4132/5406/3981 4133/5408/3981
f 4111/5383/3982 4110/5379/3982 4125/5407/3982 4126/5409/3982
f 4119/5385/3983 4118/5381/3983 4133/5408/3983 4134/5410/3983
f 4112/5387/3984 4111/5383/3984 4126/5409/3984 4127/5411/3984
f 4120/5389/3985 4119/5385/3985 4134/5410/3985 4135/5412/3985
f 4113/5391/3986 4112/5387/3986 4127/5411/3986 4128/5396/3986
f 4121/5393/3987 4120/5389/3987 4135/5412/3987 4136/5398/3987
f 4133/5408/3988 4132/5406/3988 4147/5413/3988 4148/5414/3988
f 4126/5409/3989 4125/5407/3989 4140/5415/3989 4141/5416/3989
f 4134/5410/3990 4133/5408/3990 4148/5414/3990 4149/5417/3990
f 4127/5411/3991 4126/5409/3991 4141/5416/3991 4142/5418/3991
f 4135/5412/3992 4134/5410/3992 4149/5417/3992 4150/5419/3992
f 4128/5396/3993 4127/5411/3993 4142/5418/3993 4143/5420/3993
f 4136/5398/3994 4135/5412/3994 4150/5419/3994 4151/5421/3994
f 4129/5397/3995 4128/5396/3995 4143/5420/3995 4144/5422/3995
f 4137/5399/3996 4136/5398/3996 4151/5421/3996 4152/5423/3996
f 4130/5400/3997 4129/5397/3997 4144/5422/3997 4145/5424/3997
f 4138/5401/3998 4137/5399/3998 4152/5423/3998 4153/5425/3998
f 4131/5402/3999 4130/5400/3999 4145/5424/3999 4146/5426/3999
f 4124/5404/4000 4184/5427/4000 4139/5428/4000
f 4410/5429/4001 4138/5401/4001 4153/5425/4001
f 4132/5406/4002 4131/5402/4002 4146/5426/4002 4147/5413/4002
f 4125/5407/4003 4124/5404/4003 4139/5428/4003 4140/5415/4003
f 4152/5423/4004 4151/5421/4004 4166/5430/4004 4167/5431/4004
f 4145/5424/4005 4144/5422/4005 4159/5432/4005 4160/5433/4005
f 4153/5425/4006 4152/5423/4006 4167/5431/4006 4168/5434/4006
f 4146/5426/4007 4145/5424/4007 4160/5433/4007 4161/5435/4007
f 4139/5428/4008 4184/5436/4008 4154/5437/4008
f 4410/5438/4009 4153/5425/4009 4168/5434/4009
f 4147/5413/4010 4146/5426/4010 4161/5435/4010 4162/5439/4010
f 4140/5415/4011 4139/5428/4011 4154/5437/4011 4155/5440/4011
f 4148/5414/4012 4147/5413/4012 4162/5439/4012 4163/5441/4012
f 4141/5416/4013 4140/5415/4013 4155/5440/4013 4156/5442/4013
f 4149/5417/4014 4148/5414/4014 4163/5441/4014 4164/5443/4014
f 4142/5418/4015 4141/5416/4015 4156/5442/4015 4157/5444/4015
f 4150/5419/4016 4149/5417/4016 4164/5443/4016 4165/5445/4016
f 4143/5420/4017 4142/5418/4017 4157/5444/4017 4158/5446/4017
f 4151/5421/4018 4150/5419/4018 4165/5445/4018 4166/5430/4018
f 4144/5422/4019 4143/5420/4019 4158/5446/4019 4159/5432/4019
f 4164/5443/4020 4163/5441/4020 4178/5447/4020 4179/5448/4020
f 4157/5444/4021 4156/5442/4021 4171/5449/4021 4172/5450/4021
f 4165/5445/4022 4164/5443/4022 4179/5448/4022 4180/5451/4022
f 4158/5446/4023 4157/5444/4023 4172/5450/4023 4173/5452/4023
f 4166/5430/4024 4165/5445/4024 4180/5451/4024 4181/5453/4024
f 4159/5432/4025 4158/5446/4025 4173/5452/4025 4174/5454/4025
f 4167/5431/4026 4166/5430/4026 4181/5453/4026 4182/5455/4026
f 4160/5433/4027 4159/5432/4027 4174/5454/4027 4175/5456/4027
f 4168/5434/4028 4167/5431/4028 4182/5455/4028 4183/5457/4028
f 4161/5435/4029 4160/5433/4029 4175/5456/4029 4176/5458/4029
f 4154/5437/4030 4184/5459/4030 4169/5460/4030
f 4410/5461/4031 4168/5434/4031 4183/5457/4031
f 4162/5439/4032 4161/5435/4032 4176/5458/4032 4177/5462/4032
f 4155/5440/4033 4154/5437/4033 4169/5460/4033 4170/5463/4033
f 4163/5441/4034 4162/5439/4034 4177/5462/4034 4178/5447/4034
f 4156/5442/4035 4155/5440/4035 4170/5463/4035 4171/5449/4035
f 4183/5457/4036 4182/5455/4036 4198/5464/4036 4199/5465/4036
f 4176/5458/4037 4175/5456/4037 4191/5466/4037 4192/5467/4037
f 4169/5460/4038 4184/5468/4038 4185/5469/4038
f 4410/5470/4039 4183/5457/4039 4199/5465/4039
f 4177/5462/4040 4176/5458/4040 4192/5467/4040 4193/5471/4040
f 4170/5463/4041 4169/5460/4041 4185/5469/4041 4186/5472/4041
f 4178/5447/4042 4177/5462/4042 4193/5471/4042 4194/5473/4042
f 4171/5449/4043 4170/5463/4043 4186/5472/4043 4187/5474/4043
f 4179/5448/4044 4178/5447/4044 4194/5473/4044 4195/5475/4044
f 4172/5450/4045 4171/5449/4045 4187/5474/4045 4188/5476/4045
f 4180/5451/4046 4179/5448/4046 4195/5475/4046 4196/5477/4046
f 4173/5452/4047 4172/5450/4047 4188/5476/4047 4189/5478/4047
f 4181/5453/4048 4180/5451/4048 4196/5477/4048 4197/5479/4048
f 4174/5454/4049 4173/5452/4049 4189/5478/4049 4190/5480/4049
f 4182/5455/4050 4181/5453/4050 4197/5479/4050 4198/5464/4050
f 4175/5456/4051 4174/5454/4051 4190/5480/4051 4191/5466/4051
f 4188/5476/4052 4187/5474/4052 4202/5481/4052 4203/5482/4052
f 4196/5477/4053 4195/5475/4053 4210/5483/4053 4211/5484/4053
f 4189/5478/4054 4188/5476/4054 4203/5482/4054 4204/5485/4054
f 4197/5479/4055 4196/5477/4055 4211/5484/4055 4212/5486/4055
f 4190/5480/4056 4189/5478/4056 4204/5485/4056 4205/5487/4056
f 4198/5464/4057 4197/5479/4057 4212/5486/4057 4213/5488/4057
f 4191/5466/4058 4190/5480/4058 4205/5487/4058 4206/5489/4058
f 4199/5465/4059 4198/5464/4059 4213/5488/4059 4214/5490/4059
f 4192/5467/4060 4191/5466/4060 4206/5489/4060 4207/5491/4060
f 4185/5469/4061 4184/5492/4061 4200/5493/4061
f 4410/5494/4062 4199/5465/4062 4214/5490/4062
f 4193/5471/4063 4192/5467/4063 4207/5491/4063 4208/5495/4063
f 4186/5472/4064 4185/5469/4064 4200/5493/4064 4201/5496/4064
f 4194/5473/4065 4193/5471/4065 4208/5495/4065 4209/5497/4065
f 4187/5474/4066 4186/5472/4066 4201/5496/4066 4202/5481/4066
f 4195/5475/4067 4194/5473/4067 4209/5497/4067 4210/5483/4067
f 4207/5491/4068 4206/5489/4068 4221/5498/4068 4222/5499/4068
f 4200/5493/4069 4184/5500/4069 4215/5501/4069
f 4410/5502/4070 4214/5490/4070 4229/5503/4070
f 4208/5495/4071 4207/5491/4071 4222/5499/4071 4223/5504/4071
f 4201/5496/4072 4200/5493/4072 4215/5501/4072 4216/5505/4072
f 4209/5497/4073 4208/5495/4073 4223/5504/4073 4224/5506/4073
f 4202/5481/4074 4201/5496/4074 4216/5505/4074 4217/5507/4074
f 4210/5483/4075 4209/5497/4075 4224/5506/4075 4225/5508/4075
f 4203/5482/4076 4202/5481/4076 4217/5507/4076 4218/5509/4076
f 4211/5484/4077 4210/5483/4077 4225/5508/4077 4226/5510/4077
f 4204/5485/4078 4203/5482/4078 4218/5509/4078 4219/5511/4078
f 4212/5486/4079 4211/5484/4079 4226/5510/4079 4227/5512/4079
f 4205/5487/4080 4204/5485/4080 4219/5511/4080 4220/5513/4080
f 4213/5488/4081 4212/5486/4081 4227/5512/4081 4228/5514/4081
f 4206/5489/4082 4205/5487/4082 4220/5513/4082 4221/5498/4082
f 4214/5490/4083 4213/5488/4083 4228/5514/4083 4229/5503/4083
f 4226/5510/4084 4225/5508/4084 4240/5515/4084 4241/5516/4084
f 4219/5511/4085 4218/5509/4085 4233/5517/4085 4234/5518/4085
f 4227/5512/4086 4226/5510/4086 4241/5516/4086 4242/5519/4086
f 4220/5513/4087 4219/5511/4087 4234/5518/4087 4235/5520/4087
f 4228/5514/4088 4227/5512/4088 4242/5519/4088 4243/5521/4088
f 4221/5498/4089 4220/5513/4089 4235/5520/4089 4236/5522/4089
f 4229/5503/4090 4228/5514/4090 4243/5521/4090 4244/5523/4090
f 4222/5499/4091 4221/5498/4091 4236/5522/4091 4237/5524/4091
f 4215/5501/4092 4184/5525/4092 4230/5526/4092
f 4410/5527/4093 4229/5503/4093 4244/5523/4093
f 4223/5504/4094 4222/5499/4094 4237/5524/4094 4238/5528/4094
f 4216/5505/4095 4215/5501/4095 4230/5526/4095 4231/5529/4095
f 4224/5506/4096 4223/5504/4096 4238/5528/4096 4239/5530/4096
f 4217/5507/4097 4216/5505/4097 4231/5529/4097 4232/5531/4097
f 4225/5508/4098 4224/5506/4098 4239/5530/4098 4240/5515/4098
f 4218/5509/4099 4217/5507/4099 4232/5531/4099 4233/5517/4099
f 4230/5526/4100 4184/5532/4100 4245/5533/4100
f 4410/5534/4101 4244/5523/4101 4259/5535/4101
f 4238/5528/4102 4237/5524/4102 4252/5536/4102 4253/5537/4102
f 4231/5529/4103 4230/5526/4103 4245/5533/4103 4246/5538/4103
f 4239/5530/4104 4238/5528/4104 4253/5537/4104 4254/5539/4104
f 4232/5531/4105 4231/5529/4105 4246/5538/4105 4247/5540/4105
f 4240/5515/4106 4239/5530/4106 4254/5539/4106 4255/5541/4106
f 4233/5517/4107 4232/5531/4107 4247/5540/4107 4248/5542/4107
f 4241/5516/4108 4240/5515/4108 4255/5541/4108 4256/5543/4108
f 4234/5518/4109 4233/5517/4109 4248/5542/4109 4249/5544/4109
f 4242/5519/4110 4241/5516/4110 4256/5543/4110 4257/5545/4110
f 4235/5520/4111 4234/5518/4111 4249/5544/4111 4250/5546/4111
f 4243/5521/4112 4242/5519/4112 4257/5545/4112 4258/5547/4112
f 4236/5522/4113 4235/5520/4113 4250/5546/4113 4251/5548/4113
f 4244/5523/4114 4243/5521/4114 4258/5547/4114 4259/5535/4114
f 4237/5524/4115 4236/5522/4115 4251/5548/4115 4252/5536/4115
f 4249/5544/4116 4248/5542/4116 4263/5549/4116 4264/5550/4116
f 4257/5545/4117 4256/5543/4117 4271/5551/4117 4272/5552/4117
f 4250/5546/4118 4249/5544/4118 4264/5550/4118 4265/5553/4118
f 4258/5547/4119 4257/5545/4119 4272/5552/4119 4273/5554/4119
f 4251/5548/4120 4250/5546/4120 4265/5553/4120 4266/5555/4120
f 4259/5535/4121 4258/5547/4121 4273/5554/4121 4274/5556/4121
f 4252/5536/4122 4251/5548/4122 4266/5555/4122 4267/5557/4122
f 4245/5533/4123 4184/5558/4123 4260/5559/4123
f 4410/5560/4124 4259/5535/4124 4274/5556/4124
f 4253/5537/4125 4252/5536/4125 4267/5557/4125 4268/5561/4125
f 4246/5538/4126 4245/5533/4126 4260/5559/4126 4261/5562/4126
f 4254/5539/4127 4253/5537/4127 4268/5561/4127 4269/5563/4127
f 4247/5540/4128 4246/5538/4128 4261/5562/4128 4262/5564/4128
f 4255/5541/4129 4254/5539/4129 4269/5563/4129 4270/5565/4129
f 4248/5542/4130 4247/5540/4130 4262/5564/4130 4263/5549/4130
f 4256/5543/4131 4255/5541/4131 4270/5565/4131 4271/5551/4131
f 4268/5561/4132 4267/5557/4132 4282/5566/4132 4283/5567/4132
f 4261/5562/4133 4260/5559/4133 4275/5568/4133 4276/5569/4133
f 4269/5563/4134 4268/5561/4134 4283/5567/4134 4284/5570/4134
f 4262/5564/4135 4261/5562/4135 4276/5569/4135 4277/5571/4135
f 4270/5565/4136 4269/5563/4136 4284/5570/4136 4285/5572/4136
f 4263/5549/4137 4262/5564/4137 4277/5571/4137 4278/5573/4137
f 4271/5551/4138 4270/5565/4138 4285/5572/4138 4286/5574/4138
f 4264/5550/4139 4263/5549/4139 4278/5573/4139 4279/5575/4139
f 4272/5552/4140 4271/5551/4140 4286/5574/4140 4287/5576/4140
f 4265/5553/4141 4264/5550/4141 4279/5575/4141 4280/5577/4141
f 4273/5554/4142 4272/5552/4142 4287/5576/4142 4288/5578/4142
f 4266/5555/4143 4265/5553/4143 4280/5577/4143 4281/5579/4143
f 4274/5556/4144 4273/5554/4144 4288/5578/4144 4289/5580/4144
f 4267/5557/4145 4266/5555/4145 4281/5579/4145 4282/5566/4145
f 4260/5559/4146 4184/5581/4146 4275/5568/4146
f 4410/5582/4147 4274/5556/4147 4289/5580/4147
f 4287/5576/4148 4286/5574/4148 4301/5583/4148 4302/5584/4148
f 4280/5577/4149 4279/5575/4149 4294/5585/4149 4295/5586/4149
f 4288/5578/4150 4287/5576/4150 4302/5584/4150 4303/5587/4150
f 4281/5579/4151 4280/5577/4151 4295/5586/4151 4296/5588/4151
f 4289/5580/4152 4288/5578/4152 4303/5587/4152 4304/5589/4152
f 4282/5566/4153 4281/5579/4153 4296/5588/4153 4297/5590/4153
f 4275/5568/4154 4184/5591/4154 4290/5592/4154
f 4410/5593/4155 4289/5580/4155 4304/5589/4155
f 4283/5567/4156 4282/5566/4156 4297/5590/4156 4298/5594/4156
f 4276/5569/4157 4275/5568/4157 4290/5592/4157 4291/5595/4157
f 4284/5570/4158 4283/5567/4158 4298/5594/4158 4299/5596/4158
f 4277/5571/4159 4276/5569/4159 4291/5595/4159 4292/5597/4159
f 4285/5572/4160 4284/5570/4160 4299/5596/4160 4300/5598/4160
f 4278/5573/4161 4277/5571/4161 4292/5597/4161 4293/5599/4161
f 4286/5574/4162 4285/5572/4162 4300/5598/4162 4301/5583/4162
f 4279/5575/4163 4278/5573/4163 4293/5599/4163 4294/5585/4163
f 4299/5596/4164 4298/5594/4164 4313/5600/4164 4314/5601/4164
f 4292/5597/4165 4291/5595/4165 4306/5602/4165 4307/5603/4165
f 4300/5598/4166 4299/5596/4166 4314/5601/4166 4315/5604/4166
f 4293/5599/4167 4292/5597/4167 4307/5603/4167 4308/5605/4167
f 4301/5583/4168 4300/5598/4168 4315/5604/4168 4316/5606/4168
f 4294/5585/4169 4293/5599/4169 4308/5605/4169 4309/5607/4169
f 4302/5584/4170 4301/5583/4170 4316/5606/4170 4317/5608/4170
f 4295/5586/4171 4294/5585/4171 4309/5607/4171 4310/5609/4171
f 4303/5587/4172 4302/5584/4172 4317/5608/4172 4318/5610/4172
f 4296/5588/4173 4295/5586/4173 4310/5609/4173 4311/5611/4173
f 4304/5589/4174 4303/5587/4174 4318/5610/4174 4319/5612/4174
f 4297/5590/4175 4296/5588/4175 4311/5611/4175 4312/5613/4175
f 4290/5592/4176 4184/5614/4176 4305/5615/4176
f 4410/5616/4177 4304/5589/4177 4319/5612/4177
f 4298/5594/4178 4297/5590/4178 4312/5613/4178 4313/5600/4178
f 4291/5595/4179 4290/5592/4179 4305/5615/4179 4306/5602/4179
f 4318/5610/4180 4317/5608/4180 4332/5617/4180 4333/5618/4180
f 4311/5611/4181 4310/5609/4181 4325/5619/4181 4326/5620/4181
f 4319/5612/4182 4318/5610/4182 4333/5618/4182 4334/5621/4182
f 4312/5613/4183 4311/5611/4183 4326/5620/4183 4327/5622/4183
f 4305/5615/4184 4184/5623/4184 4320/5624/4184
f 4410/5625/4185 4319/5612/4185 4334/5621/4185
f 4313/5600/4186 4312/5613/4186 4327/5622/4186 4328/5626/4186
f 4306/5602/4187 4305/5615/4187 4320/5624/4187 4321/5627/4187
f 4314/5601/4188 4313/5600/4188 4328/5626/4188 4329/5628/4188
f 4307/5603/4189 4306/5602/4189 4321/5627/4189 4322/5629/4189
f 4315/5604/4190 4314/5601/4190 4329/5628/4190 4330/5630/4190
f 4308/5605/4191 4307/5603/4191 4322/5629/4191 4323/5631/4191
f 4316/5606/4192 4315/5604/4192 4330/5630/4192 4331/5632/4192
f 4309/5607/4193 4308/5605/4193 4323/5631/4193 4324/5633/4193
f 4317/5608/4194 4316/5606/4194 4331/5632/4194 4332/5617/4194
f 4310/5609/4195 4309/5607/4195 4324/5633/4195 4325/5619/4195
f 4322/5629/4196 4321/5627/4196 4336/5634/4196 4337/5635/4196
f 4330/5630/4197 4329/5628/4197 4344/5636/4197 4345/5637/4197
f 4323/5631/4198 4322/5629/4198 4337/5635/4198 4338/5638/4198
f 4331/5632/4199 4330/5630/4199 4345/5637/4199 4346/5639/4199
f 4324/5633/4200 4323/5631/4200 4338/5638/4200 4339/5640/4200
f 4332/5617/4201 4331/5632/4201 4346/5639/4201 4347/5641/4201
f 4325/5619/4202 4324/5633/4202 4339/5640/4202 4340/5642/4202
f 4333/5618/4203 4332/5617/4203 4347/5641/4203 4348/5643/4203
f 4326/5620/4204 4325/5619/4204 4340/5642/4204 4341/5644/4204
f 4334/5621/4205 4333/5618/4205 4348/5643/4205 4349/5645/4205
f 4327/5622/4206 4326/5620/4206 4341/5644/4206 4342/5646/4206
f 4320/5624/4207 4184/5647/4207 4335/5648/4207
f 4410/5649/4208 4334/5621/4208 4349/5645/4208
f 4328/5626/4209 4327/5622/4209 4342/5646/4209 4343/5650/4209
f 4321/5627/4210 4320/5624/4210 4335/5648/4210 4336/5634/4210
f 4329/5628/4211 4328/5626/4211 4343/5650/4211 4344/5636/4211
f 4341/5644/4212 4340/5642/4212 4355/5651/4212 4356/5652/4212
f 4349/5645/4213 4348/5643/4213 4363/5653/4213 4364/5654/4213
f 4342/5646/4214 4341/5644/4214 4356/5652/4214 4357/5655/4214
f 4335/5648/4215 4184/5656/4215 4350/5657/4215
f 4410/5658/4216 4349/5645/4216 4364/5654/4216
f 4343/5650/4217 4342/5646/4217 4357/5655/4217 4358/5659/4217
f 4336/5634/4218 4335/5648/4218 4350/5657/4218 4351/5660/4218
f 4344/5636/4219 4343/5650/4219 4358/5659/4219 4359/5661/4219
f 4337/5635/4220 4336/5634/4220 4351/5660/4220 4352/5662/4220
f 4345/5637/4221 4344/5636/4221 4359/5661/4221 4360/5663/4221
f 4338/5638/4222 4337/5635/4222 4352/5662/4222 4353/5664/4222
f 4346/5639/4223 4345/5637/4223 4360/5663/4223 4361/5665/4223
f 4339/5640/4224 4338/5638/4224 4353/5664/4224 4354/5666/4224
f 4347/5641/4225 4346/5639/4225 4361/5665/4225 4362/5667/4225
f 4340/5642/4226 4339/5640/4226 4354/5666/4226 4355/5651/4226
f 4348/5643/4227 4347/5641/4227 4362/5667/4227 4363/5653/4227
f 4360/5663/4228 4359/5661/4228 4374/5668/4228 4375/5669/4228
f 4353/5664/4229 4352/5662/4229 4367/5670/4229 4368/5671/4229
f 4361/5665/4230 4360/5663/4230 4375/5669/4230 4376/5672/4230
f 4354/5666/4231 4353/5664/4231 4368/5671/4231 4369/5673/4231
f 4362/5667/4232 4361/5665/4232 4376/5672/4232 4377/5674/4232
f 4355/5651/4233 4354/5666/4233 4369/5673/4233 4370/5675/4233
f 4363/5653/4234 4362/5667/4234 4377/5674/4234 4378/5676/4234
f 4356/5652/4235 4355/5651/4235 4370/5675/4235 4371/5677/4235
f 4364/5654/4236 4363/5653/4236 4378/5676/4236 4379/5678/4236
f 4357/5655/4237 4356/5652/4237 4371/5677/4237 4372/5679/4237
f 4350/5657/4238 4184/5680/4238 4365/5681/4238
f 4410/5682/4239 4364/5654/4239 4379/5678/4239
f 4358/5659/4240 4357/5655/4240 4372/5679/4240 4373/5683/4240
f 4351/5660/4241 4350/5657/4241 4365/5681/4241 4366/5684/4241
f 4359/5661/4242 4358/5659/4242 4373/5683/4242 4374/5668/4242
f 4352/5662/4243 4351/5660/4243 4366/5684/4243 4367/5670/4243
f 4379/5678/4244 4378/5676/4244 4393/5685/4244 4394/5686/4244
f 4372/5679/4245 4371/5677/4245 4386/5687/4245 4387/5688/4245
f 4365/5681/4246 4184/5689/4246 4380/5690/4246
f 4410/5691/4247 4379/5678/4247 4394/5686/4247
f 4373/5683/4248 4372/5679/4248 4387/5688/4248 4388/5692/4248
f 4366/5684/4249 4365/5681/4249 4380/5690/4249 4381/5693/4249
f 4374/5668/4250 4373/5683/4250 4388/5692/4250 4389/5694/4250
f 4367/5670/4251 4366/5684/4251 4381/5693/4251 4382/5695/4251
f 4375/5669/4252 4374/5668/4252 4389/5694/4252 4390/5696/4252
f 4368/5671/4253 4367/5670/4253 4382/5695/4253 4383/5697/4253
f 4376/5672/4254 4375/5669/4254 4390/5696/4254 4391/5698/4254
f 4369/5673/4255 4368/5671/4255 4383/5697/4255 4384/5699/4255
f 4377/5674/4256 4376/5672/4256 4391/5698/4256 4392/5700/4256
f 4370/5675/4257 4369/5673/4257 4384/5699/4257 4385/5701/4257
f 4378/5676/4258 4377/5674/4258 4392/5700/4258 4393/5685/4258
f 4371/5677/4259 4370/5675/4259 4385/5701/4259 4386/5687/4259
f 4383/5697/4260 4382/5695/4260 4397/5702/4260 4398/5703/4260
f 4391/5698/4261 4390/5696/4261 4405/5704/4261 4406/5705/4261
f 4384/5699/4262 4383/5697/4262 4398/5703/4262 4399/5706/4262
f 4392/5700/4263 4391/5698/4263 4406/5705/4263 4407/5707/4263
f 4385/5701/4264 4384/5699/4264 4399/5706/4264 4400/5708/4264
f 4393/5685/4265 4392/5700/4265 4407/5707/4265 4408/5709/4265
f 4386/5687/4266 4385/5701/4266 4400/5708/4266 4401/5710/4266
f 4394/5686/4267 4393/5685/4267 4408/5709/4267 4409/5711/4267
f 4387/5688/4268 4386/5687/4268 4401/5710/4268 4402/5712/4268
f 4380/5690/4269 4184/5713/4269 4395/5714/4269
f 4410/5715/4270 4394/5686/4270 4409/5711/4270
f 4388/5692/4271 4387/5688/4271 4402/5712/4271 4403/5716/4271
f 4381/5693/4272 4380/5690/4272 4395/5714/4272 4396/5717/4272
f 4389/5694/4273 4388/5692/4273 4403/5716/4273 4404/5718/4273
f 4382/5695/4274 4381/5693/4274 4396/5717/4274 4397/5702/4274
f 4390/5696/4275 4389/5694/4275 4404/5718/4275 4405/5704/4275
f 4402/5712/4276 4401/5710/4276 4417/5719/4276 4418/5720/4276
f 4395/5714/4277 4184/5721/4277 4411/5722/4277
f 4410/5723/4278 4409/5711/4278 4425/5724/4278
f 4403/5716/4279 4402/5712/4279 4418/5720/4279 4419/5725/4279
f 4396/5717/4280 4395/5714/4280 4411/5722/4280 4412/5726/4280
f 4404/5718/4281 4403/5716/4281 4419/5725/4281 4420/5727/4281
f 4397/5702/4282 4396/5717/4282 4412/5726/4282 4413/5728/4282
f 4405/5704/4283 4404/5718/4283 4420/5727/4283 4421/5729/4283
f 4398/5703/4284 4397/5702/4284 4413/5728/4284 4414/5730/4284
f 4406/5705/4285 4405/5704/4285 4421/5729/4285 4422/5731/4285
f 4399/5706/4286 4398/5703/4286 4414/5730/4286 4415/5732/4286
f 4407/5707/4287 4406/5705/4287 4422/5731/4287 4423/5733/4287
f 4400/5708/4288 4399/5706/4288 4415/5732/4288 4416/5734/4288
f 4408/5709/4289 4407/5707/4289 4423/5733/4289 4424/5735/4289
f 4401/5710/4290 4400/5708/4290 4416/5734/4290 4417/5719/4290
f 4409/5711/4291 4408/5709/4291 4424/5735/4291 4425/5724/4291
f 4422/5731/4292 4421/5729/4292 4436/5736/4292 4437/5737/4292
f 4415/5732/4293 4414/5730/4293 4429/5738/4293 4430/5739/4293
f 4423/5733/4294 4422/5731/4294 4437/5737/4294 4438/5740/4294
f 4416/5734/4295 4415/5732/4295 4430/5739/4295 4431/5741/4295
f 4424/5735/4296 4423/5733/4296 4438/5740/4296 4439/5742/4296
f 4417/5719/4297 4416/5734/4297 4431/5741/4297 4432/5743/4297
f 4425/5724/4298 4424/5735/4298 4439/5742/4298 4440/5744/4298
f 4418/5720/4299 4417/5719/4299 4432/5743/4299 4433/5745/4299
f 4411/5722/4300 4184/5746/4300 4426/5747/4300
f 4410/5748/4301 4425/5724/4301 4440/5744/4301
f 4419/5725/4302 4418/5720/4302 4433/5745/4302 4434/5749/4302
f 4412/5726/4303 4411/5722/4303 4426/5747/4303 4427/5750/4303
f 4420/5727/4304 4419/5725/4304 4434/5749/4304 4435/5751/4304
f 4413/5728/4305 4412/5726/4305 4427/5750/4305 4428/5752/4305
f 4421/5729/4306 4420/5727/4306 4435/5751/4306 4436/5736/4306
f 4414/5730/4307 4413/5728/4307 4428/5752/4307 4429/5738/4307
f 4410/5753/4308 4440/5744/4308 4455/5754/4308
f 4434/5749/4309 4433/5745/4309 4448/5755/4309 4449/5756/4309
f 4427/5750/4310 4426/5747/4310 4441/5757/4310 4442/5758/4310
f 4435/5751/4311 4434/5749/4311 4449/5756/4311 4450/5759/4311
f 4428/5752/4312 4427/5750/4312 4442/5758/4312 4443/5760/4312
f 4436/5736/4313 4435/5751/4313 4450/5759/4313 4451/5761/4313
f 4429/5738/4314 4428/5752/4314 4443/5760/4314 4444/5762/4314
f 4437/5737/4315 4436/5736/4315 4451/5761/4315 4452/5763/4315
f 4430/5739/4316 4429/5738/4316 4444/5762/4316 4445/5764/4316
f 4438/5740/4317 4437/5737/4317 4452/5763/4317 4453/5765/4317
f 4431/5741/4318 4430/5739/4318 4445/5764/4318 4446/5766/4318
f 4439/5742/4319 4438/5740/4319 4453/5765/4319 4454/5767/4319
f 4432/5743/4320 4431/5741/4320 4446/5766/4320 4447/5768/4320
f 4440/5744/4321 4439/5742/4321 4454/5767/4321 4455/5754/4321
f 4433/5745/4322 4432/5743/4322 4447/5768/4322 4448/5755/4322
f 4426/5747/4323 4184/5769/4323 4441/5757/4323
f 4453/5765/4324 4452/5763/4324 4467/5770/4324 4468/5771/4324
f 4446/5766/4325 4445/5764/4325 4460/5772/4325 4461/5773/4325
f 4454/5767/4326 4453/5765/4326 4468/5771/4326 4469/5774/4326
f 4447/5768/4327 4446/5766/4327 4461/5773/4327 4462/5775/4327
f 4455/5754/4328 4454/5767/4328 4469/5774/4328 4470/5776/4328
f 4448/5755/4329 4447/5768/4329 4462/5775/4329 4463/5777/4329
f 4441/5757/4330 4184/5778/4330 4456/5779/4330
f 4410/5780/4331 4455/5754/4331 4470/5776/4331
f 4449/5756/4332 4448/5755/4332 4463/5777/4332 4464/5781/4332
f 4442/5758/4333 4441/5757/4333 4456/5779/4333 4457/5782/4333
f 4450/5759/4334 4449/5756/4334 4464/5781/4334 4465/5783/4334
f 4443/5760/4335 4442/5758/4335 4457/5782/4335 4458/5784/4335
f 4451/5761/4336 4450/5759/4336 4465/5783/4336 4466/5785/4336
f 4444/5762/4337 4443/5760/4337 4458/5784/4337 4459/5786/4337
f 4452/5763/4338 4451/5761/4338 4466/5785/4338 4467/5770/4338
f 4445/5764/4339 4444/5762/4339 4459/5786/4339 4460/5772/4339
f 4457/5787/4340 4456/5788/4340 4471/5789/4340 4472/5790/4340
f 4465/5791/4341 4464/5792/4341 4479/5793/4341 4480/5794/4341
f 4458/5795/4342 4457/5787/4342 4472/5790/4342 4473/5796/4342
f 4466/5797/4343 4465/5791/4343 4480/5794/4343 4481/5798/4343
f 4459/5799/4344 4458/5795/4344 4473/5796/4344 4474/5800/4344
f 4467/5801/4345 4466/5797/4345 4481/5798/4345 4482/5802/4345
f 4460/5803/4346 4459/5799/4346 4474/5800/4346 4475/5804/4346
f 4468/5805/4347 4467/5801/4347 4482/5802/4347 4483/5806/4347
f 4461/5807/4348 4460/5803/4348 4475/5804/4348 4476/5808/4348
f 4469/5809/4349 4468/5805/4349 4483/5806/4349 4484/5810/4349
f 4462/5811/4350 4461/5807/4350 4476/5808/4350 4477/5812/4350
f 4470/5813/4351 4469/5809/4351 4484/5810/4351 4485/5814/4351
f 4463/5815/4352 4462/5811/4352 4477/5812/4352 4478/5816/4352
f 4456/5788/4353 4184/5817/4353 4471/5789/4353
f 4410/5818/4354 4470/5813/4354 4485/5814/4354
f 4464/5792/4355 4463/5815/4355 4478/5816/4355 4479/5793/4355
f 4476/5808/4356 4475/5804/4356 4490/5819/4356 4491/5820/4356
f 4484/5810/4357 4483/5806/4357 4498/5821/4357 4499/5822/4357
f 4477/5812/4358 4476/5808/4358 4491/5820/4358 4492/5823/4358
f 4485/5814/4359 4484/5810/4359 4499/5822/4359 4500/5824/4359
f 4478/5816/4360 4477/5812/4360 4492/5823/4360 4493/5825/4360
f 4471/5789/4361 4184/5826/4361 4486/5827/4361
f 4410/5828/4362 4485/5814/4362 4500/5824/4362
f 4479/5793/4363 4478/5816/4363 4493/5825/4363 4494/5829/4363
f 4472/5790/4364 4471/5789/4364 4486/5827/4364 4487/5830/4364
f 4480/5794/4365 4479/5793/4365 4494/5829/4365 4495/5831/4365
f 4473/5796/4366 4472/5790/4366 4487/5830/4366 4488/5832/4366
f 4481/5798/4367 4480/5794/4367 4495/5831/4367 4496/5833/4367
f 4474/5800/4368 4473/5796/4368 4488/5832/4368 4489/5834/4368
f 4482/5802/4369 4481/5798/4369 4496/5833/4369 4497/5835/4369
f 4475/5804/4370 4474/5800/4370 4489/5834/4370 4490/5819/4370
f 4483/5806/4371 4482/5802/4371 4497/5835/4371 4498/5821/4371
f 4495/5831/4372 4494/5829/4372 4509/5836/4372 4510/5837/4372
f 4488/5832/4373 4487/5830/4373 4502/5838/4373 4503/5839/4373
f 4496/5833/4374 4495/5831/4374 4510/5837/4374 4511/5840/4374
f 4489/5834/4375 4488/5832/4375 4503/5839/4375 4504/5841/4375
f 4497/5835/4376 4496/5833/4376 4511/5840/4376 4512/5842/4376
f 4490/5819/4377 4489/5834/4377 4504/5841/4377 4505/5843/4377
f 4498/5821/4378 4497/5835/4378 4512/5842/4378 4513/5844/4378
f 4491/5820/4379 4490/5819/4379 4505/5843/4379 4506/5845/4379
f 4499/5822/4380 4498/5821/4380 4513/5844/4380 4514/5846/4380
f 4492/5823/4381 4491/5820/4381 4506/5845/4381 4507/5847/4381
f 4500/5824/4382 4499/5822/4382 4514/5846/4382 4515/5848/4382
f 4493/5825/4383 4492/5823/4383 4507/5847/4383 4508/5849/4383
f 4486/5827/4384 4184/5850/4384 4501/5851/4384
f 4410/5852/4385 4500/5824/4385 4515/5848/4385
f 4494/5829/4386 4493/5825/4386 4508/5849/4386 4509/5836/4386
f 4487/5830/4387 4486/5827/4387 4501/5851/4387 4502/5838/4387
f 4514/5846/4388 4513/5844/4388 4528/5853/4388 4529/5854/4388
f 4507/5847/4389 4506/5845/4389 4521/5855/4389 4522/5856/4389
f 4515/5848/4390 4514/5846/4390 4529/5854/4390 4530/5857/4390
f 4508/5849/4391 4507/5847/4391 4522/5856/4391 4523/5858/4391
f 4501/5851/4392 4184/5859/4392 4516/5860/4392
f 4410/5861/4393 4515/5848/4393 4530/5857/4393
f 4509/5836/4394 4508/5849/4394 4523/5858/4394 4524/5862/4394
f 4502/5838/4395 4501/5851/4395 4516/5860/4395 4517/5863/4395
f 4510/5837/4396 4509/5836/4396 4524/5862/4396 4525/5864/4396
f 4503/5839/4397 4502/5838/4397 4517/5863/4397 4518/5865/4397
f 4511/5840/4398 4510/5837/4398 4525/5864/4398 4526/5866/4398
f 4504/5841/4399 4503/5839/4399 4518/5865/4399 4519/5867/4399
f 4512/5842/4400 4511/5840/4400 4526/5866/4400 4527/5868/4400
f 4505/5843/4401 4504/5841/4401 4519/5867/4401 4520/5869/4401
f 4513/5844/4402 4512/5842/4402 4527/5868/4402 4528/5853/4402
f 4506/5845/4403 4505/5843/4403 4520/5869/4403 4521/5855/4403
f 4518/5865/4404 4517/5863/4404 4532/5870/4404 4533/5871/4404
f 4526/5866/4405 4525/5864/4405 4540/5872/4405 4541/5873/4405
f 4519/5867/4406 4518/5865/4406 4533/5871/4406 4534/5874/4406
f 4527/5868/4407 4526/5866/4407 4541/5873/4407 4542/5875/4407
f 4520/5869/4408 4519/5867/4408 4534/5874/4408 4535/5876/4408
f 4528/5853/4409 4527/5868/4409 4542/5875/4409 4543/5877/4409
f 4521/5855/4410 4520/5869/4410 4535/5876/4410 4536/5878/4410
f 4529/5854/4411 4528/5853/4411 4543/5877/4411 4544/5879/4411
f 4522/5856/4412 4521/5855/4412 4536/5878/4412 4537/5880/4412
f 4530/5857/4413 4529/5854/4413 4544/5879/4413 4545/5881/4413
f 4523/5858/4414 4522/5856/4414 4537/5880/4414 4538/5882/4414
f 4516/5860/4415 4184/5883/4415 4531/5884/4415
f 4410/5885/4416 4530/5857/4416 4545/5881/4416
f 4524/5862/4417 4523/5858/4417 4538/5882/4417 4539/5886/4417
f 4517/5863/4418 4516/5860/4418 4531/5884/4418 4532/5870/4418
f 4525/5864/4419 4524/5862/4419 4539/5886/4419 4540/5872/4419
f 4537/5880/4420 4536/5878/4420 4551/5887/4420 4552/5888/4420
f 4545/5881/4421 4544/5879/4421 4559/5889/4421 4560/5890/4421
f 4538/5882/4422 4537/5880/4422 4552/5888/4422 4553/5891/4422
f 4531/5884/4423 4184/5892/4423 4546/5893/4423
f 4410/5894/4424 4545/5881/4424 4560/5890/4424
f 4539/5886/4425 4538/5882/4425 4553/5891/4425 4554/5895/4425
f 4532/5870/4426 4531/5884/4426 4546/5893/4426 4547/5896/4426
f 4540/5872/4427 4539/5886/4427 4554/5895/4427 4555/5897/4427
f 4533/5871/4428 4532/5870/4428 4547/5896/4428 4548/5898/4428
f 4541/5873/4429 4540/5872/4429 4555/5897/4429 4556/5899/4429
f 4534/5874/4430 4533/5871/4430 4548/5898/4430 4549/5900/4430
f 4542/5875/4431 4541/5873/4431 4556/5899/4431 4557/5901/4431
f 4535/5876/4432 4534/5874/4432 4549/5900/4432 4550/5902/4432
f 4543/5877/4433 4542/5875/4433 4557/5901/4433 4558/5903/4433
f 4536/5878/4434 4535/5876/4434 4550/5902/4434 4551/5887/4434
f 4544/5879/4435 4543/5877/4435 4558/5903/4435 4559/5889/4435
f 4556/5899/4436 4555/5897/4436 4570/5904/4436 4571/5905/4436
f 4549/5900/4437 4548/5898/4437 4563/5906/4437 4564/5907/4437
f 4557/5901/4438 4556/5899/4438 4571/5905/4438 4572/5908/4438
f 4550/5902/4439 4549/5900/4439 4564/5907/4439 4565/5909/4439
f 4558/5903/4440 4557/5901/4440 4572/5908/4440 4573/5910/4440
f 4551/5887/4441 4550/5902/4441 4565/5909/4441 4566/5911/4441
f 4559/5889/4442 4558/5903/4442 4573/5910/4442 4574/5912/4442
f 4552/5888/4443 4551/5887/4443 4566/5911/4443 4567/5913/4443
f 4560/5890/4444 4559/5889/4444 4574/5912/4444 4575/5914/4444
f 4553/5891/4445 4552/5888/4445 4567/5913/4445 4568/5915/4445
f 4546/5893/4446 4184/5916/4446 4561/5917/4446
f 4410/5918/4447 4560/5890/4447 4575/5914/4447
f 4554/5895/4448 4553/5891/4448 4568/5915/4448 4569/5919/4448
f 4547/5896/4449 4546/5893/4449 4561/5917/4449 4562/5920/4449
f 4555/5897/4450 4554/5895/4450 4569/5919/4450 4570/5904/4450
f 4548/5898/4451 4547/5896/4451 4562/5920/4451 4563/5906/4451
f 4575/5914/4452 4574/5912/4452 4583/5365/4452 4584/5364/4452
f 4568/5915/4453 4567/5913/4453 4105/5369/4453 4106/5368/4453
f 4561/5917/4454 4184/5921/4454 4576/5372/4454
f 4410/5922/4455 4575/5914/4455 4584/5364/4455
f 4569/5919/4456 4568/5915/4456 4106/5368/4456 4107/5376/4456
f 4562/5920/4457 4561/5917/4457 4576/5372/4457 4577/5378/4457
f 4570/5904/4458 4569/5919/4458 4107/5376/4458 4580/5380/4458
f 4563/5906/4459 4562/5920/4459 4577/5378/4459 4103/5382/4459
f 4571/5905/4460 4570/5904/4460 4580/5380/4460 4108/5384/4460
f 4564/5907/4461 4563/5906/4461 4103/5382/4461 4578/5386/4461
f 4572/5908/4462 4571/5905/4462 4108/5384/4462 4581/5388/4462
f 4565/5909/4463 4564/5907/4463 4578/5386/4463 4104/5390/4463
f 4573/5910/4464 4572/5908/4464 4581/5388/4464 4582/5392/4464
f 4566/5911/4465 4565/5909/4465 4104/5390/4465 4579/5394/4465
f 4574/5912/4466 4573/5910/4466 4582/5392/4466 4583/5365/4466
f 4567/5913/4467 4566/5911/4467 4579/5394/4467 4105/5369/4467
o Sphere.008
v 1.718521 4.690197 2.900480
v 1.737061 4.399213 2.500153
v 1.763931 3.977490 2.241880
v 1.779244 3.737141 2.179337
v 1.795040 3.489233 2.164980
v 1.825652 3.008773 2.281161
v 1.759393 4.808476 3.386615
v 1.807984 4.776409 3.144696
v 1.855951 4.696845 2.913866
v 1.901453 4.572840 2.702995
v 1.942739 4.409162 2.520186
v 1.978225 4.212100 2.372466
v 2.006545 3.989226 2.265511
v 2.026611 3.749107 2.203430
v 2.037653 3.500969 2.188611
v 2.039247 3.254348 2.221622
v 2.031330 3.018722 2.301194
v 2.014207 2.803146 2.424270
v 1.988536 2.615904 2.586120
v 1.955304 2.464192 2.780525
v 1.915788 2.353840 3.000013
v 1.805891 4.809247 3.400535
v 1.899193 4.777920 3.172002
v 1.988367 4.699038 2.953508
v 2.069986 4.575632 2.753449
v 2.140913 4.412444 2.579515
v 2.198424 4.215747 2.438389
v 2.240307 3.993098 2.335494
v 2.264954 3.753054 2.274785
v 2.271416 3.504841 2.258594
v 2.259446 3.257995 2.287544
v 2.229504 3.022005 2.360523
v 2.182740 2.805938 2.474725
v 2.120952 2.618097 2.625763
v 2.046514 2.465703 2.807831
v 1.962286 2.354610 3.013933
v 1.848842 4.808423 3.423141
v 1.983444 4.776304 3.216345
v 2.110680 4.696692 3.017883
v 2.225662 4.572646 2.835384
v 2.323968 4.408933 2.675860
v 2.401824 4.211845 2.545441
v 2.456235 3.988957 2.449140
v 2.485112 3.748832 2.390657
v 2.487344 3.500699 2.372240
v 2.462846 3.254094 2.394597
v 2.412559 3.018493 2.456868
v 2.338416 2.802952 2.556660
v 2.243265 2.615751 2.690138
v 2.130764 2.464087 2.852174
v 2.005237 2.353786 3.036539
v 1.886595 4.806037 3.453563
v 2.057499 4.771624 3.276020
v 2.218191 4.689897 3.104518
v 2.362496 4.563997 2.945649
v 2.484869 4.398764 2.805518
v 2.580607 4.200546 2.689510
v 2.646031 3.976961 2.602082
v 2.678626 3.736601 2.546596
v 2.677140 3.488703 2.525182
v 2.641629 3.242794 2.538665
v 2.573460 3.008324 2.586526
v 2.475251 2.794303 2.666925
v 2.350776 2.608956 2.776773
v 2.204819 2.459406 2.911849
v 2.042989 2.351400 3.066961
v 1.917699 4.802180 3.490632
v 2.118511 4.764058 3.348734
v 2.306767 4.678914 3.210083
v 2.475232 4.550019 3.080008
v 2.617433 4.382327 2.963507
v 2.727904 4.182282 2.865057
v 2.802400 3.957572 2.788443
v 2.838058 3.716833 2.736608
v 2.833509 3.469315 2.711543
v 2.788926 3.224531 2.714213
v 2.706023 2.991887 2.744515
v 2.587986 2.780325 2.801283
v 2.439352 2.597974 2.882338
v 2.265831 2.451841 2.984563
v 2.074093 2.347544 3.104031
v 1.712047 4.791815 3.630325
v 1.940958 4.797001 3.532925
v 2.164136 4.753900 3.431693
v 2.373005 4.664165 3.330521
v 2.559537 4.531248 3.233296
v 2.716564 4.360254 3.143755
v 2.838053 4.157756 3.065339
v 2.919333 3.931536 3.001060
v 2.957283 3.690286 2.953391
v 2.950442 3.443278 2.924160
v 2.899075 3.200005 2.914494
v 2.805155 2.969814 2.924763
v 2.672291 2.761554 2.954572
v 2.505589 2.583225 3.002776
v 2.311457 2.441682 3.067522
v 2.097353 2.342365 3.146323
v 1.955480 4.790699 3.578814
v 2.192621 4.741537 3.521709
v 2.414358 4.646218 3.461204
v 2.612170 4.508405 3.399624
v 2.778455 4.333394 3.339336
v 2.906822 4.127911 3.282656
v 2.992338 3.899852 3.231764
v 3.031718 3.657981 3.188613
v 3.023447 3.411594 3.154864
v 2.967844 3.170159 3.131812
v 2.867045 2.942954 3.120344
v 2.724925 2.738711 3.120900
v 2.546943 2.565278 3.133459
v 2.339942 2.429320 3.157538
v 2.111874 2.336062 3.192212
v 1.960705 4.783515 3.626538
v 2.202871 4.727446 3.615323
v 2.429239 4.625761 3.597110
v 2.631110 4.482368 3.572599
v 2.800725 4.302778 3.542733
v 2.931568 4.093892 3.508659
v 3.018608 3.863738 3.471687
v 3.058502 3.621160 3.433237
v 3.049717 3.375480 3.394787
v 2.992590 3.136141 3.357815
v 2.889316 2.912338 3.323741
v 2.743864 2.712674 3.293875
v 2.561824 2.544821 3.269365
v 2.350192 2.415229 3.251152
v 2.117100 2.328879 3.239936
v 1.956434 4.775727 3.674262
v 2.194492 4.712168 3.708936
v 2.417075 4.603581 3.733016
v 2.615628 4.454138 3.745574
v 2.782520 4.269583 3.746130
v 2.911339 4.057008 3.734662
v 2.997134 3.824582 3.711611
v 3.036607 3.581237 3.677861
v 3.028243 3.336324 3.634711
v 2.972361 3.099257 3.583818
v 2.871110 2.879143 3.527138
v 2.728382 2.684444 3.466850
v 2.549660 2.522641 3.405270
v 2.341813 2.399951 3.344765
v 2.112828 2.321090 3.287660
v 1.942829 4.767632 3.720151
v 2.167807 4.696290 3.798952
v 2.378333 4.580530 3.863698
v 2.566319 4.424800 3.911902
v 2.724539 4.235085 3.941711
v 2.846914 4.018676 3.951980
v 2.928741 3.783889 3.942314
v 2.966874 3.539747 3.913084
v 2.959849 3.295631 3.865414
v 2.907936 3.060925 3.801135
v 2.813130 2.844646 3.722719
v 2.679073 2.655106 3.633178
v 2.510918 2.499590 3.535953
v 2.315127 2.384073 3.434781
v 2.099224 2.312996 3.333549
v 1.920415 4.759543 3.762444
v 2.123840 4.680423 3.881911
v 2.314503 4.557495 3.984136
v 2.485078 4.395482 4.065191
v 2.629010 4.200610 4.121960
v 2.740768 3.980369 4.152261
v 2.816057 3.743222 4.154931
v 2.851982 3.498283 4.129867
v 2.847166 3.254965 4.078031
v 2.801790 3.022618 4.001417
v 2.717601 2.810170 3.902967
v 2.597833 2.625787 3.786466
v 2.447088 2.476554 3.656391
v 2.271160 2.368206 3.517740
v 2.076810 2.304907 3.375842
v 1.890052 4.751770 3.799513
v 2.064281 4.665176 3.954626
v 2.228037 4.535359 4.089701
v 2.375028 4.367309 4.199549
v 2.499605 4.167482 4.279948
v 2.596981 3.943559 4.327809
v 2.663413 3.704145 4.341291
v 2.696348 3.458441 4.319878
v 2.694521 3.215888 4.264392
v 2.658003 2.985808 4.176964
v 2.588195 2.777042 4.060956
v 2.487782 2.597614 3.920825
v 2.360622 2.454419 3.761956
v 2.211601 2.352959 3.590455
v 2.046447 2.297134 3.412911
v 1.852908 4.744612 3.829935
v 1.991419 4.651135 4.014300
v 2.122258 4.514975 4.176336
v 2.240397 4.341364 4.309814
v 2.341296 4.136975 4.409606
v 2.421077 3.909661 4.471877
v 2.476674 3.668159 4.494234
v 2.505951 3.421750 4.475817
v 2.507783 3.179902 4.417334
v 2.482099 2.951910 4.321033
v 2.429886 2.746535 4.190614
v 2.353152 2.571670 4.031090
v 2.254843 2.434034 3.848591
v 2.138739 2.338918 3.650130
v 2.009302 2.289976 3.443333
v 1.810409 4.738344 3.852541
v 1.908054 4.638840 4.058643
v 2.001231 4.497125 4.240711
v 2.086360 4.318645 4.391749
v 2.160167 4.110260 4.505951
v 2.219817 3.879978 4.578930
v 2.263018 3.636647 4.607880
v 2.288109 3.389621 4.591689
v 2.294127 3.148390 4.530980
v 2.280839 2.922226 4.428085
v 2.248757 2.719820 4.286959
v 2.199114 2.548951 4.113025
v 2.133816 2.416184 3.912966
v 2.055375 2.326622 3.694472
v 1.966803 2.283708 3.465939
v 1.764189 4.733207 3.866461
v 1.817391 4.628762 4.085949
v 1.869608 4.482495 4.280354
v 1.918835 4.300025 4.442204
v 1.963178 4.088365 4.565280
v 2.000935 3.855649 4.644853
v 2.030654 3.610820 4.677863
v 2.051193 3.363287 4.663043
v 2.061763 3.122563 4.600963
v 2.061957 2.897897 4.494008
v 2.051769 2.697925 4.346288
v 2.031589 2.530331 4.163479
v 2.002193 2.401555 3.952608
v 1.964711 2.316545 3.721778
v 1.920583 2.278571 3.479859
v 1.716024 4.729398 3.871162
v 1.722912 4.621291 4.095169
v 1.732446 4.471647 4.293739
v 1.744261 4.286219 4.459240
v 1.757901 4.072131 4.585313
v 1.772843 3.837611 4.667112
v 1.788513 3.591671 4.701493
v 1.804308 3.343763 4.687137
v 1.819622 3.103413 4.624594
v 1.833865 2.879859 4.516267
v 1.846491 2.681691 4.366321
v 1.857015 2.516525 4.180516
v 1.865031 2.390707 3.965994
v 1.870232 2.309074 3.730998
v 1.872418 2.274761 3.484560
v 1.667765 4.727063 3.866461
v 1.628249 4.616712 4.085949
v 1.595016 4.464999 4.280354
v 1.569346 4.277758 4.442204
v 1.552223 4.062181 4.565280
v 1.544306 3.826555 4.644853
v 1.545899 3.579935 4.677863
v 1.556941 3.331797 4.663043
v 1.577008 3.091677 4.600963
v 1.605328 2.868804 4.494008
v 1.640813 2.671741 4.346287
v 1.682100 2.508063 4.163479
v 1.727601 2.384059 3.952608
v 1.775569 2.304494 3.721778
v 1.824160 2.272427 3.479859
v 1.621267 4.726293 3.852541
v 1.537039 4.615201 4.058643
v 1.462601 4.462806 4.240711
v 1.400812 4.274966 4.391749
v 1.354049 4.058899 4.505951
v 1.324107 3.822908 4.578930
v 1.312137 3.576063 4.607880
v 1.318599 3.327849 4.591689
v 1.343245 3.087806 4.530980
v 1.385129 2.865157 4.428085
v 1.442639 2.668459 4.286959
v 1.513567 2.505272 4.113024
v 1.595186 2.381866 3.912966
v 1.684359 2.302984 3.694472
v 1.777661 2.271657 3.465939
v 1.578316 4.727117 3.829935
v 1.452788 4.616817 4.014300
v 1.340287 4.465152 4.176335
v 1.245137 4.277952 4.309814
v 1.170994 4.062410 4.409606
v 1.120707 3.826810 4.471877
v 1.096209 3.580204 4.494234
v 1.098441 3.332072 4.475816
v 1.127317 3.091947 4.417334
v 1.181729 2.869058 4.321033
v 1.259584 2.671970 4.190614
v 1.357891 2.508258 4.031090
v 1.472872 2.384212 3.848590
v 1.600109 2.304600 3.650130
v 1.734711 2.272481 3.443333
v 1.540563 4.729503 3.799513
v 1.378734 4.621497 3.954625
v 1.232777 4.471947 4.089701
v 1.108302 4.286600 4.199549
v 1.010093 4.072579 4.279948
v 0.941924 3.838109 4.327809
v 0.906413 3.592200 4.341291
v 0.904927 3.344302 4.319877
v 0.937522 3.103943 4.264391
v 1.002946 2.880358 4.176964
v 1.098683 2.682140 4.060956
v 1.221056 2.516906 3.920825
v 1.365362 2.391007 3.761955
v 1.526054 2.309280 3.590454
v 1.696958 2.274867 3.412911
v 1.871506 2.289089 3.236149
v 1.509460 4.733360 3.762444
v 1.317721 4.629062 3.881911
v 1.144201 4.482930 3.984136
v 0.995566 4.300579 4.065191
v 0.877530 4.089016 4.121959
v 0.794627 3.856373 4.152261
v 0.750044 3.611589 4.154931
v 0.745495 3.364071 4.129866
v 0.781153 3.123331 4.078031
v 0.855649 2.898621 4.001416
v 0.966120 2.698576 3.902967
v 1.108320 2.530885 3.786466
v 1.276786 2.401990 3.656391
v 1.465042 2.316845 3.517740
v 1.665854 2.278723 3.375842
v 1.486200 4.738539 3.720151
v 1.272096 4.639221 3.798952
v 1.077963 4.497679 3.863698
v 0.911262 4.319350 3.911902
v 0.778398 4.111089 3.941711
v 0.684478 3.880899 3.951980
v 0.633110 3.637625 3.942313
v 0.626270 3.390618 3.913083
v 0.664219 3.149368 3.865413
v 0.745500 2.923147 3.801135
v 0.866989 2.720649 3.722718
v 1.024016 2.549656 3.633178
v 1.210548 2.416738 3.535953
v 1.419417 2.327004 3.434781
v 1.642595 2.283902 3.333549
v 1.471679 4.744841 3.674262
v 1.243611 4.651584 3.708936
v 1.036610 4.515626 3.733015
v 0.858628 4.342193 3.745574
v 0.716508 4.137949 3.746130
v 0.615709 3.910745 3.734662
v 0.560106 3.669309 3.711610
v 0.551836 3.422922 3.677860
v 0.591215 3.181052 3.634710
v 0.676731 2.952993 3.583818
v 0.805098 2.747510 3.527138
v 0.971382 2.572499 3.466850
v 1.169195 2.434686 3.405270
v 1.390932 2.339367 3.344765
v 1.628073 2.290205 3.287660
v 1.466453 4.752025 3.626538
v 1.233361 4.665675 3.615323
v 1.021729 4.536083 3.597110
v 0.839689 4.368230 3.572599
v 0.694237 4.168565 3.542733
v 0.590963 3.944763 3.508659
v 0.533836 3.705423 3.471687
v 0.525051 3.459744 3.433237
v 0.564945 3.217166 3.394787
v 0.651985 2.987011 3.357815
v 0.782828 2.778126 3.323741
v 0.952443 2.598536 3.293875
v 1.154314 2.455142 3.269364
v 1.380682 2.353457 3.251152
v 1.622848 2.297388 3.239936
v 1.470725 4.759813 3.578814
v 1.241740 4.680953 3.521709
v 1.033893 4.558263 3.461204
v 0.855171 4.396460 3.399624
v 0.712442 4.201760 3.339336
v 0.611192 3.981647 3.282656
v 0.555310 3.744579 3.231763
v 0.546946 3.499667 3.188613
v 0.586419 3.256321 3.154864
v 0.672214 3.023895 3.131812
v 0.801033 2.811320 3.120343
v 0.967925 2.626765 3.120900
v 1.166478 2.477323 3.133459
v 1.389060 2.368735 3.157538
v 1.627119 2.305177 3.192212
v 1.484329 4.767908 3.532925
v 1.268426 4.696830 3.431693
v 1.072635 4.581314 3.330521
v 0.904480 4.425797 3.233296
v 0.770423 4.236258 3.143755
v 0.675617 4.019979 3.065339
v 0.623704 3.785272 3.001060
v 0.616680 3.541157 2.953390
v 0.654813 3.297014 2.924160
v 0.736639 3.062227 2.914494
v 0.859014 2.845818 2.924763
v 1.017234 2.656103 2.954572
v 1.205220 2.500373 3.002776
v 1.415746 2.384613 3.067522
v 1.640723 2.313271 3.146323
v 1.506743 4.775997 3.490632
v 1.312393 4.712698 3.348734
v 1.136465 4.604349 3.210083
v 0.985720 4.455116 3.080008
v 0.865952 4.270733 2.963507
v 0.781762 4.058286 2.865058
v 0.736387 3.825939 2.788443
v 0.731571 3.582620 2.736608
v 0.767496 3.337681 2.711543
v 0.842785 3.100534 2.714213
v 0.954543 2.880293 2.744515
v 1.098474 2.685422 2.801283
v 1.269050 2.523409 2.882338
v 1.459713 2.400480 2.984563
v 1.663138 2.321360 3.104031
v 1.537106 4.783770 3.453563
v 1.371952 4.727944 3.276020
v 1.222931 4.626485 3.104518
v 1.095770 4.483289 2.945649
v 0.995358 4.303861 2.805518
v 0.925550 4.095096 2.689510
v 0.889032 3.865016 2.602082
v 0.887206 3.622463 2.546596
v 0.920141 3.376758 2.525183
v 0.986572 3.137344 2.538665
v 1.083948 2.913421 2.586526
v 1.208525 2.713595 2.666925
v 1.355516 2.545544 2.776773
v 1.519272 2.415728 2.911849
v 1.693501 2.329133 3.066961
v 1.574250 4.790927 3.423141
v 1.444813 4.741985 3.216345
v 1.328710 4.646869 3.017884
v 1.230401 4.509234 2.835384
v 1.153667 4.334369 2.675860
v 1.101454 4.128994 2.545442
v 1.075770 3.901002 2.449141
v 1.077602 3.659154 2.390658
v 1.106879 3.412744 2.372241
v 1.162476 3.171242 2.394597
v 1.242257 2.943929 2.456868
v 1.343155 2.739540 2.556660
v 1.461295 2.565929 2.690139
v 1.592134 2.429769 2.852174
v 1.730645 2.336291 3.036539
v 1.616749 4.797195 3.400535
v 1.528178 4.754281 3.172002
v 1.449736 4.664719 2.953508
v 1.384439 4.531953 2.753450
v 1.334796 4.361084 2.579516
v 1.302714 4.158678 2.438389
v 1.289426 3.932514 2.335494
v 1.295444 3.691283 2.274786
v 1.320535 3.444256 2.258594
v 1.363736 3.200926 2.287544
v 1.423386 2.970644 2.360523
v 1.497193 2.762259 2.474725
v 1.582321 2.583779 2.625763
v 1.675498 2.442064 2.807831
v 1.773144 2.342559 3.013933
v 1.662969 4.802333 3.386615
v 1.618842 4.764358 3.144696
v 1.581360 4.679349 2.913866
v 1.551964 4.550573 2.702995
v 1.531784 4.382978 2.520187
v 1.521595 4.183006 2.372467
v 1.521790 3.958341 2.265511
v 1.532360 3.717616 2.203432
v 1.552899 3.470083 2.188611
v 1.582617 3.225254 2.221622
v 1.620375 2.992538 2.301195
v 1.664718 2.780879 2.424270
v 1.713945 2.598409 2.586121
v 1.766162 2.452141 2.780525
v 1.819364 2.347697 3.000013
v 1.711134 4.806142 3.381914
v 1.713320 4.771830 3.135476
v 1.726538 4.564379 2.685958
v 1.749687 4.201045 2.350207
v 1.810710 3.243293 2.199363
v 1.839292 2.794685 2.407234
v 1.851107 2.609256 2.572736
v 1.860641 2.459613 2.771305
v 1.867529 2.351506 2.995313
vn 0.0857 -0.8963 -0.4352
vn 0.0814 0.2559 -0.9633
vn -0.0538 0.9969 0.0577
vn 0.0712 -0.9653 -0.2513
vn 0.0937 0.0635 -0.9936
vn -0.0344 0.9898 -0.1381
vn 0.1024 -0.1313 -0.9860
vn -0.0137 0.9444 -0.3284
vn 0.1072 -0.3213 -0.9409
vn 0.0075 0.8627 -0.5057
vn 0.1079 -0.4994 -0.8597
vn 0.0284 0.7479 -0.6632
vn 0.1044 -0.6585 -0.7453
vn 0.0482 0.6046 -0.7950
vn 0.0970 -0.7926 -0.6020
vn 0.0661 0.4385 -0.8963
vn 0.2179 0.6102 -0.7617
vn 0.1879 -0.7896 -0.5841
vn 0.2501 0.4445 -0.8601
vn 0.1418 -0.8944 -0.4242
vn 0.2728 0.2621 -0.9257
vn -0.0349 0.9975 0.0614
vn 0.0901 -0.9647 -0.2476
vn 0.2850 0.0698 -0.9560
vn 0.0216 0.9917 -0.1271
vn 0.2864 -0.1253 -0.9499
vn 0.0773 0.9474 -0.3105
vn 0.2769 -0.3158 -0.9075
vn 0.1298 0.8667 -0.4816
vn 0.2568 -0.4945 -0.8304
vn 0.1773 0.7528 -0.6339
vn 0.2268 -0.6545 -0.7212
vn 0.4602 -0.1254 -0.8789
vn 0.1631 0.9474 -0.2754
vn 0.4371 -0.3159 -0.8421
vn 0.2453 0.8666 -0.4345
vn 0.3974 -0.4946 -0.7730
vn 0.3179 0.7527 -0.5766
vn 0.3422 -0.6546 -0.6741
vn 0.3782 0.6101 -0.6963
vn 0.2738 -0.7897 -0.5490
vn 0.4239 0.4444 -0.7892
vn 0.1947 -0.8944 -0.4025
vn 0.4534 0.2620 -0.8519
vn -0.0170 0.9975 0.0687
vn 0.1080 -0.9647 -0.2403
vn 0.4657 0.0697 -0.8822
vn 0.0745 0.9916 -0.1055
vn 0.3513 -0.7928 -0.4981
vn 0.5806 0.4382 -0.6862
vn 0.2425 -0.8963 -0.3712
vn 0.6164 0.2555 -0.7448
vn -0.0009 0.9968 0.0793
vn 0.1241 -0.9653 -0.2297
vn 0.6286 0.0632 -0.7751
vn 0.1223 0.9897 -0.0741
vn 0.6169 -0.1316 -0.7759
vn 0.2406 0.9443 -0.2245
vn 0.5817 -0.3216 -0.7471
vn 0.3495 0.8625 -0.3660
vn 0.5242 -0.4996 -0.6897
vn 0.4447 0.7476 -0.4932
vn 0.4464 -0.6587 -0.6056
vn 0.5227 0.6044 -0.6013
vn 0.7051 -0.3328 -0.6262
vn 0.4384 0.8544 -0.2789
vn 0.6324 -0.5094 -0.5836
vn 0.5529 0.7378 -0.3872
vn 0.5353 -0.6668 -0.5185
vn 0.6461 0.5932 -0.4804
vn 0.4174 -0.7988 -0.4333
vn 0.7144 0.4261 -0.5551
vn 0.2832 -0.9000 -0.3313
vn 0.7554 0.2429 -0.6086
vn 0.0128 0.9956 0.0928
vn 0.1379 -0.9666 -0.2162
vn 0.7677 0.0506 -0.6389
vn 0.1630 0.9860 -0.0342
vn 0.7507 -0.1438 -0.6448
vn 0.3067 0.9383 -0.1597
vn 0.3153 -0.9054 -0.2843
vn 0.8652 0.2247 -0.4483
vn 0.0237 0.9938 0.1087
vn 0.1487 -0.9684 -0.2004
vn 0.8774 0.0323 -0.4786
vn 0.1952 0.9807 0.0127
vn 0.8563 -0.1613 -0.4907
vn 0.3589 0.9296 -0.0836
vn 0.8024 -0.3490 -0.4841
vn 0.5085 0.8428 -0.1765
vn 0.7178 -0.5236 -0.4589
vn 0.6383 0.7236 -0.2625
vn 0.6055 -0.6785 -0.4161
vn 0.7434 0.5770 -0.3382
vn 0.4696 -0.8074 -0.3571
vn 0.8200 0.4085 -0.4009
vn 0.5573 0.8279 -0.0627
vn 0.7772 -0.5417 -0.3203
vn 0.6977 0.7056 -0.1239
vn 0.6542 -0.6933 -0.3022
vn 0.8111 0.5564 -0.1803
vn 0.5059 -0.8185 -0.2725
vn 0.8934 0.3862 -0.2297
vn 0.3377 -0.9122 -0.2321
vn 0.9415 0.2015 -0.2702
vn 0.0313 0.9915 0.1263
vn 0.1563 -0.9707 -0.1828
vn 0.9537 0.0092 -0.3005
vn 0.2175 0.9739 0.0649
vn 0.9297 -0.1836 -0.3194
vn 0.3952 0.9186 0.0011
vn 0.8701 -0.3696 -0.3261
vn 0.9813 0.1743 -0.0812
vn 0.0352 0.9888 0.1450
vn 0.1602 -0.9734 -0.1641
vn 0.9936 -0.0181 -0.1115
vn 0.2292 0.9659 0.1203
vn 0.9680 -0.2098 -0.1376
vn 0.4141 0.9057 0.0910
vn 0.9055 -0.3937 -0.1584
vn 0.5828 0.8105 0.0582
vn 0.8082 -0.5629 -0.1732
vn 0.7287 0.6844 0.0232
vn 0.6797 -0.7107 -0.1814
vn 0.8465 0.5323 -0.0126
vn 0.5248 -0.8314 -0.1826
vn 0.9317 0.3600 -0.0478
vn 0.3494 -0.9202 -0.1768
vn 0.8097 -0.5864 -0.0232
vn 0.7302 0.6609 0.1732
vn 0.6810 -0.7300 -0.0582
vn 0.8482 0.5055 0.1584
vn 0.5257 -0.8458 -0.0910
vn 0.9336 0.3310 0.1376
vn 0.3499 -0.9290 -0.1203
vn 0.9833 0.1440 0.1115
vn 0.0354 0.9858 0.1641
vn 0.1604 -0.9763 -0.1450
vn 0.9955 -0.0483 0.0812
vn 0.2298 0.9571 0.1768
vn 0.9699 -0.2389 0.0478
vn 0.4151 0.8913 0.1826
vn 0.9072 -0.4205 0.0126
vn 0.5840 0.7912 0.1814
vn 0.0318 0.9826 0.1828
vn 0.1568 -0.9795 -0.1263
vn 0.9594 -0.0804 0.2702
vn 0.2192 0.9477 0.2321
vn 0.9351 -0.2697 0.2297
vn 0.3979 0.8760 0.2725
vn 0.8752 -0.4490 0.1803
vn 0.5610 0.7707 0.3022
vn 0.7816 -0.6113 0.1239
vn 0.7021 0.6359 0.3203
vn 0.6579 -0.7505 0.0627
vn 0.8162 0.4770 0.3261
vn 0.5086 -0.8610 -0.0011
vn 0.8988 0.3001 0.3194
vn 0.3394 -0.9384 -0.0649
vn 0.9472 0.1120 0.3005
vn 0.6455 0.6105 0.4589
vn 0.6114 -0.7714 0.1765
vn 0.7517 0.4480 0.4841
vn 0.4740 -0.8766 0.0836
vn 0.8289 0.2687 0.4907
vn 0.3181 -0.9480 -0.0127
vn 0.8744 0.0793 0.4786
vn 0.0246 0.9794 0.2004
vn 0.1496 -0.9828 -0.1087
vn 0.8867 -0.1131 0.4483
vn 0.1979 0.9381 0.2843
vn 0.8652 -0.3012 0.4009
vn 0.3633 0.8605 0.3571
vn 0.8106 -0.4780 0.3382
vn 0.5145 0.7498 0.4161
vn 0.7250 -0.6368 0.2625
vn 0.7801 -0.1451 0.6086
vn 0.1667 0.9287 0.3313
vn 0.7627 -0.3320 0.5551
vn 0.3127 0.8453 0.4333
vn 0.7161 -0.5064 0.4804
vn 0.4463 0.7293 0.5185
vn 0.6421 -0.6617 0.3872
vn 0.5626 0.5856 0.5836
vn 0.5433 -0.7919 0.2789
vn 0.6571 0.4196 0.6262
vn 0.4233 -0.8918 0.1597
vn 0.7264 0.2379 0.6448
vn 0.2868 -0.9574 0.0342
vn 0.7679 0.0473 0.6389
vn 0.0141 0.9762 0.2162
vn 0.1391 -0.9859 -0.0928
vn 0.4561 -0.8112 0.3660
vn 0.5362 0.3929 0.7471
vn 0.3585 -0.9061 0.2245
vn 0.5952 0.2089 0.7759
vn 0.2469 -0.9662 0.0741
vn 0.6316 0.0171 0.7751
vn 0.0006 0.9733 0.2297
vn 0.1256 -0.9889 -0.0793
vn 0.6438 -0.1752 0.7448
vn 0.1267 0.9199 0.3712
vn 0.6316 -0.3610 0.6862
vn 0.2478 0.8309 0.4981
vn 0.5952 -0.5331 0.6013
vn 0.3592 0.7101 0.6056
vn 0.5360 -0.6852 0.4932
vn 0.4565 0.5621 0.6897
vn 0.4769 -0.3871 0.7892
vn 0.1714 0.8180 0.5490
vn 0.4525 -0.5572 0.6963
vn 0.2564 0.6927 0.6741
vn 0.4108 -0.7063 0.5766
vn 0.3314 0.5410 0.7730
vn 0.3533 -0.8285 0.4345
vn 0.3935 0.3688 0.8421
vn 0.2821 -0.9190 0.2754
vn 0.4406 0.1828 0.8789
vn 0.1998 -0.9741 0.1055
vn 0.4707 -0.0100 0.8822
vn -0.0153 0.9706 0.2403
vn 0.1097 -0.9916 -0.0687
vn 0.4830 -0.2023 0.8519
vn 0.0796 0.9119 0.4025
vn 0.1969 -0.9300 0.3105
vn 0.2682 0.1606 0.9499
vn 0.1473 -0.9809 0.1271
vn 0.2916 -0.0330 0.9560
vn -0.0330 0.9683 0.2476
vn 0.0920 -0.9939 -0.0614
vn 0.3038 -0.2254 0.9257
vn 0.0271 0.9052 0.4242
vn 0.3045 -0.4092 0.8601
vn 0.0862 0.8071 0.5841
vn 0.2936 -0.5776 0.7617
vn 0.1419 0.6780 0.7212
vn 0.2714 -0.7242 0.6340
vn 0.1920 0.5231 0.8304
vn 0.2388 -0.8432 0.4816
vn 0.2346 0.3484 0.9075
vn -0.0044 0.7985 0.6020
vn 0.1245 -0.5936 0.7950
vn 0.0200 0.6665 0.7453
vn 0.1231 -0.7382 0.6632
vn 0.0436 0.5090 0.8597
vn 0.1169 -0.8548 0.5057
vn 0.0655 0.3323 0.9409
vn 0.1063 -0.9385 0.3284
vn 0.0849 0.1433 0.9860
vn 0.0915 -0.9862 0.1381
vn 0.1010 -0.0511 0.9936
vn -0.0519 0.9665 0.2513
vn 0.0731 -0.9957 -0.0577
vn 0.1133 -0.2434 0.9633
vn -0.0287 0.8999 0.4352
vn 0.1212 -0.4266 0.8963
vn -0.1024 0.1313 0.9860
vn 0.0344 -0.9898 0.1381
vn -0.0937 -0.0635 0.9936
vn -0.0712 0.9653 0.2513
vn 0.0538 -0.9969 -0.0577
vn -0.0814 -0.2559 0.9633
vn -0.0857 0.8963 0.4352
vn -0.0661 -0.4385 0.8963
vn -0.0970 0.7926 0.6020
vn -0.0482 -0.6046 0.7950
vn -0.1044 0.6585 0.7453
vn -0.0284 -0.7479 0.6632
vn -0.1079 0.4994 0.8597
vn -0.0075 -0.8627 0.5057
vn -0.1072 0.3213 0.9409
vn 0.0137 -0.9444 0.3284
vn -0.2179 -0.6102 0.7617
vn -0.2268 0.6545 0.7212
vn -0.1773 -0.7528 0.6340
vn -0.2568 0.4945 0.8304
vn -0.1298 -0.8667 0.4816
vn -0.2769 0.3158 0.9075
vn -0.0773 -0.9474 0.3105
vn -0.2864 0.1253 0.9499
vn -0.0216 -0.9917 0.1271
vn -0.2850 -0.0698 0.9560
vn -0.0901 0.9647 0.2476
vn 0.0349 -0.9975 -0.0614
vn -0.2728 -0.2621 0.9257
vn -0.1418 0.8944 0.4242
vn -0.2501 -0.4445 0.8601
vn -0.1879 0.7896 0.5841
vn -0.0745 -0.9916 0.1055
vn -0.4657 -0.0697 0.8822
vn -0.1080 0.9647 0.2403
vn 0.0170 -0.9975 -0.0687
vn -0.4534 -0.2620 0.8519
vn -0.1947 0.8944 0.4026
vn -0.4239 -0.4444 0.7892
vn -0.2738 0.7897 0.5490
vn -0.3782 -0.6101 0.6963
vn -0.3422 0.6546 0.6741
vn -0.3179 -0.7527 0.5766
vn -0.3974 0.4946 0.7730
vn -0.2453 -0.8666 0.4345
vn -0.4371 0.3159 0.8421
vn -0.1631 -0.9474 0.2754
vn -0.4602 0.1254 0.8789
vn -0.4464 0.6587 0.6056
vn -0.4447 -0.7476 0.4932
vn -0.5242 0.4996 0.6897
vn -0.3495 -0.8625 0.3660
vn -0.5817 0.3216 0.7471
vn -0.2406 -0.9443 0.2245
vn -0.6169 0.1316 0.7759
vn -0.1223 -0.9897 0.0741
vn -0.6286 -0.0632 0.7751
vn -0.1241 0.9653 0.2297
vn 0.0009 -0.9968 -0.0793
vn -0.6164 -0.2555 0.7448
vn -0.2425 0.8963 0.3712
vn -0.5806 -0.4382 0.6862
vn -0.3513 0.7928 0.4981
vn -0.5227 -0.6044 0.6013
vn -0.7677 -0.0506 0.6389
vn -0.1379 0.9666 0.2162
vn -0.0129 -0.9956 -0.0928
vn -0.7554 -0.2429 0.6086
vn -0.2832 0.9000 0.3313
vn -0.7144 -0.4261 0.5551
vn -0.4174 0.7988 0.4333
vn -0.6461 -0.5932 0.4804
vn -0.5353 0.6668 0.5185
vn -0.5529 -0.7378 0.3872
vn -0.6324 0.5094 0.5836
vn -0.4384 -0.8544 0.2789
vn -0.7051 0.3328 0.6262
vn -0.3067 -0.9383 0.1597
vn -0.7507 0.1438 0.6448
vn -0.1630 -0.9860 0.0342
vn -0.6383 -0.7236 0.2625
vn -0.7178 0.5236 0.4589
vn -0.5085 -0.8428 0.1765
vn -0.8024 0.3490 0.4841
vn -0.3589 -0.9296 0.0836
vn -0.8563 0.1613 0.4907
vn -0.1952 -0.9807 -0.0127
vn -0.8774 -0.0323 0.4786
vn -0.1487 0.9684 0.2004
vn -0.0237 -0.9938 -0.1087
vn -0.8652 -0.2247 0.4483
vn -0.3153 0.9054 0.2843
vn -0.8200 -0.4085 0.4009
vn -0.4696 0.8074 0.3571
vn -0.7434 -0.5770 0.3382
vn -0.6055 0.6785 0.4161
vn -0.0313 -0.9915 -0.1263
vn -0.9415 -0.2015 0.2702
vn -0.3377 0.9122 0.2321
vn -0.8934 -0.3862 0.2297
vn -0.5059 0.8185 0.2725
vn -0.8111 -0.5564 0.1803
vn -0.6542 0.6933 0.3022
vn -0.6977 -0.7056 0.1239
vn -0.7772 0.5417 0.3203
vn -0.5573 -0.8279 0.0627
vn -0.8701 0.3696 0.3261
vn -0.3952 -0.9186 -0.0011
vn -0.9297 0.1836 0.3194
vn -0.2175 -0.9739 -0.0649
vn -0.9537 -0.0092 0.3005
vn -0.1563 0.9707 0.1828
vn -0.5828 -0.8105 -0.0582
vn -0.9055 0.3937 0.1584
vn -0.4141 -0.9057 -0.0910
vn -0.9680 0.2098 0.1376
vn -0.2292 -0.9659 -0.1203
vn -0.9936 0.0181 0.1115
vn -0.1602 0.9734 0.1641
vn -0.0352 -0.9888 -0.1450
vn -0.9813 -0.1743 0.0812
vn -0.3494 0.9202 0.1768
vn -0.9317 -0.3600 0.0478
vn -0.5248 0.8314 0.1826
vn -0.8465 -0.5323 0.0126
vn -0.6797 0.7107 0.1814
vn -0.7287 -0.6844 -0.0232
vn -0.8082 0.5629 0.1732
vn -0.3499 0.9290 0.1203
vn -0.9336 -0.3310 -0.1376
vn -0.5257 0.8458 0.0910
vn -0.8482 -0.5055 -0.1584
vn -0.6810 0.7300 0.0582
vn -0.7302 -0.6609 -0.1732
vn -0.8097 0.5864 0.0232
vn -0.5840 -0.7912 -0.1814
vn -0.9072 0.4205 -0.0126
vn -0.4151 -0.8913 -0.1826
vn -0.9699 0.2389 -0.0478
vn -0.2298 -0.9571 -0.1768
vn -0.9955 0.0483 -0.0812
vn -0.1604 0.9763 0.1450
vn -0.0354 -0.9858 -0.1641
vn -0.9833 -0.1440 -0.1115
vn -0.8752 0.4490 -0.1803
vn -0.3979 -0.8760 -0.2725
vn -0.9351 0.2697 -0.2297
vn -0.2192 -0.9477 -0.2321
vn -0.9594 0.0804 -0.2703
vn -0.1568 0.9795 0.1263
vn -0.0318 -0.9826 -0.1828
vn -0.9472 -0.1120 -0.3005
vn -0.3394 0.9384 0.0649
vn -0.8988 -0.3001 -0.3194
vn -0.5086 0.8610 0.0011
vn -0.8162 -0.4770 -0.3261
vn -0.6579 0.7505 -0.0627
vn -0.7021 -0.6359 -0.3203
vn -0.7816 0.6113 -0.1239
vn -0.5610 -0.7707 -0.3022
vn -0.8289 -0.2687 -0.4907
vn -0.4740 0.8766 -0.0836
vn -0.7517 -0.4480 -0.4841
vn -0.6114 0.7714 -0.1765
vn -0.6455 -0.6105 -0.4589
vn -0.7250 0.6368 -0.2625
vn -0.5145 -0.7498 -0.4161
vn -0.8106 0.4780 -0.3382
vn -0.3633 -0.8605 -0.3571
vn -0.8652 0.3012 -0.4009
vn -0.1979 -0.9381 -0.2843
vn -0.8867 0.1131 -0.4483
vn -0.1496 0.9828 0.1087
vn -0.0246 -0.9794 -0.2004
vn -0.8744 -0.0793 -0.4786
vn -0.3181 0.9480 0.0127
vn -0.3127 -0.8453 -0.4333
vn -0.7627 0.3320 -0.5551
vn -0.1667 -0.9287 -0.3313
vn -0.7801 0.1451 -0.6086
vn -0.1391 0.9859 0.0928
vn -0.0141 -0.9762 -0.2162
vn -0.7679 -0.0473 -0.6389
vn -0.2868 0.9574 -0.0342
vn -0.7264 -0.2379 -0.6448
vn -0.4233 0.8918 -0.1597
vn -0.6571 -0.4196 -0.6262
vn -0.5433 0.7919 -0.2789
vn -0.5626 -0.5856 -0.5836
vn -0.6421 0.6617 -0.3872
vn -0.4463 -0.7293 -0.5185
vn -0.7161 0.5064 -0.4804
vn -0.3585 0.9061 -0.2245
vn -0.5362 -0.3929 -0.7471
vn -0.4561 0.8112 -0.3660
vn -0.4565 -0.5621 -0.6897
vn -0.5360 0.6852 -0.4932
vn -0.3592 -0.7101 -0.6056
vn -0.5952 0.5331 -0.6013
vn -0.2478 -0.8309 -0.4981
vn -0.6316 0.3610 -0.6862
vn -0.1267 -0.9199 -0.3712
vn -0.6438 0.1752 -0.7448
vn -0.1256 0.9889 0.0793
vn -0.0006 -0.9733 -0.2297
vn -0.6316 -0.0171 -0.7751
vn -0.2469 0.9662 -0.0741
vn -0.5952 -0.2089 -0.7759
vn -0.4769 0.3871 -0.7892
vn -0.0796 -0.9119 -0.4025
vn -0.4830 0.2023 -0.8519
vn -0.1097 0.9916 0.0687
vn 0.0153 -0.9706 -0.2403
vn -0.4707 0.0100 -0.8822
vn -0.1998 0.9741 -0.1055
vn -0.4406 -0.1828 -0.8789
vn -0.2821 0.9190 -0.2754
vn -0.3935 -0.3688 -0.8421
vn -0.3533 0.8285 -0.4345
vn -0.3314 -0.5410 -0.7730
vn -0.4108 0.7063 -0.5766
vn -0.2564 -0.6927 -0.6741
vn -0.4525 0.5572 -0.6963
vn -0.1714 -0.8180 -0.5490
vn -0.2346 -0.3484 -0.9075
vn -0.2388 0.8432 -0.4816
vn -0.1920 -0.5231 -0.8304
vn -0.2714 0.7242 -0.6340
vn -0.1419 -0.6780 -0.7212
vn -0.2936 0.5776 -0.7617
vn -0.0862 -0.8071 -0.5841
vn -0.3045 0.4092 -0.8601
vn -0.0271 -0.9052 -0.4242
vn -0.3038 0.2254 -0.9257
vn -0.0920 0.9939 0.0614
vn 0.0330 -0.9683 -0.2476
vn -0.2916 0.0330 -0.9560
vn -0.1473 0.9809 -0.1271
vn -0.2682 -0.1606 -0.9499
vn -0.1969 0.9300 -0.3105
vn 0.0287 -0.8999 -0.4352
vn -0.1133 0.2434 -0.9633
vn -0.0731 0.9957 0.0577
vn 0.0519 -0.9665 -0.2513
vn -0.1010 0.0511 -0.9936
vn -0.0915 0.9862 -0.1381
vn -0.0849 -0.1433 -0.9860
vn -0.1063 0.9385 -0.3284
vn -0.0655 -0.3323 -0.9409
vn -0.1169 0.8548 -0.5057
vn -0.0436 -0.5090 -0.8597
vn -0.1231 0.7382 -0.6632
vn -0.0200 -0.6665 -0.7453
vn -0.1245 0.5936 -0.7950
vn 0.0044 -0.7985 -0.6020
vn -0.1212 0.4266 -0.8963
vt 0.750000 0.062500
vt 0.750000 0.125000
vt 0.718750 0.125000
vt 0.718750 0.062500
vt 0.750000 0.500000
vt 0.750000 0.562500
vt 0.718750 0.562500
vt 0.718750 0.500000
vt 0.750000 0.937500
vt 0.734375 1.000000
vt 0.718750 0.937500
vt 0.734375 0.000000
vt 0.750000 0.437500
vt 0.718750 0.437500
vt 0.750000 0.875000
vt 0.718750 0.875000
vt 0.750000 0.375000
vt 0.718750 0.375000
vt 0.750000 0.812500
vt 0.718750 0.812500
vt 0.750000 0.312500
vt 0.718750 0.312500
vt 0.750000 0.750000
vt 0.718750 0.750000
vt 0.750000 0.250000
vt 0.718750 0.250000
vt 0.750000 0.687500
vt 0.718750 0.687500
vt 0.750000 0.187500
vt 0.718750 0.187500
vt 0.750000 0.625000
vt 0.718750 0.625000
vt 0.687500 0.687500
vt 0.687500 0.625000
vt 0.687500 0.187500
vt 0.687500 0.125000
vt 0.687500 0.562500
vt 0.687500 0.062500
vt 0.687500 0.500000
vt 0.703125 1.000000
vt 0.687500 0.937500
vt 0.703125 0.000000
vt 0.687500 0.437500
vt 0.687500 0.875000
vt 0.687500 0.375000
vt 0.687500 0.812500
vt 0.687500 0.312500
vt 0.687500 0.750000
vt 0.687500 0.250000
vt 0.656250 0.437500
vt 0.656250 0.375000
vt 0.656250 0.875000
vt 0.656250 0.812500
vt 0.656250 0.312500
vt 0.656250 0.750000
vt 0.656250 0.250000
vt 0.656250 0.687500
vt 0.656250 0.187500
vt 0.656250 0.625000
vt 0.656250 0.125000
vt 0.656250 0.562500
vt 0.656250 0.062500
vt 0.656250 0.500000
vt 0.671875 1.000000
vt 0.656250 0.937500
vt 0.671875 0.000000
vt 0.625000 0.187500
vt 0.625000 0.125000
vt 0.625000 0.625000
vt 0.625000 0.562500
vt 0.625000 0.062500
vt 0.625000 0.500000
vt 0.640625 1.000000
vt 0.625000 0.937500
vt 0.640625 0.000000
vt 0.625000 0.437500
vt 0.625000 0.875000
vt 0.625000 0.375000
vt 0.625000 0.812500
vt 0.625000 0.312500
vt 0.625000 0.750000
vt 0.625000 0.250000
vt 0.625000 0.687500
vt 0.593750 0.375000
vt 0.593750 0.312500
vt 0.593750 0.812500
vt 0.593750 0.750000
vt 0.593750 0.250000
vt 0.593750 0.687500
vt 0.593750 0.187500
vt 0.593750 0.625000
vt 0.593750 0.125000
vt 0.593750 0.562500
vt 0.593750 0.062500
vt 0.593750 0.500000
vt 0.609375 1.000000
vt 0.593750 0.937500
vt 0.609375 0.000000
vt 0.593750 0.437500
vt 0.593750 0.875000
vt 0.562500 0.125000
vt 0.562500 0.062500
vt 0.562500 0.562500
vt 0.562500 0.500000
vt 0.578125 1.000000
vt 0.562500 0.937500
vt 0.578125 0.000000
vt 0.562500 0.437500
vt 0.562500 0.875000
vt 0.562500 0.375000
vt 0.562500 0.812500
vt 0.562500 0.312500
vt 0.562500 0.750000
vt 0.562500 0.250000
vt 0.562500 0.687500
vt 0.562500 0.187500
vt 0.562500 0.625000
vt 0.531250 0.812500
vt 0.531250 0.750000
vt 0.531250 0.312500
vt 0.531250 0.250000
vt 0.531250 0.687500
vt 0.531250 0.187500
vt 0.531250 0.625000
vt 0.531250 0.125000
vt 0.531250 0.562500
vt 0.531250 0.062500
vt 0.531250 0.500000
vt 0.546875 1.000000
vt 0.531250 0.937500
vt 0.546875 0.000000
vt 0.531250 0.437500
vt 0.531250 0.875000
vt 0.531250 0.375000
vt 0.500000 0.562500
vt 0.500000 0.500000
vt 0.515625 1.000000
vt 0.500000 0.937500
vt 0.515625 0.000000
vt 0.500000 0.062500
vt 0.500000 0.437500
vt 0.500000 0.875000
vt 0.500000 0.375000
vt 0.500000 0.812500
vt 0.500000 0.312500
vt 0.500000 0.750000
vt 0.500000 0.250000
vt 0.500000 0.687500
vt 0.500000 0.187500
vt 0.500000 0.625000
vt 0.500000 0.125000
vt 0.468750 0.312500
vt 0.468750 0.250000
vt 0.468750 0.750000
vt 0.468750 0.687500
vt 0.468750 0.187500
vt 0.468750 0.625000
vt 0.468750 0.125000
vt 0.468750 0.562500
vt 0.468750 0.062500
vt 0.468750 0.500000
vt 0.484375 1.000000
vt 0.468750 0.937500
vt 0.484375 0.000000
vt 0.468750 0.437500
vt 0.468750 0.875000
vt 0.468750 0.375000
vt 0.468750 0.812500
vt 0.453125 1.000000
vt 0.437500 0.937500
vt 0.453125 0.000000
vt 0.437500 0.062500
vt 0.437500 0.500000
vt 0.437500 0.437500
vt 0.437500 0.875000
vt 0.437500 0.375000
vt 0.437500 0.812500
vt 0.437500 0.312500
vt 0.437500 0.750000
vt 0.437500 0.250000
vt 0.437500 0.687500
vt 0.437500 0.187500
vt 0.437500 0.625000
vt 0.437500 0.125000
vt 0.437500 0.562500
vt 0.406250 0.750000
vt 0.406250 0.687500
vt 0.406250 0.250000
vt 0.406250 0.187500
vt 0.406250 0.625000
vt 0.406250 0.125000
vt 0.406250 0.562500
vt 0.406250 0.062500
vt 0.406250 0.500000
vt 0.421875 1.000000
vt 0.406250 0.937500
vt 0.421875 0.000000
vt 0.406250 0.437500
vt 0.406250 0.875000
vt 0.406250 0.375000
vt 0.406250 0.812500
vt 0.406250 0.312500
vt 0.375000 0.500000
vt 0.375000 0.437500
vt 0.375000 0.937500
vt 0.375000 0.875000
vt 0.375000 0.375000
vt 0.375000 0.812500
vt 0.375000 0.312500
vt 0.375000 0.750000
vt 0.375000 0.250000
vt 0.375000 0.687500
vt 0.375000 0.187500
vt 0.375000 0.625000
vt 0.375000 0.125000
vt 0.375000 0.562500
vt 0.375000 0.062500
vt 0.390625 1.000000
vt 0.390625 0.000000
vt 0.343750 0.250000
vt 0.343750 0.187500
vt 0.343750 0.687500
vt 0.343750 0.625000
vt 0.343750 0.125000
vt 0.343750 0.562500
vt 0.343750 0.062500
vt 0.343750 0.500000
vt 0.359375 1.000000
vt 0.343750 0.937500
vt 0.359375 0.000000
vt 0.343750 0.437500
vt 0.343750 0.875000
vt 0.343750 0.375000
vt 0.343750 0.812500
vt 0.343750 0.312500
vt 0.343750 0.750000
vt 0.312500 0.437500
vt 0.312500 0.375000
vt 0.312500 0.875000
vt 0.312500 0.812500
vt 0.312500 0.312500
vt 0.312500 0.750000
vt 0.312500 0.250000
vt 0.312500 0.687500
vt 0.312500 0.187500
vt 0.312500 0.625000
vt 0.312500 0.125000
vt 0.312500 0.562500
vt 0.312500 0.062500
vt 0.312500 0.500000
vt 0.328125 1.000000
vt 0.312500 0.937500
vt 0.328125 0.000000
vt 0.281250 0.187500
vt 0.281250 0.125000
vt 0.281250 0.625000
vt 0.281250 0.562500
vt 0.281250 0.062500
vt 0.281250 0.500000
vt 0.296875 1.000000
vt 0.281250 0.937500
vt 0.296875 0.000000
vt 0.281250 0.437500
vt 0.281250 0.875000
vt 0.281250 0.375000
vt 0.281250 0.812500
vt 0.281250 0.312500
vt 0.281250 0.750000
vt 0.281250 0.250000
vt 0.281250 0.687500
vt 0.250000 0.875000
vt 0.250000 0.812500
vt 0.250000 0.375000
vt 0.250000 0.312500
vt 0.250000 0.750000
vt 0.250000 0.250000
vt 0.250000 0.687500
vt 0.250000 0.187500
vt 0.250000 0.625000
vt 0.250000 0.125000
vt 0.250000 0.562500
vt 0.250000 0.062500
vt 0.250000 0.500000
vt 0.265625 1.000000
vt 0.250000 0.937500
vt 0.265625 0.000000
vt 0.250000 0.437500
vt 0.218750 0.625000
vt 0.218750 0.562500
vt 0.218750 0.125000
vt 0.218750 0.062500
vt 0.218750 0.500000
vt 0.234375 1.000000
vt 0.218750 0.937500
vt 0.234375 0.000000
vt 0.218750 0.437500
vt 0.218750 0.875000
vt 0.218750 0.375000
vt 0.218750 0.812500
vt 0.218750 0.312500
vt 0.218750 0.750000
vt 0.218750 0.250000
vt 0.218750 0.687500
vt 0.218750 0.187500
vt 0.187500 0.375000
vt 0.187500 0.312500
vt 0.187500 0.812500
vt 0.187500 0.750000
vt 0.187500 0.250000
vt 0.187500 0.687500
vt 0.187500 0.187500
vt 0.187500 0.625000
vt 0.187500 0.125000
vt 0.187500 0.562500
vt 0.187500 0.062500
vt 0.187500 0.500000
vt 0.203125 1.000000
vt 0.187500 0.937500
vt 0.203125 0.000000
vt 0.187500 0.437500
vt 0.187500 0.875000
vt 0.156250 0.125000
vt 0.156250 0.062500
vt 0.156250 0.562500
vt 0.156250 0.500000
vt 0.171875 1.000000
vt 0.156250 0.937500
vt 0.171875 0.000000
vt 0.156250 0.437500
vt 0.156250 0.875000
vt 0.156250 0.375000
vt 0.156250 0.812500
vt 0.156250 0.312500
vt 0.156250 0.750000
vt 0.156250 0.250000
vt 0.156250 0.687500
vt 0.156250 0.187500
vt 0.156250 0.625000
vt 0.125000 0.812500
vt 0.125000 0.750000
vt 0.125000 0.312500
vt 0.125000 0.250000
vt 0.125000 0.687500
vt 0.125000 0.187500
vt 0.125000 0.625000
vt 0.125000 0.125000
vt 0.125000 0.562500
vt 0.125000 0.062500
vt 0.125000 0.500000
vt 0.140625 1.000000
vt 0.125000 0.937500
vt 0.140625 0.000000
vt 0.125000 0.437500
vt 0.125000 0.875000
vt 0.125000 0.375000
vt 0.093750 0.562500
vt 0.093750 0.500000
vt 0.109375 1.000000
vt 0.093750 0.937500
vt 0.109375 0.000000
vt 0.093750 0.062500
vt 0.093750 0.437500
vt 0.093750 0.875000
vt 0.093750 0.375000
vt 0.093750 0.812500
vt 0.093750 0.312500
vt 0.093750 0.750000
vt 0.093750 0.250000
vt 0.093750 0.687500
vt 0.093750 0.187500
vt 0.093750 0.625000
vt 0.093750 0.125000
vt 0.062500 0.312500
vt 0.062500 0.250000
vt 0.062500 0.750000
vt 0.062500 0.687500
vt 0.062500 0.187500
vt 0.062500 0.625000
vt 0.062500 0.125000
vt 0.062500 0.562500
vt 0.062500 0.062500
vt 0.062500 0.500000
vt 0.078125 1.000000
vt 0.062500 0.937500
vt 0.078125 0.000000
vt 0.062500 0.437500
vt 0.062500 0.875000
vt 0.062500 0.375000
vt 0.062500 0.812500
vt 0.046875 0.000000
vt 0.031250 0.062500
vt 0.031250 0.500000
vt 0.031250 0.437500
vt 0.031250 0.937500
vt 0.031250 0.875000
vt 0.031250 0.375000
vt 0.031250 0.812500
vt 0.031250 0.312500
vt 0.031250 0.750000
vt 0.031250 0.250000
vt 0.031250 0.687500
vt 0.031250 0.187500
vt 0.031250 0.625000
vt 0.031250 0.125000
vt 0.031250 0.562500
vt 0.046875 1.000000
vt 0.000000 0.250000
vt 0.000000 0.187500
vt 0.000000 0.687500
vt 0.000000 0.625000
vt 0.000000 0.125000
vt 0.000000 0.562500
vt 0.000000 0.062500
vt 0.000000 0.500000
vt 0.015625 1.000000
vt 0.000000 0.937500
vt 0.015625 0.000000
vt 0.000000 0.437500
vt 0.000000 0.875000
vt 0.000000 0.375000
vt 0.000000 0.812500
vt 0.000000 0.312500
vt 0.000000 0.750000
vt 1.000000 0.875000
vt 1.000000 0.937500
vt 0.968750 0.937500
vt 0.968750 0.875000
vt 1.000000 0.375000
vt 1.000000 0.437500
vt 0.968750 0.437500
vt 0.968750 0.375000
vt 1.000000 0.812500
vt 0.968750 0.812500
vt 1.000000 0.312500
vt 0.968750 0.312500
vt 1.000000 0.750000
vt 0.968750 0.750000
vt 1.000000 0.250000
vt 0.968750 0.250000
vt 1.000000 0.687500
vt 0.968750 0.687500
vt 1.000000 0.187500
vt 0.968750 0.187500
vt 1.000000 0.625000
vt 0.968750 0.625000
vt 1.000000 0.125000
vt 0.968750 0.125000
vt 1.000000 0.562500
vt 0.968750 0.562500
vt 1.000000 0.062500
vt 0.968750 0.062500
vt 1.000000 0.500000
vt 0.968750 0.500000
vt 0.984375 1.000000
vt 0.984375 0.000000
vt 0.937500 0.687500
vt 0.937500 0.625000
vt 0.937500 0.187500
vt 0.937500 0.125000
vt 0.937500 0.562500
vt 0.937500 0.062500
vt 0.937500 0.500000
vt 0.953125 1.000000
vt 0.937500 0.937500
vt 0.953125 0.000000
vt 0.937500 0.437500
vt 0.937500 0.875000
vt 0.937500 0.375000
vt 0.937500 0.812500
vt 0.937500 0.312500
vt 0.937500 0.750000
vt 0.937500 0.250000
vt 0.906250 0.437500
vt 0.906250 0.375000
vt 0.906250 0.875000
vt 0.906250 0.812500
vt 0.906250 0.312500
vt 0.906250 0.750000
vt 0.906250 0.250000
vt 0.906250 0.687500
vt 0.906250 0.187500
vt 0.906250 0.625000
vt 0.906250 0.125000
vt 0.906250 0.562500
vt 0.906250 0.062500
vt 0.906250 0.500000
vt 0.921875 1.000000
vt 0.906250 0.937500
vt 0.921875 0.000000
vt 0.875000 0.187500
vt 0.875000 0.125000
vt 0.875000 0.625000
vt 0.875000 0.562500
vt 0.875000 0.062500
vt 0.875000 0.500000
vt 0.890625 1.000000
vt 0.875000 0.937500
vt 0.890625 0.000000
vt 0.875000 0.437500
vt 0.875000 0.875000
vt 0.875000 0.375000
vt 0.875000 0.812500
vt 0.875000 0.312500
vt 0.875000 0.750000
vt 0.875000 0.250000
vt 0.875000 0.687500
vt 0.843750 0.875000
vt 0.843750 0.812500
vt 0.843750 0.375000
vt 0.843750 0.312500
vt 0.843750 0.750000
vt 0.843750 0.250000
vt 0.843750 0.687500
vt 0.843750 0.187500
vt 0.843750 0.625000
vt 0.843750 0.125000
vt 0.843750 0.562500
vt 0.843750 0.062500
vt 0.843750 0.500000
vt 0.859375 1.000000
vt 0.843750 0.937500
vt 0.859375 0.000000
vt 0.843750 0.437500
vt 0.812500 0.625000
vt 0.812500 0.562500
vt 0.812500 0.125000
vt 0.812500 0.062500
vt 0.812500 0.500000
vt 0.828125 1.000000
vt 0.812500 0.937500
vt 0.828125 0.000000
vt 0.812500 0.437500
vt 0.812500 0.875000
vt 0.812500 0.375000
vt 0.812500 0.812500
vt 0.812500 0.312500
vt 0.812500 0.750000
vt 0.812500 0.250000
vt 0.812500 0.687500
vt 0.812500 0.187500
vt 0.781250 0.375000
vt 0.781250 0.312500
vt 0.781250 0.812500
vt 0.781250 0.750000
vt 0.781250 0.250000
vt 0.781250 0.687500
vt 0.781250 0.187500
vt 0.781250 0.625000
vt 0.781250 0.125000
vt 0.781250 0.562500
vt 0.781250 0.062500
vt 0.781250 0.500000
vt 0.796875 1.000000
vt 0.781250 0.937500
vt 0.796875 0.000000
vt 0.781250 0.437500
vt 0.781250 0.875000
vt 0.765625 1.000000
vt 0.765625 0.000000
s 0
usemtl tree.002
f 5066/5923/4468 5065/5924/4468 4604/5925/4468 4605/5926/4468
f 4588/5927/4469 4587/5928/4469 4597/5929/4469 4598/5930/4469
f 5058/5931/4470 4666/5932/4470 4591/5933/4470
f 4892/5934/4471 5066/5923/4471 4605/5926/4471
f 4589/5935/4472 4588/5927/4472 4598/5930/4472 4599/5936/4472
f 5059/5937/4473 5058/5931/4473 4591/5933/4473 4592/5938/4473
f 5062/5939/4474 4589/5935/4474 4599/5936/4474 4600/5940/4474
f 4585/5941/4475 5059/5937/4475 4592/5938/4475 4593/5942/4475
f 4590/5943/4476 5062/5939/4476 4600/5940/4476 4601/5944/4476
f 5060/5945/4477 4585/5941/4477 4593/5942/4477 4594/5946/4477
f 5063/5947/4478 4590/5943/4478 4601/5944/4478 4602/5948/4478
f 4586/5949/4479 5060/5945/4479 4594/5946/4479 4595/5950/4479
f 5064/5951/4480 5063/5947/4480 4602/5948/4480 4603/5952/4480
f 5061/5953/4481 4586/5949/4481 4595/5950/4481 4596/5954/4481
f 5065/5924/4482 5064/5951/4482 4603/5952/4482 4604/5925/4482
f 4587/5928/4483 5061/5953/4483 4596/5954/4483 4597/5929/4483
f 4596/5954/4484 4595/5950/4484 4610/5955/4484 4611/5956/4484
f 4604/5925/4485 4603/5952/4485 4618/5957/4485 4619/5958/4485
f 4597/5929/4486 4596/5954/4486 4611/5956/4486 4612/5959/4486
f 4605/5926/4487 4604/5925/4487 4619/5958/4487 4620/5960/4487
f 4598/5930/4488 4597/5929/4488 4612/5959/4488 4613/5961/4488
f 4591/5933/4489 4666/5962/4489 4606/5963/4489
f 4892/5964/4490 4605/5926/4490 4620/5960/4490
f 4599/5936/4491 4598/5930/4491 4613/5961/4491 4614/5965/4491
f 4592/5938/4492 4591/5933/4492 4606/5963/4492 4607/5966/4492
f 4600/5940/4493 4599/5936/4493 4614/5965/4493 4615/5967/4493
f 4593/5942/4494 4592/5938/4494 4607/5966/4494 4608/5968/4494
f 4601/5944/4495 4600/5940/4495 4615/5967/4495 4616/5969/4495
f 4594/5946/4496 4593/5942/4496 4608/5968/4496 4609/5970/4496
f 4602/5948/4497 4601/5944/4497 4616/5969/4497 4617/5971/4497
f 4595/5950/4498 4594/5946/4498 4609/5970/4498 4610/5955/4498
f 4603/5952/4499 4602/5948/4499 4617/5971/4499 4618/5957/4499
f 4615/5967/4500 4614/5965/4500 4629/5972/4500 4630/5973/4500
f 4608/5968/4501 4607/5966/4501 4622/5974/4501 4623/5975/4501
f 4616/5969/4502 4615/5967/4502 4630/5973/4502 4631/5976/4502
f 4609/5970/4503 4608/5968/4503 4623/5975/4503 4624/5977/4503
f 4617/5971/4504 4616/5969/4504 4631/5976/4504 4632/5978/4504
f 4610/5955/4505 4609/5970/4505 4624/5977/4505 4625/5979/4505
f 4618/5957/4506 4617/5971/4506 4632/5978/4506 4633/5980/4506
f 4611/5956/4507 4610/5955/4507 4625/5979/4507 4626/5981/4507
f 4619/5958/4508 4618/5957/4508 4633/5980/4508 4634/5982/4508
f 4612/5959/4509 4611/5956/4509 4626/5981/4509 4627/5983/4509
f 4620/5960/4510 4619/5958/4510 4634/5982/4510 4635/5984/4510
f 4613/5961/4511 4612/5959/4511 4627/5983/4511 4628/5985/4511
f 4606/5963/4512 4666/5986/4512 4621/5987/4512
f 4892/5988/4513 4620/5960/4513 4635/5984/4513
f 4614/5965/4514 4613/5961/4514 4628/5985/4514 4629/5972/4514
f 4607/5966/4515 4606/5963/4515 4621/5987/4515 4622/5974/4515
f 4634/5982/4516 4633/5980/4516 4648/5989/4516 4649/5990/4516
f 4627/5983/4517 4626/5981/4517 4641/5991/4517 4642/5992/4517
f 4635/5984/4518 4634/5982/4518 4649/5990/4518 4650/5993/4518
f 4628/5985/4519 4627/5983/4519 4642/5992/4519 4643/5994/4519
f 4621/5987/4520 4666/5995/4520 4636/5996/4520
f 4892/5997/4521 4635/5984/4521 4650/5993/4521
f 4629/5972/4522 4628/5985/4522 4643/5994/4522 4644/5998/4522
f 4622/5974/4523 4621/5987/4523 4636/5996/4523 4637/5999/4523
f 4630/5973/4524 4629/5972/4524 4644/5998/4524 4645/6000/4524
f 4623/5975/4525 4622/5974/4525 4637/5999/4525 4638/6001/4525
f 4631/5976/4526 4630/5973/4526 4645/6000/4526 4646/6002/4526
f 4624/5977/4527 4623/5975/4527 4638/6001/4527 4639/6003/4527
f 4632/5978/4528 4631/5976/4528 4646/6002/4528 4647/6004/4528
f 4625/5979/4529 4624/5977/4529 4639/6003/4529 4640/6005/4529
f 4633/5980/4530 4632/5978/4530 4647/6004/4530 4648/5989/4530
f 4626/5981/4531 4625/5979/4531 4640/6005/4531 4641/5991/4531
f 4646/6002/4532 4645/6000/4532 4660/6006/4532 4661/6007/4532
f 4639/6003/4533 4638/6001/4533 4653/6008/4533 4654/6009/4533
f 4647/6004/4534 4646/6002/4534 4661/6007/4534 4662/6010/4534
f 4640/6005/4535 4639/6003/4535 4654/6009/4535 4655/6011/4535
f 4648/5989/4536 4647/6004/4536 4662/6010/4536 4663/6012/4536
f 4641/5991/4537 4640/6005/4537 4655/6011/4537 4656/6013/4537
f 4649/5990/4538 4648/5989/4538 4663/6012/4538 4664/6014/4538
f 4642/5992/4539 4641/5991/4539 4656/6013/4539 4657/6015/4539
f 4650/5993/4540 4649/5990/4540 4664/6014/4540 4665/6016/4540
f 4643/5994/4541 4642/5992/4541 4657/6015/4541 4658/6017/4541
f 4636/5996/4542 4666/6018/4542 4651/6019/4542
f 4892/6020/4543 4650/5993/4543 4665/6016/4543
f 4644/5998/4544 4643/5994/4544 4658/6017/4544 4659/6021/4544
f 4637/5999/4545 4636/5996/4545 4651/6019/4545 4652/6022/4545
f 4645/6000/4546 4644/5998/4546 4659/6021/4546 4660/6006/4546
f 4638/6001/4547 4637/5999/4547 4652/6022/4547 4653/6008/4547
f 4665/6016/4548 4664/6014/4548 4680/6023/4548 4681/6024/4548
f 4658/6017/4549 4657/6015/4549 4673/6025/4549 4674/6026/4549
f 4651/6019/4550 4666/6027/4550 4667/6028/4550
f 4892/6029/4551 4665/6016/4551 4681/6024/4551
f 4659/6021/4552 4658/6017/4552 4674/6026/4552 4675/6030/4552
f 4652/6022/4553 4651/6019/4553 4667/6028/4553 4668/6031/4553
f 4660/6006/4554 4659/6021/4554 4675/6030/4554 4676/6032/4554
f 4653/6008/4555 4652/6022/4555 4668/6031/4555 4669/6033/4555
f 4661/6007/4556 4660/6006/4556 4676/6032/4556 4677/6034/4556
f 4654/6009/4557 4653/6008/4557 4669/6033/4557 4670/6035/4557
f 4662/6010/4558 4661/6007/4558 4677/6034/4558 4678/6036/4558
f 4655/6011/4559 4654/6009/4559 4670/6035/4559 4671/6037/4559
f 4663/6012/4560 4662/6010/4560 4678/6036/4560 4679/6038/4560
f 4656/6013/4561 4655/6011/4561 4671/6037/4561 4672/6039/4561
f 4664/6014/4562 4663/6012/4562 4679/6038/4562 4680/6023/4562
f 4657/6015/4563 4656/6013/4563 4672/6039/4563 4673/6025/4563
f 4670/6035/4564 4669/6033/4564 4684/6040/4564 4685/6041/4564
f 4678/6036/4565 4677/6034/4565 4692/6042/4565 4693/6043/4565
f 4671/6037/4566 4670/6035/4566 4685/6041/4566 4686/6044/4566
f 4679/6038/4567 4678/6036/4567 4693/6043/4567 4694/6045/4567
f 4672/6039/4568 4671/6037/4568 4686/6044/4568 4687/6046/4568
f 4680/6023/4569 4679/6038/4569 4694/6045/4569 4695/6047/4569
f 4673/6025/4570 4672/6039/4570 4687/6046/4570 4688/6048/4570
f 4681/6024/4571 4680/6023/4571 4695/6047/4571 4696/6049/4571
f 4674/6026/4572 4673/6025/4572 4688/6048/4572 4689/6050/4572
f 4667/6028/4573 4666/6051/4573 4682/6052/4573
f 4892/6053/4574 4681/6024/4574 4696/6049/4574
f 4675/6030/4575 4674/6026/4575 4689/6050/4575 4690/6054/4575
f 4668/6031/4576 4667/6028/4576 4682/6052/4576 4683/6055/4576
f 4676/6032/4577 4675/6030/4577 4690/6054/4577 4691/6056/4577
f 4669/6033/4578 4668/6031/4578 4683/6055/4578 4684/6040/4578
f 4677/6034/4579 4676/6032/4579 4691/6056/4579 4692/6042/4579
f 4689/6050/4580 4688/6048/4580 4703/6057/4580 4704/6058/4580
f 4682/6052/4581 4666/6059/4581 4697/6060/4581
f 4892/6061/4582 4696/6049/4582 4711/6062/4582
f 4690/6054/4583 4689/6050/4583 4704/6058/4583 4705/6063/4583
f 4683/6055/4584 4682/6052/4584 4697/6060/4584 4698/6064/4584
f 4691/6056/4585 4690/6054/4585 4705/6063/4585 4706/6065/4585
f 4684/6040/4586 4683/6055/4586 4698/6064/4586 4699/6066/4586
f 4692/6042/4587 4691/6056/4587 4706/6065/4587 4707/6067/4587
f 4685/6041/4588 4684/6040/4588 4699/6066/4588 4700/6068/4588
f 4693/6043/4589 4692/6042/4589 4707/6067/4589 4708/6069/4589
f 4686/6044/4590 4685/6041/4590 4700/6068/4590 4701/6070/4590
f 4694/6045/4591 4693/6043/4591 4708/6069/4591 4709/6071/4591
f 4687/6046/4592 4686/6044/4592 4701/6070/4592 4702/6072/4592
f 4695/6047/4593 4694/6045/4593 4709/6071/4593 4710/6073/4593
f 4688/6048/4594 4687/6046/4594 4702/6072/4594 4703/6057/4594
f 4696/6049/4595 4695/6047/4595 4710/6073/4595 4711/6062/4595
f 4708/6069/4596 4707/6067/4596 4722/6074/4596 4723/6075/4596
f 4701/6070/4597 4700/6068/4597 4715/6076/4597 4716/6077/4597
f 4709/6071/4598 4708/6069/4598 4723/6075/4598 4724/6078/4598
f 4702/6072/4599 4701/6070/4599 4716/6077/4599 4717/6079/4599
f 4710/6073/4600 4709/6071/4600 4724/6078/4600 4725/6080/4600
f 4703/6057/4601 4702/6072/4601 4717/6079/4601 4718/6081/4601
f 4711/6062/4602 4710/6073/4602 4725/6080/4602 4726/6082/4602
f 4704/6058/4603 4703/6057/4603 4718/6081/4603 4719/6083/4603
f 4697/6060/4604 4666/6084/4604 4712/6085/4604
f 4892/6086/4605 4711/6062/4605 4726/6082/4605
f 4705/6063/4606 4704/6058/4606 4719/6083/4606 4720/6087/4606
f 4698/6064/4607 4697/6060/4607 4712/6085/4607 4713/6088/4607
f 4706/6065/4608 4705/6063/4608 4720/6087/4608 4721/6089/4608
f 4699/6066/4609 4698/6064/4609 4713/6088/4609 4714/6090/4609
f 4707/6067/4610 4706/6065/4610 4721/6089/4610 4722/6074/4610
f 4700/6068/4611 4699/6066/4611 4714/6090/4611 4715/6076/4611
f 4712/6085/4612 4666/6091/4612 4727/6092/4612
f 4892/6093/4613 4726/6082/4613 4741/6094/4613
f 4720/6087/4614 4719/6083/4614 4734/6095/4614 4735/6096/4614
f 4713/6088/4615 4712/6085/4615 4727/6092/4615 4728/6097/4615
f 4721/6089/4616 4720/6087/4616 4735/6096/4616 4736/6098/4616
f 4714/6090/4617 4713/6088/4617 4728/6097/4617 4729/6099/4617
f 4722/6074/4618 4721/6089/4618 4736/6098/4618 4737/6100/4618
f 4715/6076/4619 4714/6090/4619 4729/6099/4619 4730/6101/4619
f 4723/6075/4620 4722/6074/4620 4737/6100/4620 4738/6102/4620
f 4716/6077/4621 4715/6076/4621 4730/6101/4621 4731/6103/4621
f 4724/6078/4622 4723/6075/4622 4738/6102/4622 4739/6104/4622
f 4717/6079/4623 4716/6077/4623 4731/6103/4623 4732/6105/4623
f 4725/6080/4624 4724/6078/4624 4739/6104/4624 4740/6106/4624
f 4718/6081/4625 4717/6079/4625 4732/6105/4625 4733/6107/4625
f 4726/6082/4626 4725/6080/4626 4740/6106/4626 4741/6094/4626
f 4719/6083/4627 4718/6081/4627 4733/6107/4627 4734/6095/4627
f 4731/6103/4628 4730/6101/4628 4745/6108/4628 4746/6109/4628
f 4739/6104/4629 4738/6102/4629 4753/6110/4629 4754/6111/4629
f 4732/6105/4630 4731/6103/4630 4746/6109/4630 4747/6112/4630
f 4740/6106/4631 4739/6104/4631 4754/6111/4631 4755/6113/4631
f 4733/6107/4632 4732/6105/4632 4747/6112/4632 4748/6114/4632
f 4741/6094/4633 4740/6106/4633 4755/6113/4633 4756/6115/4633
f 4734/6095/4634 4733/6107/4634 4748/6114/4634 4749/6116/4634
f 4727/6092/4635 4666/6117/4635 4742/6118/4635
f 4892/6119/4636 4741/6094/4636 4756/6115/4636
f 4735/6096/4637 4734/6095/4637 4749/6116/4637 4750/6120/4637
f 4728/6097/4638 4727/6092/4638 4742/6118/4638 4743/6121/4638
f 4736/6098/4639 4735/6096/4639 4750/6120/4639 4751/6122/4639
f 4729/6099/4640 4728/6097/4640 4743/6121/4640 4744/6123/4640
f 4737/6100/4641 4736/6098/4641 4751/6122/4641 4752/6124/4641
f 4730/6101/4642 4729/6099/4642 4744/6123/4642 4745/6108/4642
f 4738/6102/4643 4737/6100/4643 4752/6124/4643 4753/6110/4643
f 4750/6120/4644 4749/6116/4644 4764/6125/4644 4765/6126/4644
f 4743/6121/4645 4742/6118/4645 4757/6127/4645 4758/6128/4645
f 4751/6122/4646 4750/6120/4646 4765/6126/4646 4766/6129/4646
f 4744/6123/4647 4743/6121/4647 4758/6128/4647 4759/6130/4647
f 4752/6124/4648 4751/6122/4648 4766/6129/4648 4767/6131/4648
f 4745/6108/4649 4744/6123/4649 4759/6130/4649 4760/6132/4649
f 4753/6110/4650 4752/6124/4650 4767/6131/4650 4768/6133/4650
f 4746/6109/4651 4745/6108/4651 4760/6132/4651 4761/6134/4651
f 4754/6111/4652 4753/6110/4652 4768/6133/4652 4769/6135/4652
f 4747/6112/4653 4746/6109/4653 4761/6134/4653 4762/6136/4653
f 4755/6113/4654 4754/6111/4654 4769/6135/4654 4770/6137/4654
f 4748/6114/4655 4747/6112/4655 4762/6136/4655 4763/6138/4655
f 4756/6115/4656 4755/6113/4656 4770/6137/4656 4771/6139/4656
f 4749/6116/4657 4748/6114/4657 4763/6138/4657 4764/6125/4657
f 4742/6118/4658 4666/6140/4658 4757/6127/4658
f 4892/6141/4659 4756/6115/4659 4771/6139/4659
f 4769/6135/4660 4768/6133/4660 4783/6142/4660 4784/6143/4660
f 4762/6136/4661 4761/6134/4661 4776/6144/4661 4777/6145/4661
f 4770/6137/4662 4769/6135/4662 4784/6143/4662 4785/6146/4662
f 4763/6138/4663 4762/6136/4663 4777/6145/4663 4778/6147/4663
f 4771/6139/4664 4770/6137/4664 4785/6146/4664 4786/6148/4664
f 4764/6125/4665 4763/6138/4665 4778/6147/4665 4779/6149/4665
f 4757/6127/4666 4666/6150/4666 4772/6151/4666
f 4892/6152/4667 4771/6139/4667 4786/6148/4667
f 4765/6126/4668 4764/6125/4668 4779/6149/4668 4780/6153/4668
f 4758/6128/4669 4757/6127/4669 4772/6151/4669 4773/6154/4669
f 4766/6129/4670 4765/6126/4670 4780/6153/4670 4781/6155/4670
f 4759/6130/4671 4758/6128/4671 4773/6154/4671 4774/6156/4671
f 4767/6131/4672 4766/6129/4672 4781/6155/4672 4782/6157/4672
f 4760/6132/4673 4759/6130/4673 4774/6156/4673 4775/6158/4673
f 4768/6133/4674 4767/6131/4674 4782/6157/4674 4783/6142/4674
f 4761/6134/4675 4760/6132/4675 4775/6158/4675 4776/6144/4675
f 4781/6155/4676 4780/6153/4676 4795/6159/4676 4796/6160/4676
f 4774/6156/4677 4773/6154/4677 4788/6161/4677 4789/6162/4677
f 4782/6157/4678 4781/6155/4678 4796/6160/4678 4797/6163/4678
f 4775/6158/4679 4774/6156/4679 4789/6162/4679 4790/6164/4679
f 4783/6142/4680 4782/6157/4680 4797/6163/4680 4798/6165/4680
f 4776/6144/4681 4775/6158/4681 4790/6164/4681 4791/6166/4681
f 4784/6143/4682 4783/6142/4682 4798/6165/4682 4799/6167/4682
f 4777/6145/4683 4776/6144/4683 4791/6166/4683 4792/6168/4683
f 4785/6146/4684 4784/6143/4684 4799/6167/4684 4800/6169/4684
f 4778/6147/4685 4777/6145/4685 4792/6168/4685 4793/6170/4685
f 4786/6148/4686 4785/6146/4686 4800/6169/4686 4801/6171/4686
f 4779/6149/4687 4778/6147/4687 4793/6170/4687 4794/6172/4687
f 4772/6151/4688 4666/6173/4688 4787/6174/4688
f 4892/6175/4689 4786/6148/4689 4801/6171/4689
f 4780/6153/4690 4779/6149/4690 4794/6172/4690 4795/6159/4690
f 4773/6154/4691 4772/6151/4691 4787/6174/4691 4788/6161/4691
f 4800/6169/4692 4799/6167/4692 4814/6176/4692 4815/6177/4692
f 4793/6170/4693 4792/6168/4693 4807/6178/4693 4808/6179/4693
f 4801/6171/4694 4800/6169/4694 4815/6177/4694 4816/6180/4694
f 4794/6172/4695 4793/6170/4695 4808/6179/4695 4809/6181/4695
f 4787/6174/4696 4666/6182/4696 4802/6183/4696
f 4892/6184/4697 4801/6171/4697 4816/6180/4697
f 4795/6159/4698 4794/6172/4698 4809/6181/4698 4810/6185/4698
f 4788/6161/4699 4787/6174/4699 4802/6183/4699 4803/6186/4699
f 4796/6160/4700 4795/6159/4700 4810/6185/4700 4811/6187/4700
f 4789/6162/4701 4788/6161/4701 4803/6186/4701 4804/6188/4701
f 4797/6163/4702 4796/6160/4702 4811/6187/4702 4812/6189/4702
f 4790/6164/4703 4789/6162/4703 4804/6188/4703 4805/6190/4703
f 4798/6165/4704 4797/6163/4704 4812/6189/4704 4813/6191/4704
f 4791/6166/4705 4790/6164/4705 4805/6190/4705 4806/6192/4705
f 4799/6167/4706 4798/6165/4706 4813/6191/4706 4814/6176/4706
f 4792/6168/4707 4791/6166/4707 4806/6192/4707 4807/6178/4707
f 4804/6188/4708 4803/6186/4708 4818/6193/4708 4819/6194/4708
f 4812/6189/4709 4811/6187/4709 4826/6195/4709 4827/6196/4709
f 4805/6190/4710 4804/6188/4710 4819/6194/4710 4820/6197/4710
f 4813/6191/4711 4812/6189/4711 4827/6196/4711 4828/6198/4711
f 4806/6192/4712 4805/6190/4712 4820/6197/4712 4821/6199/4712
f 4814/6176/4713 4813/6191/4713 4828/6198/4713 4829/6200/4713
f 4807/6178/4714 4806/6192/4714 4821/6199/4714 4822/6201/4714
f 4815/6177/4715 4814/6176/4715 4829/6200/4715 4830/6202/4715
f 4808/6179/4716 4807/6178/4716 4822/6201/4716 4823/6203/4716
f 4816/6180/4717 4815/6177/4717 4830/6202/4717 4831/6204/4717
f 4809/6181/4718 4808/6179/4718 4823/6203/4718 4824/6205/4718
f 4802/6183/4719 4666/6206/4719 4817/6207/4719
f 4892/6208/4720 4816/6180/4720 4831/6204/4720
f 4810/6185/4721 4809/6181/4721 4824/6205/4721 4825/6209/4721
f 4803/6186/4722 4802/6183/4722 4817/6207/4722 4818/6193/4722
f 4811/6187/4723 4810/6185/4723 4825/6209/4723 4826/6195/4723
f 4823/6203/4724 4822/6201/4724 4837/6210/4724 4838/6211/4724
f 4831/6204/4725 4830/6202/4725 4845/6212/4725 4846/6213/4725
f 4824/6205/4726 4823/6203/4726 4838/6211/4726 4839/6214/4726
f 4817/6207/4727 4666/6215/4727 4832/6216/4727
f 4892/6217/4728 4831/6204/4728 4846/6213/4728
f 4825/6209/4729 4824/6205/4729 4839/6214/4729 4840/6218/4729
f 4818/6193/4730 4817/6207/4730 4832/6216/4730 4833/6219/4730
f 4826/6195/4731 4825/6209/4731 4840/6218/4731 4841/6220/4731
f 4819/6194/4732 4818/6193/4732 4833/6219/4732 4834/6221/4732
f 4827/6196/4733 4826/6195/4733 4841/6220/4733 4842/6222/4733
f 4820/6197/4734 4819/6194/4734 4834/6221/4734 4835/6223/4734
f 4828/6198/4735 4827/6196/4735 4842/6222/4735 4843/6224/4735
f 4821/6199/4736 4820/6197/4736 4835/6223/4736 4836/6225/4736
f 4829/6200/4737 4828/6198/4737 4843/6224/4737 4844/6226/4737
f 4822/6201/4738 4821/6199/4738 4836/6225/4738 4837/6210/4738
f 4830/6202/4739 4829/6200/4739 4844/6226/4739 4845/6212/4739
f 4842/6222/4740 4841/6220/4740 4856/6227/4740 4857/6228/4740
f 4835/6223/4741 4834/6221/4741 4849/6229/4741 4850/6230/4741
f 4843/6224/4742 4842/6222/4742 4857/6228/4742 4858/6231/4742
f 4836/6225/4743 4835/6223/4743 4850/6230/4743 4851/6232/4743
f 4844/6226/4744 4843/6224/4744 4858/6231/4744 4859/6233/4744
f 4837/6210/4745 4836/6225/4745 4851/6232/4745 4852/6234/4745
f 4845/6212/4746 4844/6226/4746 4859/6233/4746 4860/6235/4746
f 4838/6211/4747 4837/6210/4747 4852/6234/4747 4853/6236/4747
f 4846/6213/4748 4845/6212/4748 4860/6235/4748 4861/6237/4748
f 4839/6214/4749 4838/6211/4749 4853/6236/4749 4854/6238/4749
f 4832/6216/4750 4666/6239/4750 4847/6240/4750
f 4892/6241/4751 4846/6213/4751 4861/6237/4751
f 4840/6218/4752 4839/6214/4752 4854/6238/4752 4855/6242/4752
f 4833/6219/4753 4832/6216/4753 4847/6240/4753 4848/6243/4753
f 4841/6220/4754 4840/6218/4754 4855/6242/4754 4856/6227/4754
f 4834/6221/4755 4833/6219/4755 4848/6243/4755 4849/6229/4755
f 4861/6237/4756 4860/6235/4756 4875/6244/4756 4876/6245/4756
f 4854/6238/4757 4853/6236/4757 4868/6246/4757 4869/6247/4757
f 4847/6240/4758 4666/6248/4758 4862/6249/4758
f 4892/6250/4759 4861/6237/4759 4876/6245/4759
f 4855/6242/4760 4854/6238/4760 4869/6247/4760 4870/6251/4760
f 4848/6243/4761 4847/6240/4761 4862/6249/4761 4863/6252/4761
f 4856/6227/4762 4855/6242/4762 4870/6251/4762 4871/6253/4762
f 4849/6229/4763 4848/6243/4763 4863/6252/4763 4864/6254/4763
f 4857/6228/4764 4856/6227/4764 4871/6253/4764 4872/6255/4764
f 4850/6230/4765 4849/6229/4765 4864/6254/4765 4865/6256/4765
f 4858/6231/4766 4857/6228/4766 4872/6255/4766 4873/6257/4766
f 4851/6232/4767 4850/6230/4767 4865/6256/4767 4866/6258/4767
f 4859/6233/4768 4858/6231/4768 4873/6257/4768 4874/6259/4768
f 4852/6234/4769 4851/6232/4769 4866/6258/4769 4867/6260/4769
f 4860/6235/4770 4859/6233/4770 4874/6259/4770 4875/6244/4770
f 4853/6236/4771 4852/6234/4771 4867/6260/4771 4868/6246/4771
f 4865/6256/4772 4864/6254/4772 4879/6261/4772 4880/6262/4772
f 4873/6257/4773 4872/6255/4773 4887/6263/4773 4888/6264/4773
f 4866/6258/4774 4865/6256/4774 4880/6262/4774 4881/6265/4774
f 4874/6259/4775 4873/6257/4775 4888/6264/4775 4889/6266/4775
f 4867/6260/4776 4866/6258/4776 4881/6265/4776 4882/6267/4776
f 4875/6244/4777 4874/6259/4777 4889/6266/4777 4890/6268/4777
f 4868/6246/4778 4867/6260/4778 4882/6267/4778 4883/6269/4778
f 4876/6245/4779 4875/6244/4779 4890/6268/4779 4891/6270/4779
f 4869/6247/4780 4868/6246/4780 4883/6269/4780 4884/6271/4780
f 4862/6249/4781 4666/6272/4781 4877/6273/4781
f 4892/6274/4782 4876/6245/4782 4891/6270/4782
f 4870/6251/4783 4869/6247/4783 4884/6271/4783 4885/6275/4783
f 4863/6252/4784 4862/6249/4784 4877/6273/4784 4878/6276/4784
f 4871/6253/4785 4870/6251/4785 4885/6275/4785 4886/6277/4785
f 4864/6254/4786 4863/6252/4786 4878/6276/4786 4879/6261/4786
f 4872/6255/4787 4871/6253/4787 4886/6277/4787 4887/6263/4787
f 4884/6271/4788 4883/6269/4788 4899/6278/4788 4900/6279/4788
f 4877/6273/4789 4666/6280/4789 4893/6281/4789
f 4892/6282/4790 4891/6270/4790 4907/6283/4790
f 4885/6275/4791 4884/6271/4791 4900/6279/4791 4901/6284/4791
f 4878/6276/4792 4877/6273/4792 4893/6281/4792 4894/6285/4792
f 4886/6277/4793 4885/6275/4793 4901/6284/4793 4902/6286/4793
f 4879/6261/4794 4878/6276/4794 4894/6285/4794 4895/6287/4794
f 4887/6263/4795 4886/6277/4795 4902/6286/4795 4903/6288/4795
f 4880/6262/4796 4879/6261/4796 4895/6287/4796 4896/6289/4796
f 4888/6264/4797 4887/6263/4797 4903/6288/4797 4904/6290/4797
f 4881/6265/4798 4880/6262/4798 4896/6289/4798 4897/6291/4798
f 4889/6266/4799 4888/6264/4799 4904/6290/4799 4905/6292/4799
f 4882/6267/4800 4881/6265/4800 4897/6291/4800 4898/6293/4800
f 4890/6268/4801 4889/6266/4801 4905/6292/4801 4906/6294/4801
f 4883/6269/4802 4882/6267/4802 4898/6293/4802 4899/6278/4802
f 4891/6270/4803 4890/6268/4803 4906/6294/4803 4907/6283/4803
f 4904/6290/4804 4903/6288/4804 4918/6295/4804 4919/6296/4804
f 4897/6291/4805 4896/6289/4805 4911/6297/4805 4912/6298/4805
f 4905/6292/4806 4904/6290/4806 4919/6296/4806 4920/6299/4806
f 4898/6293/4807 4897/6291/4807 4912/6298/4807 4913/6300/4807
f 4906/6294/4808 4905/6292/4808 4920/6299/4808 4921/6301/4808
f 4899/6278/4809 4898/6293/4809 4913/6300/4809 4914/6302/4809
f 4907/6283/4810 4906/6294/4810 4921/6301/4810 4922/6303/4810
f 4900/6279/4811 4899/6278/4811 4914/6302/4811 4915/6304/4811
f 4893/6281/4812 4666/6305/4812 4908/6306/4812
f 4892/6307/4813 4907/6283/4813 4922/6303/4813
f 4901/6284/4814 4900/6279/4814 4915/6304/4814 4916/6308/4814
f 4894/6285/4815 4893/6281/4815 4908/6306/4815 4909/6309/4815
f 4902/6286/4816 4901/6284/4816 4916/6308/4816 4917/6310/4816
f 4895/6287/4817 4894/6285/4817 4909/6309/4817 4910/6311/4817
f 4903/6288/4818 4902/6286/4818 4917/6310/4818 4918/6295/4818
f 4896/6289/4819 4895/6287/4819 4910/6311/4819 4911/6297/4819
f 4892/6312/4820 4922/6303/4820 4937/6313/4820
f 4916/6308/4821 4915/6304/4821 4930/6314/4821 4931/6315/4821
f 4909/6309/4822 4908/6306/4822 4923/6316/4822 4924/6317/4822
f 4917/6310/4823 4916/6308/4823 4931/6315/4823 4932/6318/4823
f 4910/6311/4824 4909/6309/4824 4924/6317/4824 4925/6319/4824
f 4918/6295/4825 4917/6310/4825 4932/6318/4825 4933/6320/4825
f 4911/6297/4826 4910/6311/4826 4925/6319/4826 4926/6321/4826
f 4919/6296/4827 4918/6295/4827 4933/6320/4827 4934/6322/4827
f 4912/6298/4828 4911/6297/4828 4926/6321/4828 4927/6323/4828
f 4920/6299/4829 4919/6296/4829 4934/6322/4829 4935/6324/4829
f 4913/6300/4830 4912/6298/4830 4927/6323/4830 4928/6325/4830
f 4921/6301/4831 4920/6299/4831 4935/6324/4831 4936/6326/4831
f 4914/6302/4832 4913/6300/4832 4928/6325/4832 4929/6327/4832
f 4922/6303/4833 4921/6301/4833 4936/6326/4833 4937/6313/4833
f 4915/6304/4834 4914/6302/4834 4929/6327/4834 4930/6314/4834
f 4908/6306/4835 4666/6328/4835 4923/6316/4835
f 4935/6324/4836 4934/6322/4836 4949/6329/4836 4950/6330/4836
f 4928/6325/4837 4927/6323/4837 4942/6331/4837 4943/6332/4837
f 4936/6326/4838 4935/6324/4838 4950/6330/4838 4951/6333/4838
f 4929/6327/4839 4928/6325/4839 4943/6332/4839 4944/6334/4839
f 4937/6313/4840 4936/6326/4840 4951/6333/4840 4952/6335/4840
f 4930/6314/4841 4929/6327/4841 4944/6334/4841 4945/6336/4841
f 4923/6316/4842 4666/6337/4842 4938/6338/4842
f 4892/6339/4843 4937/6313/4843 4952/6335/4843
f 4931/6315/4844 4930/6314/4844 4945/6336/4844 4946/6340/4844
f 4924/6317/4845 4923/6316/4845 4938/6338/4845 4939/6341/4845
f 4932/6318/4846 4931/6315/4846 4946/6340/4846 4947/6342/4846
f 4925/6319/4847 4924/6317/4847 4939/6341/4847 4940/6343/4847
f 4933/6320/4848 4932/6318/4848 4947/6342/4848 4948/6344/4848
f 4926/6321/4849 4925/6319/4849 4940/6343/4849 4941/6345/4849
f 4934/6322/4850 4933/6320/4850 4948/6344/4850 4949/6329/4850
f 4927/6323/4851 4926/6321/4851 4941/6345/4851 4942/6331/4851
f 4939/6346/4852 4938/6347/4852 4953/6348/4852 4954/6349/4852
f 4947/6350/4853 4946/6351/4853 4961/6352/4853 4962/6353/4853
f 4940/6354/4854 4939/6346/4854 4954/6349/4854 4955/6355/4854
f 4948/6356/4855 4947/6350/4855 4962/6353/4855 4963/6357/4855
f 4941/6358/4856 4940/6354/4856 4955/6355/4856 4956/6359/4856
f 4949/6360/4857 4948/6356/4857 4963/6357/4857 4964/6361/4857
f 4942/6362/4858 4941/6358/4858 4956/6359/4858 4957/6363/4858
f 4950/6364/4859 4949/6360/4859 4964/6361/4859 4965/6365/4859
f 4943/6366/4860 4942/6362/4860 4957/6363/4860 4958/6367/4860
f 4951/6368/4861 4950/6364/4861 4965/6365/4861 4966/6369/4861
f 4944/6370/4862 4943/6366/4862 4958/6367/4862 4959/6371/4862
f 4952/6372/4863 4951/6368/4863 4966/6369/4863 4967/6373/4863
f 4945/6374/4864 4944/6370/4864 4959/6371/4864 4960/6375/4864
f 4938/6347/4865 4666/6376/4865 4953/6348/4865
f 4892/6377/4866 4952/6372/4866 4967/6373/4866
f 4946/6351/4867 4945/6374/4867 4960/6375/4867 4961/6352/4867
f 4958/6367/4868 4957/6363/4868 4972/6378/4868 4973/6379/4868
f 4966/6369/4869 4965/6365/4869 4980/6380/4869 4981/6381/4869
f 4959/6371/4870 4958/6367/4870 4973/6379/4870 4974/6382/4870
f 4967/6373/4871 4966/6369/4871 4981/6381/4871 4982/6383/4871
f 4960/6375/4872 4959/6371/4872 4974/6382/4872 4975/6384/4872
f 4953/6348/4873 4666/6385/4873 4968/6386/4873
f 4892/6387/4874 4967/6373/4874 4982/6383/4874
f 4961/6352/4875 4960/6375/4875 4975/6384/4875 4976/6388/4875
f 4954/6349/4876 4953/6348/4876 4968/6386/4876 4969/6389/4876
f 4962/6353/4877 4961/6352/4877 4976/6388/4877 4977/6390/4877
f 4955/6355/4878 4954/6349/4878 4969/6389/4878 4970/6391/4878
f 4963/6357/4879 4962/6353/4879 4977/6390/4879 4978/6392/4879
f 4956/6359/4880 4955/6355/4880 4970/6391/4880 4971/6393/4880
f 4964/6361/4881 4963/6357/4881 4978/6392/4881 4979/6394/4881
f 4957/6363/4882 4956/6359/4882 4971/6393/4882 4972/6378/4882
f 4965/6365/4883 4964/6361/4883 4979/6394/4883 4980/6380/4883
f 4977/6390/4884 4976/6388/4884 4991/6395/4884 4992/6396/4884
f 4970/6391/4885 4969/6389/4885 4984/6397/4885 4985/6398/4885
f 4978/6392/4886 4977/6390/4886 4992/6396/4886 4993/6399/4886
f 4971/6393/4887 4970/6391/4887 4985/6398/4887 4986/6400/4887
f 4979/6394/4888 4978/6392/4888 4993/6399/4888 4994/6401/4888
f 4972/6378/4889 4971/6393/4889 4986/6400/4889 4987/6402/4889
f 4980/6380/4890 4979/6394/4890 4994/6401/4890 4995/6403/4890
f 4973/6379/4891 4972/6378/4891 4987/6402/4891 4988/6404/4891
f 4981/6381/4892 4980/6380/4892 4995/6403/4892 4996/6405/4892
f 4974/6382/4893 4973/6379/4893 4988/6404/4893 4989/6406/4893
f 4982/6383/4894 4981/6381/4894 4996/6405/4894 4997/6407/4894
f 4975/6384/4895 4974/6382/4895 4989/6406/4895 4990/6408/4895
f 4968/6386/4896 4666/6409/4896 4983/6410/4896
f 4892/6411/4897 4982/6383/4897 4997/6407/4897
f 4976/6388/4898 4975/6384/4898 4990/6408/4898 4991/6395/4898
f 4969/6389/4899 4968/6386/4899 4983/6410/4899 4984/6397/4899
f 4996/6405/4900 4995/6403/4900 5010/6412/4900 5011/6413/4900
f 4989/6406/4901 4988/6404/4901 5003/6414/4901 5004/6415/4901
f 4997/6407/4902 4996/6405/4902 5011/6413/4902 5012/6416/4902
f 4990/6408/4903 4989/6406/4903 5004/6415/4903 5005/6417/4903
f 4983/6410/4904 4666/6418/4904 4998/6419/4904
f 4892/6420/4905 4997/6407/4905 5012/6416/4905
f 4991/6395/4906 4990/6408/4906 5005/6417/4906 5006/6421/4906
f 4984/6397/4907 4983/6410/4907 4998/6419/4907 4999/6422/4907
f 4992/6396/4908 4991/6395/4908 5006/6421/4908 5007/6423/4908
f 4985/6398/4909 4984/6397/4909 4999/6422/4909 5000/6424/4909
f 4993/6399/4910 4992/6396/4910 5007/6423/4910 5008/6425/4910
f 4986/6400/4911 4985/6398/4911 5000/6424/4911 5001/6426/4911
f 4994/6401/4912 4993/6399/4912 5008/6425/4912 5009/6427/4912
f 4987/6402/4913 4986/6400/4913 5001/6426/4913 5002/6428/4913
f 4995/6403/4914 4994/6401/4914 5009/6427/4914 5010/6412/4914
f 4988/6404/4915 4987/6402/4915 5002/6428/4915 5003/6414/4915
f 5000/6424/4916 4999/6422/4916 5014/6429/4916 5015/6430/4916
f 5008/6425/4917 5007/6423/4917 5022/6431/4917 5023/6432/4917
f 5001/6426/4918 5000/6424/4918 5015/6430/4918 5016/6433/4918
f 5009/6427/4919 5008/6425/4919 5023/6432/4919 5024/6434/4919
f 5002/6428/4920 5001/6426/4920 5016/6433/4920 5017/6435/4920
f 5010/6412/4921 5009/6427/4921 5024/6434/4921 5025/6436/4921
f 5003/6414/4922 5002/6428/4922 5017/6435/4922 5018/6437/4922
f 5011/6413/4923 5010/6412/4923 5025/6436/4923 5026/6438/4923
f 5004/6415/4924 5003/6414/4924 5018/6437/4924 5019/6439/4924
f 5012/6416/4925 5011/6413/4925 5026/6438/4925 5027/6440/4925
f 5005/6417/4926 5004/6415/4926 5019/6439/4926 5020/6441/4926
f 4998/6419/4927 4666/6442/4927 5013/6443/4927
f 4892/6444/4928 5012/6416/4928 5027/6440/4928
f 5006/6421/4929 5005/6417/4929 5020/6441/4929 5021/6445/4929
f 4999/6422/4930 4998/6419/4930 5013/6443/4930 5014/6429/4930
f 5007/6423/4931 5006/6421/4931 5021/6445/4931 5022/6431/4931
f 5019/6439/4932 5018/6437/4932 5033/6446/4932 5034/6447/4932
f 5027/6440/4933 5026/6438/4933 5041/6448/4933 5042/6449/4933
f 5020/6441/4934 5019/6439/4934 5034/6447/4934 5035/6450/4934
f 5013/6443/4935 4666/6451/4935 5028/6452/4935
f 4892/6453/4936 5027/6440/4936 5042/6449/4936
f 5021/6445/4937 5020/6441/4937 5035/6450/4937 5036/6454/4937
f 5014/6429/4938 5013/6443/4938 5028/6452/4938 5029/6455/4938
f 5022/6431/4939 5021/6445/4939 5036/6454/4939 5037/6456/4939
f 5015/6430/4940 5014/6429/4940 5029/6455/4940 5030/6457/4940
f 5023/6432/4941 5022/6431/4941 5037/6456/4941 5038/6458/4941
f 5016/6433/4942 5015/6430/4942 5030/6457/4942 5031/6459/4942
f 5024/6434/4943 5023/6432/4943 5038/6458/4943 5039/6460/4943
f 5017/6435/4944 5016/6433/4944 5031/6459/4944 5032/6461/4944
f 5025/6436/4945 5024/6434/4945 5039/6460/4945 5040/6462/4945
f 5018/6437/4946 5017/6435/4946 5032/6461/4946 5033/6446/4946
f 5026/6438/4947 5025/6436/4947 5040/6462/4947 5041/6448/4947
f 5038/6458/4948 5037/6456/4948 5052/6463/4948 5053/6464/4948
f 5031/6459/4949 5030/6457/4949 5045/6465/4949 5046/6466/4949
f 5039/6460/4950 5038/6458/4950 5053/6464/4950 5054/6467/4950
f 5032/6461/4951 5031/6459/4951 5046/6466/4951 5047/6468/4951
f 5040/6462/4952 5039/6460/4952 5054/6467/4952 5055/6469/4952
f 5033/6446/4953 5032/6461/4953 5047/6468/4953 5048/6470/4953
f 5041/6448/4954 5040/6462/4954 5055/6469/4954 5056/6471/4954
f 5034/6447/4955 5033/6446/4955 5048/6470/4955 5049/6472/4955
f 5042/6449/4956 5041/6448/4956 5056/6471/4956 5057/6473/4956
f 5035/6450/4957 5034/6447/4957 5049/6472/4957 5050/6474/4957
f 5028/6452/4958 4666/6475/4958 5043/6476/4958
f 4892/6477/4959 5042/6449/4959 5057/6473/4959
f 5036/6454/4960 5035/6450/4960 5050/6474/4960 5051/6478/4960
f 5029/6455/4961 5028/6452/4961 5043/6476/4961 5044/6479/4961
f 5037/6456/4962 5036/6454/4962 5051/6478/4962 5052/6463/4962
f 5030/6457/4963 5029/6455/4963 5044/6479/4963 5045/6465/4963
f 5057/6473/4964 5056/6471/4964 5065/5924/4964 5066/5923/4964
f 5050/6474/4965 5049/6472/4965 4587/5928/4965 4588/5927/4965
f 5043/6476/4966 4666/6480/4966 5058/5931/4966
f 4892/6481/4967 5057/6473/4967 5066/5923/4967
f 5051/6478/4968 5050/6474/4968 4588/5927/4968 4589/5935/4968
f 5044/6479/4969 5043/6476/4969 5058/5931/4969 5059/5937/4969
f 5052/6463/4970 5051/6478/4970 4589/5935/4970 5062/5939/4970
f 5045/6465/4971 5044/6479/4971 5059/5937/4971 4585/5941/4971
f 5053/6464/4972 5052/6463/4972 5062/5939/4972 4590/5943/4972
f 5046/6466/4973 5045/6465/4973 4585/5941/4973 5060/5945/4973
f 5054/6467/4974 5053/6464/4974 4590/5943/4974 5063/5947/4974
f 5047/6468/4975 5046/6466/4975 5060/5945/4975 4586/5949/4975
f 5055/6469/4976 5054/6467/4976 5063/5947/4976 5064/5951/4976
f 5048/6470/4977 5047/6468/4977 4586/5949/4977 5061/5953/4977
f 5056/6471/4978 5055/6469/4978 5064/5951/4978 5065/5924/4978
f 5049/6472/4979 5048/6470/4979 5061/5953/4979 4587/5928/4979
o Cylinder.009
v 2.584686 0.410081 2.331634
v 2.584686 3.127502 2.707886
v 2.799598 0.410081 2.352801
v 2.726194 3.127502 2.721824
v 3.006251 0.410081 2.415488
v 2.862265 3.127502 2.763100
v 3.196703 0.410081 2.517287
v 2.987669 3.127502 2.830130
v 3.363637 0.410081 2.654286
v 3.097586 3.127502 2.920337
v 3.500635 0.410081 2.821219
v 3.187793 3.127502 3.030254
v 3.602434 0.410081 3.011672
v 3.254822 3.127502 3.155657
v 3.665122 0.410081 3.218325
v 3.296099 3.127502 3.291728
v 3.686289 0.410081 3.433237
v 3.310036 3.127502 3.433237
v 3.665122 0.410081 3.648149
v 3.296099 3.127502 3.574746
v 3.602434 0.410081 3.854802
v 3.254822 3.127502 3.710817
v 3.500635 0.410081 4.045255
v 3.187793 3.127502 3.836220
v 3.363637 0.410081 4.212188
v 3.097586 3.127502 3.946137
v 3.196703 0.410081 4.349187
v 2.987669 3.127502 4.036344
v 3.006251 0.410081 4.450986
v 2.862265 3.127502 4.103374
v 2.799598 0.410081 4.513673
v 2.726194 3.127502 4.144650
v 2.584686 0.410081 4.534841
v 2.584686 3.127502 4.158588
v 2.369773 0.410081 4.513673
v 2.443177 3.127502 4.144650
v 2.163120 0.410081 4.450986
v 2.307106 3.127502 4.103374
v 1.972668 0.410081 4.349187
v 2.181702 3.127502 4.036344
v 1.805734 0.410081 4.212188
v 2.071785 3.127502 3.946137
v 1.668736 0.410081 4.045255
v 1.981579 3.127502 3.836220
v 1.566937 0.410081 3.854802
v 1.914549 3.127502 3.710817
v 1.504249 0.410081 3.648149
v 1.873272 3.127502 3.574746
v 1.483082 0.410081 3.433237
v 1.859335 3.127502 3.433237
v 1.504249 0.410081 3.218325
v 1.873272 3.127502 3.291728
v 1.566937 0.410081 3.011672
v 1.914549 3.127502 3.155657
v 1.668736 0.410081 2.821219
v 1.981579 3.127502 3.030254
v 1.805734 0.410081 2.654286
v 2.071785 3.127502 2.920337
v 1.972668 0.410081 2.517287
v 2.181702 3.127502 2.830130
v 2.163120 0.410081 2.415488
v 2.307106 3.127502 2.763100
v 2.369773 0.410081 2.352801
v 2.443177 3.127502 2.721824
vn 0.0971 0.1365 -0.9859
vn 0.2876 0.1365 -0.9480
vn 0.4670 0.1365 -0.8737
vn 0.6285 0.1365 -0.7658
vn 0.7658 0.1365 -0.6285
vn 0.8737 0.1365 -0.4670
vn 0.9480 0.1365 -0.2876
vn 0.9859 0.1365 -0.0971
vn 0.9859 0.1365 0.0971
vn 0.9480 0.1365 0.2876
vn 0.8737 0.1365 0.4670
vn 0.7658 0.1365 0.6285
vn 0.6285 0.1365 0.7658
vn 0.4670 0.1365 0.8737
vn 0.2876 0.1365 0.9480
vn 0.0971 0.1365 0.9859
vn -0.0971 0.1365 0.9859
vn -0.2876 0.1365 0.9480
vn -0.4670 0.1365 0.8737
vn -0.6285 0.1365 0.7658
vn -0.7658 0.1365 0.6285
vn -0.8737 0.1365 0.4670
vn -0.9480 0.1365 0.2876
vn -0.9859 0.1365 0.0971
vn -0.9859 0.1365 -0.0971
vn -0.9480 0.1365 -0.2876
vn -0.8737 0.1365 -0.4670
vn -0.7658 0.1365 -0.6285
vn -0.6285 0.1365 -0.7658
vn -0.4670 0.1365 -0.8737
vn -0.0000 1.0000 -0.0000
vn -0.2876 0.1365 -0.9480
vn -0.0971 0.1365 -0.9859
vn -0.0000 -1.0000 -0.0000
vt 1.000000 0.006361
vt 1.000000 0.982363
vt 0.968750 0.982363
vt 0.968750 0.006361
vt 0.937500 0.982363
vt 0.937500 0.006361
vt 0.906250 0.982363
vt 0.906250 0.006361
vt 0.875000 0.982363
vt 0.875000 0.006361
vt 0.843750 0.982363
vt 0.843750 0.006361
vt 0.812500 0.982363
vt 0.812500 0.006361
vt 0.781250 0.982363
vt 0.781250 0.006361
vt 0.750000 0.982363
vt 0.750000 0.006361
vt 0.718750 0.982363
vt 0.718750 0.006361
vt 0.687500 0.982363
vt 0.687500 0.006361
vt 0.656250 0.982363
vt 0.656250 0.006361
vt 0.625000 0.982363
vt 0.625000 0.006361
vt 0.593750 0.982363
vt 0.593750 0.006361
vt 0.562500 0.982363
vt 0.562500 0.006361
vt 0.531250 0.982363
vt 0.531250 0.006361
vt 0.500000 0.982363
vt 0.500000 0.006361
vt 0.468750 0.982363
vt 0.468750 0.006361
vt 0.437500 0.982363
vt 0.437500 0.006361
vt 0.406250 0.982363
vt 0.406250 0.006361
vt 0.375000 0.982363
vt 0.375000 0.006361
vt 0.343750 0.982363
vt 0.343750 0.006361
vt 0.312500 0.982363
vt 0.312500 0.006361
vt 0.281250 0.982363
vt 0.281250 0.006361
vt 0.250000 0.982363
vt 0.250000 0.006361
vt 0.218750 0.982363
vt 0.218750 0.006361
vt 0.187500 0.982363
vt 0.187500 0.006361
vt 0.156250 0.982363
vt 0.156250 0.006361
vt 0.125000 0.982363
vt 0.125000 0.006361
vt 0.093750 0.982363
vt 0.093750 0.006361
vt 0.062500 0.982363
vt 0.062500 0.006361
vt 0.296822 0.485388
vt 0.250000 0.490000
vt 0.203178 0.485388
vt 0.158156 0.471731
vt 0.116663 0.449553
vt 0.080294 0.419706
vt 0.050447 0.383337
vt 0.028269 0.341844
vt 0.014612 0.296822
vt 0.010000 0.250000
vt 0.014612 0.203178
vt 0.028269 0.158156
vt 0.050447 0.116663
vt 0.080294 0.080294
vt 0.116663 0.050447
vt 0.158156 0.028269
vt 0.203178 0.014612
vt 0.250000 0.010000
vt 0.296822 0.014612
vt 0.341844 0.028269
vt 0.383337 0.050447
vt 0.419706 0.080294
vt 0.449553 0.116663
vt 0.471731 0.158156
vt 0.485388 0.203178
vt 0.490000 0.250000
vt 0.485388 0.296822
vt 0.471731 0.341844
vt 0.449553 0.383337
vt 0.419706 0.419706
vt 0.383337 0.449553
vt 0.341844 0.471731
vt 0.031250 0.982363
vt 0.031250 0.006361
vt 0.000000 0.982363
vt 0.000000 0.006361
vt 0.750000 0.490000
vt 0.796822 0.485388
vt 0.841844 0.471731
vt 0.883337 0.449553
vt 0.919706 0.419706
vt 0.949553 0.383337
vt 0.971731 0.341844
vt 0.985388 0.296822
vt 0.990000 0.250000
vt 0.985388 0.203178
vt 0.971731 0.158156
vt 0.949553 0.116663
vt 0.919706 0.080294
vt 0.883337 0.050447
vt 0.841844 0.028269
vt 0.796822 0.014612
vt 0.750000 0.010000
vt 0.703178 0.014612
vt 0.658156 0.028269
vt 0.616663 0.050447
vt 0.580294 0.080294
vt 0.550447 0.116663
vt 0.528269 0.158156
vt 0.514612 0.203178
vt 0.510000 0.250000
vt 0.514612 0.296822
vt 0.528269 0.341844
vt 0.550447 0.383337
vt 0.580294 0.419706
vt 0.616663 0.449553
vt 0.658156 0.471731
vt 0.703178 0.485388
s 0
usemtl Material.004
f 5067/6482/4980 5068/6483/4980 5070/6484/4980 5069/6485/4980
f 5069/6485/4981 5070/6484/4981 5072/6486/4981 5071/6487/4981
f 5071/6487/4982 5072/6486/4982 5074/6488/4982 5073/6489/4982
f 5073/6489/4983 5074/6488/4983 5076/6490/4983 5075/6491/4983
f 5075/6491/4984 5076/6490/4984 5078/6492/4984 5077/6493/4984
f 5077/6493/4985 5078/6492/4985 5080/6494/4985 5079/6495/4985
f 5079/6495/4986 5080/6494/4986 5082/6496/4986 5081/6497/4986
f 5081/6497/4987 5082/6496/4987 5084/6498/4987 5083/6499/4987
f 5083/6499/4988 5084/6498/4988 5086/6500/4988 5085/6501/4988
f 5085/6501/4989 5086/6500/4989 5088/6502/4989 5087/6503/4989
f 5087/6503/4990 5088/6502/4990 5090/6504/4990 5089/6505/4990
f 5089/6505/4991 5090/6504/4991 5092/6506/4991 5091/6507/4991
f 5091/6507/4992 5092/6506/4992 5094/6508/4992 5093/6509/4992
f 5093/6509/4993 5094/6508/4993 5096/6510/4993 5095/6511/4993
f 5095/6511/4994 5096/6510/4994 5098/6512/4994 5097/6513/4994
f 5097/6513/4995 5098/6512/4995 5100/6514/4995 5099/6515/4995
f 5099/6515/4996 5100/6514/4996 5102/6516/4996 5101/6517/4996
f 5101/6517/4997 5102/6516/4997 5104/6518/4997 5103/6519/4997
f 5103/6519/4998 5104/6518/4998 5106/6520/4998 5105/6521/4998
f 5105/6521/4999 5106/6520/4999 5108/6522/4999 5107/6523/4999
f 5107/6523/5000 5108/6522/5000 5110/6524/5000 5109/6525/5000
f 5109/6525/5001 5110/6524/5001 5112/6526/5001 5111/6527/5001
f 5111/6527/5002 5112/6526/5002 5114/6528/5002 5113/6529/5002
f 5113/6529/5003 5114/6528/5003 5116/6530/5003 5115/6531/5003
f 5115/6531/5004 5116/6530/5004 5118/6532/5004 5117/6533/5004
f 5117/6533/5005 5118/6532/5005 5120/6534/5005 5119/6535/5005
f 5119/6535/5006 5120/6534/5006 5122/6536/5006 5121/6537/5006
f 5121/6537/5007 5122/6536/5007 5124/6538/5007 5123/6539/5007
f 5123/6539/5008 5124/6538/5008 5126/6540/5008 5125/6541/5008
f 5125/6541/5009 5126/6540/5009 5128/6542/5009 5127/6543/5009
f 5070/6544/5010 5068/6545/5010 5130/6546/5010 5128/6547/5010 5126/6548/5010 5124/6549/5010 5122/6550/5010 5120/6551/5010 5118/6552/5010 5116/6553/5010 5114/6554/5010 5112/6555/5010 5110/6556/5010 5108/6557/5010 5106/6558/5010 5104/6559/5010 5102/6560/5010 5100/6561/5010 5098/6562/5010 5096/6563/5010 5094/6564/5010 5092/6565/5010 5090/6566/5010 5088/6567/5010 5086/6568/5010 5084/6569/5010 5082/6570/5010 5080/6571/5010 5078/6572/5010 5076/6573/5010 5074/6574/5010 5072/6575/5010
f 5127/6543/5011 5128/6542/5011 5130/6576/5011 5129/6577/5011
f 5129/6577/5012 5130/6576/5012 5068/6578/5012 5067/6579/5012
f 5067/6580/5013 5069/6581/5013 5071/6582/5013 5073/6583/5013 5075/6584/5013 5077/6585/5013 5079/6586/5013 5081/6587/5013 5083/6588/5013 5085/6589/5013 5087/6590/5013 5089/6591/5013 5091/6592/5013 5093/6593/5013 5095/6594/5013 5097/6595/5013 5099/6596/5013 5101/6597/5013 5103/6598/5013 5105/6599/5013 5107/6600/5013 5109/6601/5013 5111/6602/5013 5113/6603/5013 5115/6604/5013 5117/6605/5013 5119/6606/5013 5121/6607/5013 5123/6608/5013 5125/6609/5013 5127/6610/5013 5129/6611/5013
o Sphere.009
v -24.036812 5.718397 2.521865
v -23.827803 5.427413 2.179928
v -23.679893 5.005691 1.966504
v -23.636358 4.765342 1.919062
v -23.615602 4.517434 1.914084
v -23.644714 4.036974 2.030650
v -24.235065 5.836678 2.967615
v -24.075993 5.804610 2.778983
v -23.922808 5.725045 2.599770
v -23.781393 5.601041 2.436862
v -23.657185 5.437363 2.296520
v -23.554956 5.240301 2.184138
v -23.478636 5.017427 2.104034
v -23.431156 4.777308 2.059286
v -23.414343 4.529170 2.051614
v -23.428841 4.282549 2.081314
v -23.474094 4.046923 2.147242
v -23.548363 3.831347 2.246867
v -23.648792 3.644105 2.376359
v -23.771526 3.492393 2.530743
v -23.911844 3.382041 2.704084
v -24.201015 5.837448 3.002204
v -24.009201 5.806121 2.846833
v -23.825840 5.727239 2.698272
v -23.657976 5.603832 2.562232
v -23.512062 5.440645 2.443940
v -23.393705 5.243948 2.347942
v -23.307453 5.021299 2.277927
v -23.256620 4.781255 2.236587
v -23.243160 4.533041 2.225508
v -23.267590 4.286196 2.245118
v -23.328972 4.050205 2.294662
v -23.424948 3.834138 2.372237
v -23.551826 3.646298 2.474862
v -23.704733 3.493904 2.598593
v -23.877794 3.382811 2.738674
v -24.174255 5.836624 3.042698
v -23.956711 5.804505 2.926264
v -23.749636 5.724893 2.813588
v -23.560987 5.600847 2.709002
v -23.398016 5.437134 2.616523
v -23.266983 5.240047 2.539706
v -23.172924 5.017158 2.481502
v -23.119455 4.777033 2.444149
v -23.108631 4.528900 2.429083
v -23.140867 4.282295 2.436881
v -23.214926 4.046694 2.467245
v -23.327957 3.831152 2.519007
v -23.475622 3.643952 2.590178
v -23.652243 3.492288 2.678023
v -23.851034 3.381987 2.779167
v -24.155815 5.834238 3.087539
v -23.920540 5.799824 3.014223
v -23.697124 5.718098 2.941286
v -23.494152 5.592198 2.871529
v -23.319426 5.426965 2.807635
v -23.179659 5.228747 2.752058
v -23.080221 5.005162 2.706935
v -23.024937 4.764802 2.673999
v -23.015928 4.516904 2.654515
v -23.053543 4.270995 2.649234
v -23.136335 4.036525 2.658357
v -23.261124 3.822504 2.681534
v -23.423111 3.637157 2.717875
v -23.616072 3.487607 2.765983
v -23.832594 3.379601 2.824009
v -24.146404 5.830381 3.135005
v -23.902079 5.792259 3.107331
v -23.670322 5.707115 3.076457
v -23.460039 5.578220 3.043570
v -23.279314 5.410528 3.009933
v -23.135088 5.210483 2.976840
v -23.032906 4.985773 2.945562
v -22.976694 4.745034 2.917301
v -22.968613 4.497516 2.893142
v -23.008974 4.252731 2.874015
v -23.096224 4.020088 2.860655
v -23.227011 3.808526 2.853575
v -23.396309 3.626174 2.853047
v -23.597610 3.480042 2.859091
v -23.823183 3.375745 2.871475
v -24.393908 5.820015 3.158416
v -24.146381 5.825202 3.183271
v -23.902035 5.782100 3.202009
v -23.670259 5.692366 3.213908
v -23.459961 5.559449 3.218512
v -23.279221 5.388455 3.215643
v -23.134985 5.185957 3.205412
v -23.032797 4.959737 3.188213
v -22.976582 4.718487 3.164706
v -22.968504 4.471479 3.135794
v -23.008869 4.228206 3.102588
v -23.096130 3.998015 3.066365
v -23.226931 3.789754 3.028517
v -23.396246 3.611426 2.990498
v -23.597569 3.469883 2.953768
v -23.823160 3.370566 2.919741
v -24.155750 5.818900 3.230483
v -23.920414 5.769738 3.294618
v -23.696939 5.674418 3.348356
v -23.493917 5.536606 3.389632
v -23.319149 5.361595 3.416859
v -23.179352 5.156112 3.428992
v -23.079895 4.928052 3.425564
v -23.024605 4.686182 3.406706
v -23.015604 4.439795 3.373144
v -23.053236 4.198360 3.326167
v -23.136059 3.971155 3.267581
v -23.260887 3.766912 3.199637
v -23.422926 3.593478 3.124946
v -23.615946 3.457521 3.046378
v -23.832529 3.364263 2.966953
v -24.174150 5.811716 3.274827
v -23.956505 5.755647 3.381601
v -23.749336 5.653962 3.474635
v -23.560606 5.510569 3.550354
v -23.397568 5.330979 3.605849
v -23.266483 5.122093 3.638986
v -23.172396 4.891939 3.648492
v -23.118917 4.649361 3.634002
v -23.108103 4.403681 3.596073
v -23.140369 4.164341 3.536161
v -23.214478 3.940539 3.456571
v -23.327576 3.740875 3.360359
v -23.475323 3.573021 3.251225
v -23.652037 3.443430 3.133360
v -23.850929 3.357080 3.011296
v -24.200872 5.803927 3.314597
v -24.008923 5.740369 3.459613
v -23.825436 5.631782 3.587892
v -23.657463 5.482339 3.694503
v -23.511459 5.297784 3.775349
v -23.393034 5.085209 3.827325
v -23.306740 4.852783 3.848432
v -23.255894 4.609438 3.837859
v -23.242449 4.364525 3.796012
v -23.266920 4.127458 3.724500
v -23.328369 3.907344 3.626071
v -23.424435 3.712645 3.504508
v -23.551422 3.550842 3.364481
v -23.704456 3.428152 3.211373
v -23.877651 3.349291 3.051066
v -24.234892 5.795833 3.348266
v -24.075655 5.724491 3.525658
v -23.922316 5.608731 3.683774
v -23.780767 5.453001 3.816537
v -23.656448 5.263286 3.918847
v -23.554138 5.046877 3.986771
v -23.477768 4.812090 4.017699
v -23.430271 4.567947 4.010442
v -23.413475 4.323833 3.965279
v -23.428024 4.089126 3.883946
v -23.473358 3.872846 3.769569
v -23.547737 3.683307 3.626543
v -23.648302 3.527791 3.460363
v -23.771187 3.412274 3.277418
v -23.911671 3.341197 3.084736
v -24.274900 5.787744 3.374541
v -24.154135 5.708624 3.577197
v -24.036251 5.585695 3.758596
v -23.925779 5.423682 3.911769
v -23.826965 5.228811 4.030827
v -23.743605 5.008570 4.111197
v -23.678905 4.771423 4.149788
v -23.635349 4.526484 4.145119
v -23.614613 4.283166 4.097369
v -23.617491 4.050818 4.008372
v -23.643875 3.838371 3.881549
v -23.692749 3.653988 3.721774
v -23.762238 3.504755 3.535186
v -23.849667 3.396407 3.328956
v -23.951679 3.333108 3.111010
v -24.319361 5.779971 3.392410
v -24.241346 5.693377 3.612249
v -24.162863 5.563560 3.809484
v -24.086926 5.395509 3.976537
v -24.016453 5.195683 4.106987
v -23.954155 4.971760 4.195820
v -23.902422 4.732347 4.239624
v -23.863245 4.486642 4.236715
v -23.838129 4.244089 4.187205
v -23.828039 4.014009 4.092996
v -23.833363 3.805243 3.957708
v -23.853897 3.625815 3.786542
v -23.888849 3.482620 3.586074
v -23.936880 3.381160 3.364009
v -23.996140 3.325335 3.128880
v -24.366566 5.772813 3.401188
v -24.333941 5.679336 3.629468
v -24.297287 5.543176 3.834482
v -24.258015 5.369565 4.008353
v -24.217634 5.165175 4.144398
v -24.177692 4.937862 4.237390
v -24.139730 4.696360 4.283754
v -24.105204 4.449951 4.281710
v -24.075438 4.208103 4.231335
v -24.051579 3.980111 4.134565
v -24.034544 3.774736 3.995120
v -24.024986 3.599871 3.818358
v -24.023273 3.462235 3.611072
v -24.029472 3.367119 3.381227
v -24.043344 3.318177 3.137657
v -24.414698 5.766545 3.400537
v -24.428356 5.667040 3.628191
v -24.434357 5.525325 3.832629
v -24.432472 5.346846 4.005994
v -24.422773 5.138461 4.141624
v -24.405632 4.908178 4.234308
v -24.381710 4.664848 4.280483
v -24.351923 4.417821 4.278374
v -24.317417 4.176591 4.228063
v -24.279518 3.950427 4.131484
v -24.239683 3.748021 3.992347
v -24.199444 3.577152 3.816000
v -24.160343 3.444385 3.609219
v -24.123888 3.354824 3.379951
v -24.091476 3.311909 3.137007
v -24.461910 5.761408 3.390483
v -24.520966 5.656963 3.608469
v -24.568806 5.510695 3.803996
v -24.603592 5.328226 3.969552
v -24.623989 5.116566 4.098773
v -24.629211 4.883850 4.186693
v -24.619061 4.639021 4.229935
v -24.593924 4.391488 4.226836
v -24.554768 4.150764 4.177516
v -24.503098 3.926098 4.083869
v -24.440899 3.726126 3.949494
v -24.370564 3.558531 3.779557
v -24.294792 3.429755 3.580585
v -24.216497 3.344746 3.360228
v -24.138689 3.306771 3.126952
v -24.506386 5.757599 3.371411
v -24.608210 5.649491 3.571058
v -24.695465 5.499848 3.749684
v -24.764801 5.314420 3.900425
v -24.813549 5.100332 4.017488
v -24.839840 4.865811 4.096375
v -24.842661 4.619872 4.134054
v -24.821905 4.371964 4.129076
v -24.778368 4.131614 4.081635
v -24.713726 3.908060 3.993551
v -24.630459 3.709892 3.868210
v -24.531771 3.544725 3.710430
v -24.421452 3.418908 3.526273
v -24.303743 3.337275 3.322817
v -24.183165 3.302962 3.107880
v -24.546419 5.755264 3.344054
v -24.686737 5.644912 3.517396
v -24.809469 5.493200 3.671779
v -24.909901 5.305958 3.801271
v -24.984169 5.090382 3.900896
v -25.029423 4.854756 3.966825
v -25.043921 4.608136 3.996524
v -25.027107 4.359998 3.988852
v -24.979628 4.119878 3.944104
v -24.903307 3.897005 3.864000
v -24.801079 3.699942 3.751618
v -24.676870 3.536264 3.611277
v -24.535456 3.412260 3.448369
v -24.382271 3.332695 3.269156
v -24.223198 3.300628 3.080524
v -24.580469 5.754494 3.309465
v -24.753531 5.643402 3.449546
v -24.906437 5.491007 3.573276
v -25.033316 5.303167 3.675901
v -25.129292 5.087100 3.753476
v -25.190674 4.851110 3.803020
v -25.215103 4.604264 3.822630
v -25.201643 4.356050 3.811551
v -25.150810 4.116006 3.770211
v -25.064558 3.893358 3.700196
v -24.946201 3.696660 3.604198
v -24.800287 3.533473 3.485906
v -24.632423 3.410067 3.349866
v -24.449062 3.331185 3.201306
v -24.257248 3.299858 3.045934
v -24.607229 5.755318 3.268971
v -24.806021 5.645018 3.370115
v -24.982641 5.493353 3.457960
v -25.130306 5.306153 3.529132
v -25.243338 5.090611 3.580894
v -25.317394 4.855011 3.611258
v -25.349630 4.608406 3.619056
v -25.338806 4.360273 3.603988
v -25.285339 4.120148 3.566636
v -25.191280 3.897259 3.508433
v -25.060247 3.700171 3.431616
v -24.897276 3.536458 3.339137
v -24.708628 3.412413 3.234550
v -24.501553 3.332801 3.121875
v -24.284008 3.300682 3.005441
v -24.625669 5.757704 3.224130
v -24.842192 5.649698 3.282156
v -25.035152 5.500148 3.330263
v -25.197140 5.314801 3.366604
v -25.321928 5.100780 3.389781
v -25.404720 4.866310 3.398905
v -25.442333 4.620401 3.393623
v -25.433325 4.372503 3.374139
v -25.378042 4.132143 3.341204
v -25.278605 3.908558 3.296080
v -25.138838 3.710340 3.240503
v -24.964111 3.545107 3.176609
v -24.761139 3.419208 3.106853
v -24.537724 3.337481 3.033915
v -24.302448 3.303068 2.960599
v -24.064356 3.317290 2.889723
v -24.635080 5.761560 3.176664
v -24.860653 5.657263 3.189048
v -25.061954 5.511131 3.195092
v -25.231253 5.328780 3.194564
v -25.362040 5.117217 3.187483
v -25.449289 4.884574 3.174123
v -25.489649 4.639790 3.154996
v -25.481567 4.392272 3.130837
v -25.425358 4.151532 3.102576
v -25.323175 3.926822 3.071299
v -25.178949 3.726777 3.038205
v -24.998224 3.559085 3.004569
v -24.787941 3.430191 2.971682
v -24.556185 3.345046 2.940808
v -24.311859 3.306924 2.913134
v -24.635103 5.766740 3.128398
v -24.860695 5.667422 3.094370
v -25.062017 5.525879 3.057641
v -25.231333 5.347551 3.019622
v -25.362133 5.139290 2.981773
v -25.449394 4.909100 2.945551
v -25.489759 4.665826 2.912345
v -25.481680 4.418818 2.883433
v -25.425467 4.177569 2.859925
v -25.323278 3.951348 2.842726
v -25.179043 3.748850 2.832495
v -24.998302 3.577857 2.829627
v -24.788004 3.444939 2.834231
v -24.556227 3.355205 2.846130
v -24.311882 3.312103 2.864867
v -24.625734 5.773042 3.081186
v -24.842318 5.679785 3.001761
v -25.035337 5.543827 2.923193
v -25.197376 5.370394 2.848502
v -25.322205 5.166151 2.780557
v -25.405025 4.938945 2.721971
v -25.442659 4.697510 2.674994
v -25.433657 4.451123 2.641432
v -25.378366 4.209253 2.622575
v -25.278912 3.981194 2.619147
v -25.139114 3.775711 2.631279
v -24.964346 3.600700 2.658507
v -24.761324 3.462887 2.699782
v -24.537849 3.367568 2.753520
v -24.302513 3.318406 2.817655
v -24.607334 5.780225 3.036843
v -24.806227 5.693875 2.914778
v -24.982941 5.564284 2.796914
v -25.130688 5.396430 2.687779
v -25.243786 5.196766 2.591568
v -25.317894 4.972964 2.511977
v -25.350161 4.733624 2.452066
v -25.339346 4.487945 2.414137
v -25.285868 4.245367 2.399646
v -25.191778 4.015212 2.409153
v -25.060696 3.806326 2.442290
v -24.897657 3.626736 2.497784
v -24.708927 3.483344 2.573504
v -24.501759 3.381659 2.666538
v -24.284113 3.325589 2.773312
v -24.580612 5.788014 2.997072
v -24.753807 5.709153 2.836766
v -24.906839 5.586464 2.683658
v -25.033829 5.424660 2.543631
v -25.129894 5.229961 2.422067
v -25.191343 5.009848 2.323638
v -25.215815 4.772780 2.252126
v -25.202368 4.527867 2.210280
v -25.151522 4.284523 2.199707
v -25.065229 4.052096 2.220814
v -24.946804 3.839521 2.272789
v -24.800800 3.654966 2.353636
v -24.632826 3.505523 2.460247
v -24.449339 3.396936 2.588526
v -24.257391 3.333378 2.733542
v -24.546593 5.796108 2.963403
v -24.687077 5.725031 2.770721
v -24.809961 5.609514 2.587776
v -24.910526 5.453998 2.421596
v -24.984903 5.264459 2.278570
v -25.030239 5.048180 2.164192
v -25.044788 4.813473 2.082860
v -25.027990 4.569358 2.037697
v -24.980495 4.325215 2.030440
v -24.904125 4.090428 2.061368
v -24.801813 3.874019 2.129292
v -24.677496 3.684304 2.231601
v -24.535948 3.528574 2.364365
v -24.382608 3.412814 2.522481
v -24.223372 3.341472 2.699872
v -24.506584 5.804197 2.937129
v -24.608597 5.740898 2.719182
v -24.696026 5.632550 2.512953
v -24.765514 5.483317 2.326365
v -24.814388 5.298934 2.166590
v -24.840773 5.086487 2.039767
v -24.843651 4.854139 1.950770
v -24.822914 4.610821 1.903020
v -24.779358 4.365882 1.898351
v -24.714657 4.128735 1.936942
v -24.631298 3.908494 2.017312
v -24.532484 3.713623 2.136370
v -24.422012 3.551610 2.289543
v -24.304129 3.428681 2.470942
v -24.183363 3.349561 2.673598
v -24.462124 5.811970 2.919259
v -24.521383 5.756145 2.684130
v -24.569414 5.654685 2.462065
v -24.604366 5.511490 2.261597
v -24.624899 5.332062 2.090430
v -24.630224 5.123297 1.955143
v -24.620134 4.893217 1.860934
v -24.595016 4.650663 1.811424
v -24.555841 4.404959 1.808515
v -24.504108 4.165545 1.852319
v -24.441809 3.941622 1.941153
v -24.371338 3.741796 2.071602
v -24.295401 3.573745 2.238655
v -24.216917 3.443928 2.435890
v -24.138903 3.357334 2.655729
v -24.414919 5.819129 2.910481
v -24.428791 5.770186 2.666911
v -24.434990 5.675070 2.437067
v -24.433277 5.537435 2.229781
v -24.423719 5.362570 2.053019
v -24.406685 5.157195 1.913573
v -24.382826 4.929203 1.816804
v -24.353060 4.687355 1.766430
v -24.318533 4.440945 1.764385
v -24.280569 4.199443 1.810749
v -24.240629 3.972130 1.903741
v -24.200249 3.767740 2.039786
v -24.160976 3.594130 2.213657
v -24.124323 3.457969 2.418671
v -24.091698 3.364492 2.646951
v -24.366787 5.825397 2.911132
v -24.334375 5.782482 2.668188
v -24.297920 5.692920 2.438920
v -24.258820 5.560153 2.232139
v -24.218580 5.389284 2.055792
v -24.178745 5.186878 1.916655
v -24.140846 4.960714 1.820076
v -24.106340 4.719484 1.769766
v -24.076553 4.472457 1.767656
v -24.052631 4.229127 1.813831
v -24.035490 3.998844 1.906514
v -24.025791 3.790459 2.042144
v -24.023907 3.611980 2.215510
v -24.029907 3.470265 2.419948
v -24.043566 3.370760 2.647602
v -24.319574 5.830534 2.921186
v -24.241766 5.792559 2.687911
v -24.163471 5.707550 2.467554
v -24.087700 5.578774 2.268582
v -24.017365 5.411180 2.098645
v -23.955166 5.211207 1.964270
v -23.903496 4.986542 1.870623
v -23.864340 4.745817 1.821304
v -23.839203 4.498284 1.818204
v -23.829052 4.253455 1.861446
v -23.834274 4.020740 1.949367
v -23.854670 3.809080 2.078587
v -23.889458 3.626610 2.244143
v -23.937298 3.480342 2.439670
v -23.996353 3.375897 2.657656
v -24.275099 5.834343 2.940259
v -24.154522 5.800031 2.725322
v -23.926493 5.592580 2.337708
v -23.744537 5.229245 2.054588
v -23.618423 4.271494 1.951764
v -23.693462 3.822886 2.147714
v -23.762798 3.637457 2.298456
v -23.850054 3.487814 2.477081
v -23.951878 3.379706 2.676728
vn 0.2847 -0.8963 -0.3401
vn 0.5352 0.2559 -0.8050
vn -0.0750 0.9969 0.0246
vn 0.1834 -0.9653 -0.1860
vn 0.5605 0.0635 -0.8257
vn 0.0363 0.9898 -0.1376
vn 0.5645 -0.1313 -0.8149
vn 0.1461 0.9444 -0.2944
vn 0.5470 -0.3213 -0.7730
vn 0.2501 0.8627 -0.4396
vn 0.5085 -0.4994 -0.7015
vn 0.3442 0.7479 -0.5676
vn 0.4504 -0.6585 -0.6029
vn 0.4250 0.6046 -0.6736
vn 0.3748 -0.7926 -0.4809
vn 0.4895 0.4385 -0.7537
vn 0.5577 0.6102 -0.5626
vn 0.4460 -0.7896 -0.4214
vn 0.6334 0.4445 -0.6334
vn 0.3285 -0.8944 -0.3035
vn 0.6848 0.2621 -0.6800
vn -0.0602 0.9975 0.0370
vn 0.1982 -0.9647 -0.1736
vn 0.7101 0.0698 -0.7006
vn 0.0802 0.9917 -0.1010
vn 0.7084 -0.1253 -0.6946
vn 0.2172 0.9474 -0.2349
vn 0.6797 -0.3158 -0.6621
vn 0.3457 0.8667 -0.3596
vn 0.6249 -0.4945 -0.6041
vn 0.4607 0.7528 -0.4702
vn 0.5460 -0.6545 -0.5229
vn 0.8265 -0.1254 -0.5487
vn 0.2756 0.9474 -0.1629
vn 0.7886 -0.3159 -0.5276
vn 0.4242 0.8666 -0.2627
vn 0.7205 -0.4946 -0.4862
vn 0.5562 0.7527 -0.3523
vn 0.6245 -0.6546 -0.4260
vn 0.6667 0.6101 -0.4281
vn 0.5043 -0.7897 -0.3493
vn 0.7515 0.4444 -0.4876
vn 0.3645 -0.8944 -0.2591
vn 0.8076 0.2620 -0.5283
vn -0.0480 0.9975 0.0520
vn 0.2104 -0.9647 -0.1586
vn 0.8329 0.0697 -0.5490
vn 0.1161 0.9916 -0.0566
vn 0.5477 -0.7928 -0.2674
vn 0.8393 0.4382 -0.3218
vn 0.3912 -0.8963 -0.2086
vn 0.8989 0.2555 -0.3560
vn -0.0390 0.9968 0.0691
vn 0.2194 -0.9653 -0.1416
vn 0.9242 0.0632 -0.3767
vn 0.1429 0.9897 -0.0061
vn 0.9143 -0.1316 -0.3830
vn 0.3190 0.9443 -0.0809
vn 0.8696 -0.3216 -0.3747
vn 0.4826 0.8625 -0.1525
vn 0.7915 -0.4996 -0.3521
vn 0.6272 0.7476 -0.2182
vn 0.6829 -0.6587 -0.3159
vn 0.7476 0.6044 -0.2753
vn 0.9195 -0.3328 -0.2094
vn 0.5185 0.8544 -0.0334
vn 0.8352 -0.5094 -0.2070
vn 0.6710 0.7378 -0.0731
vn 0.7188 -0.6668 -0.1967
vn 0.7975 0.5932 -0.1099
vn 0.5745 -0.7988 -0.1788
vn 0.8934 0.4261 -0.1425
vn 0.4077 -0.9000 -0.1540
vn 0.9551 0.2429 -0.1696
vn -0.0334 0.9956 0.0875
vn 0.2250 -0.9666 -0.1231
vn 0.9804 0.0506 -0.1903
vn 0.1593 0.9860 0.0485
vn 0.9684 -0.1438 -0.2037
vn 0.3457 0.9383 0.0077
vn 0.4133 -0.9054 -0.0973
vn 0.9741 0.2247 0.0237
vn -0.0315 0.9938 0.1066
vn 0.2268 -0.9684 -0.1040
vn 0.9995 0.0323 0.0030
vn 0.1649 0.9807 0.1052
vn 0.9867 -0.1613 -0.0178
vn 0.3548 0.9296 0.0996
vn 0.9364 -0.3490 -0.0379
vn 0.5307 0.8428 0.0902
vn 0.8501 -0.5236 -0.0566
vn 0.6858 0.7236 0.0773
vn 0.7310 -0.6785 -0.0731
vn 0.8144 0.5770 0.0615
vn 0.5835 -0.8074 -0.0869
vn 0.9117 0.4085 0.0434
vn 0.5186 0.8279 0.2134
vn 0.8354 -0.5417 0.0935
vn 0.6711 0.7056 0.2274
vn 0.7189 -0.6933 0.0501
vn 0.7977 0.5564 0.2326
vn 0.5746 -0.8185 0.0048
vn 0.8936 0.3862 0.2289
vn 0.4078 -0.9122 -0.0409
vn 0.9553 0.2015 0.2165
vn -0.0334 0.9915 0.1257
vn 0.2250 -0.9707 -0.0849
vn 0.9806 0.0092 0.1958
vn 0.1594 0.9739 0.1616
vn 0.9686 -0.1836 0.1677
vn 0.3458 0.9186 0.1913
vn 0.9196 -0.3696 0.1332
vn 0.8992 0.1743 0.4013
vn -0.0389 0.9888 0.1440
vn 0.2194 -0.9734 -0.0666
vn 0.9245 -0.0181 0.3807
vn 0.1430 0.9659 0.2158
vn 0.9147 -0.2098 0.3455
vn 0.3192 0.9057 0.2791
vn 0.8699 -0.3937 0.2972
vn 0.4828 0.8105 0.3316
vn 0.7917 -0.5629 0.2373
vn 0.6275 0.6844 0.3712
vn 0.6831 -0.7107 0.1683
vn 0.7479 0.5323 0.3966
vn 0.5479 -0.8314 0.0927
vn 0.8396 0.3600 0.4067
vn 0.3913 -0.9202 0.0133
vn 0.7208 -0.5864 0.3695
vn 0.5566 0.6609 0.5034
vn 0.6248 -0.7300 0.2769
vn 0.6671 0.5055 0.5472
vn 0.5046 -0.8458 0.1734
vn 0.7520 0.3310 0.5701
vn 0.3646 -0.9290 0.0631
vn 0.8081 0.1440 0.5712
vn -0.0480 0.9858 0.1608
vn 0.2104 -0.9763 -0.0498
vn 0.8334 -0.0483 0.5505
vn 0.1163 0.9571 0.2656
vn 0.8270 -0.2389 0.5089
vn 0.2758 0.8913 0.3599
vn 0.7890 -0.4205 0.4478
vn 0.4245 0.7912 0.4402
vn -0.0601 0.9826 0.1755
vn 0.1983 -0.9795 -0.0352
vn 0.7108 -0.0804 0.6988
vn 0.0803 0.9477 0.3090
vn 0.7090 -0.2697 0.6516
vn 0.2175 0.8760 0.4304
vn 0.6802 -0.4490 0.5794
vn 0.3461 0.7707 0.5350
vn 0.6254 -0.6113 0.4849
vn 0.4612 0.6359 0.6188
vn 0.5464 -0.7505 0.3717
vn 0.5583 0.4770 0.6788
vn 0.4463 -0.8610 0.2439
vn 0.6340 0.3001 0.7127
vn 0.3287 -0.9384 0.1065
vn 0.6854 0.1120 0.7195
vn 0.3448 0.6105 0.7130
vn 0.4509 -0.7714 0.4491
vn 0.4257 0.4480 0.7862
vn 0.3752 -0.8766 0.3015
vn 0.4902 0.2687 0.8292
vn 0.2849 -0.9480 0.1420
vn 0.5360 0.0793 0.8405
vn -0.0749 0.9794 0.1875
vn 0.1835 -0.9828 -0.0232
vn 0.5613 -0.1131 0.8199
vn 0.0365 0.9381 0.3445
vn 0.5652 -0.3012 0.7680
vn 0.1465 0.8605 0.4879
vn 0.5476 -0.4780 0.6868
vn 0.2506 0.7498 0.6124
vn 0.5091 -0.6368 0.5791
vn 0.3907 -0.1451 0.9090
vn -0.0134 0.9287 0.3706
vn 0.4012 -0.3320 0.8537
vn 0.0654 0.8453 0.5303
vn 0.3963 -0.5064 0.7658
vn 0.1415 0.7293 0.6694
vn 0.3763 -0.6617 0.6485
vn 0.2121 0.5856 0.7824
vn 0.3418 -0.7919 0.5060
vn 0.2744 0.4196 0.8652
vn 0.2941 -0.8918 0.3438
vn 0.3261 0.2379 0.9149
vn 0.2349 -0.9574 0.1681
vn 0.3654 0.0473 0.9297
vn -0.0918 0.9762 0.1963
vn 0.1666 -0.9859 -0.0144
vn 0.2235 -0.8112 0.5404
vn 0.1102 0.3929 0.9130
vn 0.2061 -0.9061 0.3694
vn 0.1481 0.2089 0.9667
vn 0.1807 -0.9662 0.1839
vn 0.1803 0.0171 0.9835
vn -0.1101 0.9733 0.2016
vn 0.1483 -0.9889 -0.0090
vn 0.2056 -0.1752 0.9628
vn -0.0676 0.9199 0.3863
vn 0.2231 -0.3610 0.9055
vn -0.0226 0.8309 0.5559
vn 0.2321 -0.5331 0.8136
vn 0.0232 0.7101 0.7038
vn 0.2323 -0.6852 0.6904
vn 0.0680 0.5621 0.8243
vn 0.0379 -0.3871 0.9213
vn -0.1142 0.8180 0.5637
vn 0.0614 -0.5572 0.8281
vn -0.0999 0.6927 0.7142
vn 0.0825 -0.7063 0.7031
vn -0.0818 0.5410 0.8370
vn 0.1004 -0.8285 0.5509
vn -0.0606 0.3688 0.9275
vn 0.1146 -0.9190 0.3772
vn -0.0371 0.1828 0.9825
vn 0.1243 -0.9741 0.1887
vn -0.0122 -0.0100 0.9999
vn -0.1291 0.9706 0.2033
vn 0.1292 -0.9916 -0.0074
vn 0.0131 -0.2023 0.9792
vn -0.1240 0.9119 0.3912
vn 0.0230 -0.9300 0.3669
vn -0.2223 0.1606 0.9617
vn 0.0679 -0.9809 0.1823
vn -0.2047 -0.0330 0.9783
vn -0.1482 0.9683 0.2011
vn 0.1102 -0.9939 -0.0095
vn -0.1794 -0.2254 0.9576
vn -0.1804 0.9052 0.3848
vn -0.1472 -0.4092 0.9005
vn -0.2057 0.8071 0.5534
vn -0.1094 -0.5776 0.8089
vn -0.2229 0.6780 0.7004
vn -0.0674 -0.7242 0.6863
vn -0.2316 0.5231 0.8202
vn -0.0226 -0.8432 0.5371
vn -0.2314 0.3484 0.9084
vn -0.2937 0.7985 0.5255
vn -0.2737 -0.5936 0.7568
vn -0.3413 0.6665 0.6628
vn -0.2114 -0.7382 0.6405
vn -0.3757 0.5090 0.7744
vn -0.1410 -0.8548 0.4995
vn -0.3956 0.3323 0.8562
vn -0.0650 -0.9385 0.3390
vn -0.4004 0.1433 0.9051
vn 0.0137 -0.9862 0.1651
vn -0.3899 -0.0511 0.9194
vn -0.1665 0.9665 0.1953
vn 0.0919 -0.9957 -0.0154
vn -0.3646 -0.2434 0.8988
vn -0.2347 0.8999 0.3676
vn -0.3253 -0.4266 0.8439
vn -0.5645 0.1313 0.8149
vn -0.0363 -0.9898 0.1376
vn -0.5605 -0.0635 0.8257
vn -0.1834 0.9653 0.1860
vn 0.0750 -0.9969 -0.0246
vn -0.5352 -0.2559 0.8050
vn -0.2847 0.8963 0.3401
vn -0.4895 -0.4385 0.7537
vn -0.3748 0.7926 0.4809
vn -0.4250 -0.6046 0.6736
vn -0.4504 0.6585 0.6029
vn -0.3442 -0.7479 0.5676
vn -0.5085 0.4994 0.7015
vn -0.2501 -0.8627 0.4396
vn -0.5470 0.3213 0.7730
vn -0.1461 -0.9444 0.2944
vn -0.5577 -0.6102 0.5626
vn -0.5460 0.6545 0.5229
vn -0.4607 -0.7528 0.4702
vn -0.6249 0.4945 0.6041
vn -0.3457 -0.8667 0.3596
vn -0.6797 0.3158 0.6621
vn -0.2172 -0.9474 0.2349
vn -0.7084 0.1253 0.6946
vn -0.0802 -0.9917 0.1010
vn -0.7101 -0.0698 0.7006
vn -0.1982 0.9647 0.1736
vn 0.0602 -0.9975 -0.0370
vn -0.6848 -0.2621 0.6800
vn -0.3285 0.8944 0.3035
vn -0.6334 -0.4445 0.6334
vn -0.4460 0.7896 0.4214
vn -0.1161 -0.9916 0.0566
vn -0.8329 -0.0697 0.5490
vn -0.2104 0.9647 0.1586
vn 0.0480 -0.9975 -0.0520
vn -0.8076 -0.2620 0.5283
vn -0.3645 0.8944 0.2591
vn -0.7515 -0.4444 0.4876
vn -0.5043 0.7897 0.3493
vn -0.6667 -0.6101 0.4281
vn -0.6245 0.6546 0.4260
vn -0.5562 -0.7527 0.3523
vn -0.7205 0.4946 0.4862
vn -0.4242 -0.8666 0.2627
vn -0.7886 0.3159 0.5276
vn -0.2756 -0.9474 0.1629
vn -0.8265 0.1254 0.5487
vn -0.6829 0.6587 0.3159
vn -0.6272 -0.7476 0.2182
vn -0.7915 0.4996 0.3521
vn -0.4826 -0.8625 0.1525
vn -0.8696 0.3216 0.3747
vn -0.3190 -0.9443 0.0809
vn -0.9143 0.1316 0.3830
vn -0.1429 -0.9897 0.0061
vn -0.9242 -0.0632 0.3767
vn -0.2194 0.9653 0.1416
vn 0.0390 -0.9968 -0.0691
vn -0.8989 -0.2555 0.3560
vn -0.3912 0.8963 0.2086
vn -0.8393 -0.4382 0.3218
vn -0.5477 0.7928 0.2674
vn -0.7476 -0.6044 0.2753
vn -0.9804 -0.0506 0.1903
vn -0.2250 0.9666 0.1231
vn 0.0334 -0.9956 -0.0875
vn -0.9551 -0.2429 0.1696
vn -0.4077 0.9000 0.1540
vn -0.8934 -0.4261 0.1425
vn -0.5745 0.7988 0.1788
vn -0.7975 -0.5932 0.1099
vn -0.7188 0.6668 0.1967
vn -0.6710 -0.7378 0.0731
vn -0.8352 0.5094 0.2070
vn -0.5185 -0.8544 0.0334
vn -0.9195 0.3328 0.2094
vn -0.3457 -0.9383 -0.0077
vn -0.9684 0.1438 0.2037
vn -0.1593 -0.9860 -0.0485
vn -0.6858 -0.7236 -0.0773
vn -0.8501 0.5236 0.0566
vn -0.5307 -0.8428 -0.0902
vn -0.9364 0.3490 0.0379
vn -0.3548 -0.9296 -0.0996
vn -0.9867 0.1613 0.0178
vn -0.1649 -0.9807 -0.1052
vn -0.9995 -0.0323 -0.0030
vn -0.2268 0.9684 0.1040
vn 0.0315 -0.9938 -0.1066
vn -0.9741 -0.2247 -0.0237
vn -0.4133 0.9054 0.0973
vn -0.9117 -0.4085 -0.0434
vn -0.5835 0.8074 0.0869
vn -0.8144 -0.5770 -0.0615
vn -0.7310 0.6785 0.0731
vn 0.0334 -0.9915 -0.1257
vn -0.9553 -0.2015 -0.2165
vn -0.4078 0.9122 0.0409
vn -0.8936 -0.3862 -0.2289
vn -0.5746 0.8185 -0.0048
vn -0.7977 -0.5564 -0.2326
vn -0.7189 0.6933 -0.0501
vn -0.6712 -0.7056 -0.2274
vn -0.8354 0.5417 -0.0935
vn -0.5186 -0.8279 -0.2134
vn -0.9196 0.3696 -0.1332
vn -0.3458 -0.9186 -0.1913
vn -0.9686 0.1836 -0.1677
vn -0.1594 -0.9739 -0.1616
vn -0.9806 -0.0092 -0.1958
vn -0.2250 0.9707 0.0849
vn -0.4828 -0.8105 -0.3316
vn -0.8699 0.3937 -0.2972
vn -0.3192 -0.9057 -0.2791
vn -0.9147 0.2098 -0.3455
vn -0.1430 -0.9659 -0.2158
vn -0.9245 0.0181 -0.3807
vn -0.2194 0.9734 0.0666
vn 0.0389 -0.9888 -0.1440
vn -0.8992 -0.1743 -0.4013
vn -0.3913 0.9202 -0.0133
vn -0.8396 -0.3600 -0.4067
vn -0.5479 0.8314 -0.0927
vn -0.7479 -0.5323 -0.3966
vn -0.6831 0.7107 -0.1683
vn -0.6275 -0.6844 -0.3712
vn -0.7917 0.5629 -0.2373
vn -0.3646 0.9290 -0.0631
vn -0.7520 -0.3310 -0.5701
vn -0.5046 0.8458 -0.1734
vn -0.6671 -0.5055 -0.5472
vn -0.6248 0.7300 -0.2769
vn -0.5566 -0.6609 -0.5034
vn -0.7208 0.5864 -0.3695
vn -0.4245 -0.7912 -0.4402
vn -0.7890 0.4205 -0.4478
vn -0.2758 -0.8913 -0.3599
vn -0.8270 0.2389 -0.5089
vn -0.1163 -0.9571 -0.2656
vn -0.8334 0.0483 -0.5505
vn -0.2104 0.9763 0.0498
vn 0.0480 -0.9858 -0.1608
vn -0.8081 -0.1440 -0.5712
vn -0.6802 0.4490 -0.5794
vn -0.2175 -0.8760 -0.4304
vn -0.7090 0.2697 -0.6516
vn -0.0803 -0.9477 -0.3090
vn -0.7108 0.0804 -0.6988
vn -0.1983 0.9795 0.0352
vn 0.0601 -0.9826 -0.1755
vn -0.6854 -0.1120 -0.7195
vn -0.3287 0.9384 -0.1065
vn -0.6340 -0.3001 -0.7127
vn -0.4463 0.8610 -0.2439
vn -0.5583 -0.4770 -0.6788
vn -0.5464 0.7505 -0.3717
vn -0.4612 -0.6359 -0.6188
vn -0.6254 0.6113 -0.4849
vn -0.3461 -0.7707 -0.5350
vn -0.4902 -0.2687 -0.8292
vn -0.3752 0.8766 -0.3015
vn -0.4257 -0.4480 -0.7862
vn -0.4509 0.7714 -0.4491
vn -0.3448 -0.6105 -0.7130
vn -0.5091 0.6368 -0.5791
vn -0.2506 -0.7498 -0.6124
vn -0.5476 0.4780 -0.6868
vn -0.1465 -0.8605 -0.4879
vn -0.5652 0.3012 -0.7680
vn -0.0365 -0.9381 -0.3445
vn -0.5613 0.1131 -0.8199
vn -0.1835 0.9828 0.0232
vn 0.0749 -0.9794 -0.1875
vn -0.5360 -0.0793 -0.8405
vn -0.2849 0.9480 -0.1420
vn -0.0654 -0.8453 -0.5303
vn -0.4012 0.3320 -0.8537
vn 0.0134 -0.9287 -0.3706
vn -0.3907 0.1451 -0.9090
vn -0.1666 0.9859 0.0144
vn 0.0918 -0.9762 -0.1963
vn -0.3654 -0.0473 -0.9297
vn -0.2349 0.9574 -0.1681
vn -0.3261 -0.2379 -0.9149
vn -0.2941 0.8918 -0.3438
vn -0.2744 -0.4196 -0.8652
vn -0.3418 0.7919 -0.5060
vn -0.2121 -0.5856 -0.7824
vn -0.3763 0.6617 -0.6485
vn -0.1415 -0.7293 -0.6694
vn -0.3963 0.5064 -0.7658
vn -0.2061 0.9061 -0.3694
vn -0.1102 -0.3929 -0.9130
vn -0.2235 0.8112 -0.5404
vn -0.0680 -0.5621 -0.8243
vn -0.2323 0.6852 -0.6904
vn -0.0232 -0.7101 -0.7038
vn -0.2321 0.5331 -0.8136
vn 0.0226 -0.8309 -0.5559
vn -0.2231 0.3610 -0.9055
vn 0.0676 -0.9199 -0.3863
vn -0.2056 0.1752 -0.9628
vn -0.1483 0.9889 0.0090
vn 0.1101 -0.9733 -0.2016
vn -0.1803 -0.0171 -0.9835
vn -0.1807 0.9662 -0.1839
vn -0.1481 -0.2089 -0.9667
vn -0.0379 0.3871 -0.9213
vn 0.1240 -0.9119 -0.3912
vn -0.0131 0.2023 -0.9792
vn -0.1292 0.9916 0.0074
vn 0.1291 -0.9706 -0.2033
vn 0.0122 0.0100 -0.9999
vn -0.1243 0.9741 -0.1887
vn 0.0371 -0.1828 -0.9825
vn -0.1146 0.9190 -0.3772
vn 0.0606 -0.3688 -0.9275
vn -0.1004 0.8285 -0.5509
vn 0.0818 -0.5410 -0.8370
vn -0.0825 0.7063 -0.7031
vn 0.0999 -0.6927 -0.7142
vn -0.0614 0.5572 -0.8281
vn 0.1142 -0.8180 -0.5637
vn 0.2314 -0.3484 -0.9084
vn 0.0226 0.8432 -0.5371
vn 0.2316 -0.5231 -0.8202
vn 0.0674 0.7242 -0.6863
vn 0.2229 -0.6780 -0.7004
vn 0.1094 0.5776 -0.8089
vn 0.2057 -0.8071 -0.5534
vn 0.1472 0.4092 -0.9005
vn 0.1804 -0.9052 -0.3848
vn 0.1794 0.2254 -0.9576
vn -0.1102 0.9939 0.0095
vn 0.1482 -0.9683 -0.2011
vn 0.2047 0.0330 -0.9783
vn -0.0679 0.9809 -0.1823
vn 0.2223 -0.1606 -0.9617
vn -0.0230 0.9300 -0.3669
vn 0.2347 -0.8999 -0.3676
vn 0.3646 0.2434 -0.8988
vn -0.0919 0.9957 0.0154
vn 0.1665 -0.9665 -0.1953
vn 0.3899 0.0511 -0.9194
vn -0.0137 0.9862 -0.1651
vn 0.4004 -0.1433 -0.9051
vn 0.0650 0.9385 -0.3390
vn 0.3956 -0.3323 -0.8562
vn 0.1410 0.8548 -0.4995
vn 0.3757 -0.5090 -0.7744
vn 0.2114 0.7382 -0.6405
vn 0.3413 -0.6665 -0.6628
vn 0.2737 0.5936 -0.7568
vn 0.2937 -0.7985 -0.5255
vn 0.3253 0.4266 -0.8439
vt 0.750000 0.062500
vt 0.750000 0.125000
vt 0.718750 0.125000
vt 0.718750 0.062500
vt 0.750000 0.500000
vt 0.750000 0.562500
vt 0.718750 0.562500
vt 0.718750 0.500000
vt 0.750000 0.937500
vt 0.734375 1.000000
vt 0.718750 0.937500
vt 0.734375 0.000000
vt 0.750000 0.437500
vt 0.718750 0.437500
vt 0.750000 0.875000
vt 0.718750 0.875000
vt 0.750000 0.375000
vt 0.718750 0.375000
vt 0.750000 0.812500
vt 0.718750 0.812500
vt 0.750000 0.312500
vt 0.718750 0.312500
vt 0.750000 0.750000
vt 0.718750 0.750000
vt 0.750000 0.250000
vt 0.718750 0.250000
vt 0.750000 0.687500
vt 0.718750 0.687500
vt 0.750000 0.187500
vt 0.718750 0.187500
vt 0.750000 0.625000
vt 0.718750 0.625000
vt 0.687500 0.687500
vt 0.687500 0.625000
vt 0.687500 0.187500
vt 0.687500 0.125000
vt 0.687500 0.562500
vt 0.687500 0.062500
vt 0.687500 0.500000
vt 0.703125 1.000000
vt 0.687500 0.937500
vt 0.703125 0.000000
vt 0.687500 0.437500
vt 0.687500 0.875000
vt 0.687500 0.375000
vt 0.687500 0.812500
vt 0.687500 0.312500
vt 0.687500 0.750000
vt 0.687500 0.250000
vt 0.656250 0.437500
vt 0.656250 0.375000
vt 0.656250 0.875000
vt 0.656250 0.812500
vt 0.656250 0.312500
vt 0.656250 0.750000
vt 0.656250 0.250000
vt 0.656250 0.687500
vt 0.656250 0.187500
vt 0.656250 0.625000
vt 0.656250 0.125000
vt 0.656250 0.562500
vt 0.656250 0.062500
vt 0.656250 0.500000
vt 0.671875 1.000000
vt 0.656250 0.937500
vt 0.671875 0.000000
vt 0.625000 0.187500
vt 0.625000 0.125000
vt 0.625000 0.625000
vt 0.625000 0.562500
vt 0.625000 0.062500
vt 0.625000 0.500000
vt 0.640625 1.000000
vt 0.625000 0.937500
vt 0.640625 0.000000
vt 0.625000 0.437500
vt 0.625000 0.875000
vt 0.625000 0.375000
vt 0.625000 0.812500
vt 0.625000 0.312500
vt 0.625000 0.750000
vt 0.625000 0.250000
vt 0.625000 0.687500
vt 0.593750 0.375000
vt 0.593750 0.312500
vt 0.593750 0.812500
vt 0.593750 0.750000
vt 0.593750 0.250000
vt 0.593750 0.687500
vt 0.593750 0.187500
vt 0.593750 0.625000
vt 0.593750 0.125000
vt 0.593750 0.562500
vt 0.593750 0.062500
vt 0.593750 0.500000
vt 0.609375 1.000000
vt 0.593750 0.937500
vt 0.609375 0.000000
vt 0.593750 0.437500
vt 0.593750 0.875000
vt 0.562500 0.125000
vt 0.562500 0.062500
vt 0.562500 0.562500
vt 0.562500 0.500000
vt 0.578125 1.000000
vt 0.562500 0.937500
vt 0.578125 0.000000
vt 0.562500 0.437500
vt 0.562500 0.875000
vt 0.562500 0.375000
vt 0.562500 0.812500
vt 0.562500 0.312500
vt 0.562500 0.750000
vt 0.562500 0.250000
vt 0.562500 0.687500
vt 0.562500 0.187500
vt 0.562500 0.625000
vt 0.531250 0.812500
vt 0.531250 0.750000
vt 0.531250 0.312500
vt 0.531250 0.250000
vt 0.531250 0.687500
vt 0.531250 0.187500
vt 0.531250 0.625000
vt 0.531250 0.125000
vt 0.531250 0.562500
vt 0.531250 0.062500
vt 0.531250 0.500000
vt 0.546875 1.000000
vt 0.531250 0.937500
vt 0.546875 0.000000
vt 0.531250 0.437500
vt 0.531250 0.875000
vt 0.531250 0.375000
vt 0.500000 0.562500
vt 0.500000 0.500000
vt 0.515625 1.000000
vt 0.500000 0.937500
vt 0.515625 0.000000
vt 0.500000 0.062500
vt 0.500000 0.437500
vt 0.500000 0.875000
vt 0.500000 0.375000
vt 0.500000 0.812500
vt 0.500000 0.312500
vt 0.500000 0.750000
vt 0.500000 0.250000
vt 0.500000 0.687500
vt 0.500000 0.187500
vt 0.500000 0.625000
vt 0.500000 0.125000
vt 0.468750 0.312500
vt 0.468750 0.250000
vt 0.468750 0.750000
vt 0.468750 0.687500
vt 0.468750 0.187500
vt 0.468750 0.625000
vt 0.468750 0.125000
vt 0.468750 0.562500
vt 0.468750 0.062500
vt 0.468750 0.500000
vt 0.484375 1.000000
vt 0.468750 0.937500
vt 0.484375 0.000000
vt 0.468750 0.437500
vt 0.468750 0.875000
vt 0.468750 0.375000
vt 0.468750 0.812500
vt 0.453125 1.000000
vt 0.437500 0.937500
vt 0.453125 0.000000
vt 0.437500 0.062500
vt 0.437500 0.500000
vt 0.437500 0.437500
vt 0.437500 0.875000
vt 0.437500 0.375000
vt 0.437500 0.812500
vt 0.437500 0.312500
vt 0.437500 0.750000
vt 0.437500 0.250000
vt 0.437500 0.687500
vt 0.437500 0.187500
vt 0.437500 0.625000
vt 0.437500 0.125000
vt 0.437500 0.562500
vt 0.406250 0.750000
vt 0.406250 0.687500
vt 0.406250 0.250000
vt 0.406250 0.187500
vt 0.406250 0.625000
vt 0.406250 0.125000
vt 0.406250 0.562500
vt 0.406250 0.062500
vt 0.406250 0.500000
vt 0.421875 1.000000
vt 0.406250 0.937500
vt 0.421875 0.000000
vt 0.406250 0.437500
vt 0.406250 0.875000
vt 0.406250 0.375000
vt 0.406250 0.812500
vt 0.406250 0.312500
vt 0.375000 0.500000
vt 0.375000 0.437500
vt 0.375000 0.937500
vt 0.375000 0.875000
vt 0.375000 0.375000
vt 0.375000 0.812500
vt 0.375000 0.312500
vt 0.375000 0.750000
vt 0.375000 0.250000
vt 0.375000 0.687500
vt 0.375000 0.187500
vt 0.375000 0.625000
vt 0.375000 0.125000
vt 0.375000 0.562500
vt 0.375000 0.062500
vt 0.390625 1.000000
vt 0.390625 0.000000
vt 0.343750 0.250000
vt 0.343750 0.187500
vt 0.343750 0.687500
vt 0.343750 0.625000
vt 0.343750 0.125000
vt 0.343750 0.562500
vt 0.343750 0.062500
vt 0.343750 0.500000
vt 0.359375 1.000000
vt 0.343750 0.937500
vt 0.359375 0.000000
vt 0.343750 0.437500
vt 0.343750 0.875000
vt 0.343750 0.375000
vt 0.343750 0.812500
vt 0.343750 0.312500
vt 0.343750 0.750000
vt 0.312500 0.437500
vt 0.312500 0.375000
vt 0.312500 0.875000
vt 0.312500 0.812500
vt 0.312500 0.312500
vt 0.312500 0.750000
vt 0.312500 0.250000
vt 0.312500 0.687500
vt 0.312500 0.187500
vt 0.312500 0.625000
vt 0.312500 0.125000
vt 0.312500 0.562500
vt 0.312500 0.062500
vt 0.312500 0.500000
vt 0.328125 1.000000
vt 0.312500 0.937500
vt 0.328125 0.000000
vt 0.281250 0.187500
vt 0.281250 0.125000
vt 0.281250 0.625000
vt 0.281250 0.562500
vt 0.281250 0.062500
vt 0.281250 0.500000
vt 0.296875 1.000000
vt 0.281250 0.937500
vt 0.296875 0.000000
vt 0.281250 0.437500
vt 0.281250 0.875000
vt 0.281250 0.375000
vt 0.281250 0.812500
vt 0.281250 0.312500
vt 0.281250 0.750000
vt 0.281250 0.250000
vt 0.281250 0.687500
vt 0.250000 0.875000
vt 0.250000 0.812500
vt 0.250000 0.375000
vt 0.250000 0.312500
vt 0.250000 0.750000
vt 0.250000 0.250000
vt 0.250000 0.687500
vt 0.250000 0.187500
vt 0.250000 0.625000
vt 0.250000 0.125000
vt 0.250000 0.562500
vt 0.250000 0.062500
vt 0.250000 0.500000
vt 0.265625 1.000000
vt 0.250000 0.937500
vt 0.265625 0.000000
vt 0.250000 0.437500
vt 0.218750 0.625000
vt 0.218750 0.562500
vt 0.218750 0.125000
vt 0.218750 0.062500
vt 0.218750 0.500000
vt 0.234375 1.000000
vt 0.218750 0.937500
vt 0.234375 0.000000
vt 0.218750 0.437500
vt 0.218750 0.875000
vt 0.218750 0.375000
vt 0.218750 0.812500
vt 0.218750 0.312500
vt 0.218750 0.750000
vt 0.218750 0.250000
vt 0.218750 0.687500
vt 0.218750 0.187500
vt 0.187500 0.375000
vt 0.187500 0.312500
vt 0.187500 0.812500
vt 0.187500 0.750000
vt 0.187500 0.250000
vt 0.187500 0.687500
vt 0.187500 0.187500
vt 0.187500 0.625000
vt 0.187500 0.125000
vt 0.187500 0.562500
vt 0.187500 0.062500
vt 0.187500 0.500000
vt 0.203125 1.000000
vt 0.187500 0.937500
vt 0.203125 0.000000
vt 0.187500 0.437500
vt 0.187500 0.875000
vt 0.156250 0.125000
vt 0.156250 0.062500
vt 0.156250 0.562500
vt 0.156250 0.500000
vt 0.171875 1.000000
vt 0.156250 0.937500
vt 0.171875 0.000000
vt 0.156250 0.437500
vt 0.156250 0.875000
vt 0.156250 0.375000
vt 0.156250 0.812500
vt 0.156250 0.312500
vt 0.156250 0.750000
vt 0.156250 0.250000
vt 0.156250 0.687500
vt 0.156250 0.187500
vt 0.156250 0.625000
vt 0.125000 0.812500
vt 0.125000 0.750000
vt 0.125000 0.312500
vt 0.125000 0.250000
vt 0.125000 0.687500
vt 0.125000 0.187500
vt 0.125000 0.625000
vt 0.125000 0.125000
vt 0.125000 0.562500
vt 0.125000 0.062500
vt 0.125000 0.500000
vt 0.140625 1.000000
vt 0.125000 0.937500
vt 0.140625 0.000000
vt 0.125000 0.437500
vt 0.125000 0.875000
vt 0.125000 0.375000
vt 0.093750 0.562500
vt 0.093750 0.500000
vt 0.109375 1.000000
vt 0.093750 0.937500
vt 0.109375 0.000000
vt 0.093750 0.062500
vt 0.093750 0.437500
vt 0.093750 0.875000
vt 0.093750 0.375000
vt 0.093750 0.812500
vt 0.093750 0.312500
vt 0.093750 0.750000
vt 0.093750 0.250000
vt 0.093750 0.687500
vt 0.093750 0.187500
vt 0.093750 0.625000
vt 0.093750 0.125000
vt 0.062500 0.312500
vt 0.062500 0.250000
vt 0.062500 0.750000
vt 0.062500 0.687500
vt 0.062500 0.187500
vt 0.062500 0.625000
vt 0.062500 0.125000
vt 0.062500 0.562500
vt 0.062500 0.062500
vt 0.062500 0.500000
vt 0.078125 1.000000
vt 0.062500 0.937500
vt 0.078125 0.000000
vt 0.062500 0.437500
vt 0.062500 0.875000
vt 0.062500 0.375000
vt 0.062500 0.812500
vt 0.046875 0.000000
vt 0.031250 0.062500
vt 0.031250 0.500000
vt 0.031250 0.437500
vt 0.031250 0.937500
vt 0.031250 0.875000
vt 0.031250 0.375000
vt 0.031250 0.812500
vt 0.031250 0.312500
vt 0.031250 0.750000
vt 0.031250 0.250000
vt 0.031250 0.687500
vt 0.031250 0.187500
vt 0.031250 0.625000
vt 0.031250 0.125000
vt 0.031250 0.562500
vt 0.046875 1.000000
vt 0.000000 0.250000
vt 0.000000 0.187500
vt 0.000000 0.687500
vt 0.000000 0.625000
vt 0.000000 0.125000
vt 0.000000 0.562500
vt 0.000000 0.062500
vt 0.000000 0.500000
vt 0.015625 1.000000
vt 0.000000 0.937500
vt 0.015625 0.000000
vt 0.000000 0.437500
vt 0.000000 0.875000
vt 0.000000 0.375000
vt 0.000000 0.812500
vt 0.000000 0.312500
vt 0.000000 0.750000
vt 1.000000 0.875000
vt 1.000000 0.937500
vt 0.968750 0.937500
vt 0.968750 0.875000
vt 1.000000 0.375000
vt 1.000000 0.437500
vt 0.968750 0.437500
vt 0.968750 0.375000
vt 1.000000 0.812500
vt 0.968750 0.812500
vt 1.000000 0.312500
vt 0.968750 0.312500
vt 1.000000 0.750000
vt 0.968750 0.750000
vt 1.000000 0.250000
vt 0.968750 0.250000
vt 1.000000 0.687500
vt 0.968750 0.687500
vt 1.000000 0.187500
vt 0.968750 0.187500
vt 1.000000 0.625000
vt 0.968750 0.625000
vt 1.000000 0.125000
vt 0.968750 0.125000
vt 1.000000 0.562500
vt 0.968750 0.562500
vt 1.000000 0.062500
vt 0.968750 0.062500
vt 1.000000 0.500000
vt 0.968750 0.500000
vt 0.984375 1.000000
vt 0.984375 0.000000
vt 0.937500 0.687500
vt 0.937500 0.625000
vt 0.937500 0.187500
vt 0.937500 0.125000
vt 0.937500 0.562500
vt 0.937500 0.062500
vt 0.937500 0.500000
vt 0.953125 1.000000
vt 0.937500 0.937500
vt 0.953125 0.000000
vt 0.937500 0.437500
vt 0.937500 0.875000
vt 0.937500 0.375000
vt 0.937500 0.812500
vt 0.937500 0.312500
vt 0.937500 0.750000
vt 0.937500 0.250000
vt 0.906250 0.437500
vt 0.906250 0.375000
vt 0.906250 0.875000
vt 0.906250 0.812500
vt 0.906250 0.312500
vt 0.906250 0.750000
vt 0.906250 0.250000
vt 0.906250 0.687500
vt 0.906250 0.187500
vt 0.906250 0.625000
vt 0.906250 0.125000
vt 0.906250 0.562500
vt 0.906250 0.062500
vt 0.906250 0.500000
vt 0.921875 1.000000
vt 0.906250 0.937500
vt 0.921875 0.000000
vt 0.875000 0.187500
vt 0.875000 0.125000
vt 0.875000 0.625000
vt 0.875000 0.562500
vt 0.875000 0.062500
vt 0.875000 0.500000
vt 0.890625 1.000000
vt 0.875000 0.937500
vt 0.890625 0.000000
vt 0.875000 0.437500
vt 0.875000 0.875000
vt 0.875000 0.375000
vt 0.875000 0.812500
vt 0.875000 0.312500
vt 0.875000 0.750000
vt 0.875000 0.250000
vt 0.875000 0.687500
vt 0.843750 0.875000
vt 0.843750 0.812500
vt 0.843750 0.375000
vt 0.843750 0.312500
vt 0.843750 0.750000
vt 0.843750 0.250000
vt 0.843750 0.687500
vt 0.843750 0.187500
vt 0.843750 0.625000
vt 0.843750 0.125000
vt 0.843750 0.562500
vt 0.843750 0.062500
vt 0.843750 0.500000
vt 0.859375 1.000000
vt 0.843750 0.937500
vt 0.859375 0.000000
vt 0.843750 0.437500
vt 0.812500 0.625000
vt 0.812500 0.562500
vt 0.812500 0.125000
vt 0.812500 0.062500
vt 0.812500 0.500000
vt 0.828125 1.000000
vt 0.812500 0.937500
vt 0.828125 0.000000
vt 0.812500 0.437500
vt 0.812500 0.875000
vt 0.812500 0.375000
vt 0.812500 0.812500
vt 0.812500 0.312500
vt 0.812500 0.750000
vt 0.812500 0.250000
vt 0.812500 0.687500
vt 0.812500 0.187500
vt 0.781250 0.375000
vt 0.781250 0.312500
vt 0.781250 0.812500
vt 0.781250 0.750000
vt 0.781250 0.250000
vt 0.781250 0.687500
vt 0.781250 0.187500
vt 0.781250 0.625000
vt 0.781250 0.125000
vt 0.781250 0.562500
vt 0.781250 0.062500
vt 0.781250 0.500000
vt 0.796875 1.000000
vt 0.781250 0.937500
vt 0.796875 0.000000
vt 0.781250 0.437500
vt 0.781250 0.875000
vt 0.765625 1.000000
vt 0.765625 0.000000
s 0
usemtl tree.003
f 5612/6612/5014 5611/6613/5014 5150/6614/5014 5151/6615/5014
f 5134/6616/5015 5133/6617/5015 5143/6618/5015 5144/6619/5015
f 5604/6620/5016 5212/6621/5016 5137/6622/5016
f 5438/6623/5017 5612/6612/5017 5151/6615/5017
f 5135/6624/5018 5134/6616/5018 5144/6619/5018 5145/6625/5018
f 5605/6626/5019 5604/6620/5019 5137/6622/5019 5138/6627/5019
f 5608/6628/5020 5135/6624/5020 5145/6625/5020 5146/6629/5020
f 5131/6630/5021 5605/6626/5021 5138/6627/5021 5139/6631/5021
f 5136/6632/5022 5608/6628/5022 5146/6629/5022 5147/6633/5022
f 5606/6634/5023 5131/6630/5023 5139/6631/5023 5140/6635/5023
f 5609/6636/5024 5136/6632/5024 5147/6633/5024 5148/6637/5024
f 5132/6638/5025 5606/6634/5025 5140/6635/5025 5141/6639/5025
f 5610/6640/5026 5609/6636/5026 5148/6637/5026 5149/6641/5026
f 5607/6642/5027 5132/6638/5027 5141/6639/5027 5142/6643/5027
f 5611/6613/5028 5610/6640/5028 5149/6641/5028 5150/6614/5028
f 5133/6617/5029 5607/6642/5029 5142/6643/5029 5143/6618/5029
f 5142/6643/5030 5141/6639/5030 5156/6644/5030 5157/6645/5030
f 5150/6614/5031 5149/6641/5031 5164/6646/5031 5165/6647/5031
f 5143/6618/5032 5142/6643/5032 5157/6645/5032 5158/6648/5032
f 5151/6615/5033 5150/6614/5033 5165/6647/5033 5166/6649/5033
f 5144/6619/5034 5143/6618/5034 5158/6648/5034 5159/6650/5034
f 5137/6622/5035 5212/6651/5035 5152/6652/5035
f 5438/6653/5036 5151/6615/5036 5166/6649/5036
f 5145/6625/5037 5144/6619/5037 5159/6650/5037 5160/6654/5037
f 5138/6627/5038 5137/6622/5038 5152/6652/5038 5153/6655/5038
f 5146/6629/5039 5145/6625/5039 5160/6654/5039 5161/6656/5039
f 5139/6631/5040 5138/6627/5040 5153/6655/5040 5154/6657/5040
f 5147/6633/5041 5146/6629/5041 5161/6656/5041 5162/6658/5041
f 5140/6635/5042 5139/6631/5042 5154/6657/5042 5155/6659/5042
f 5148/6637/5043 5147/6633/5043 5162/6658/5043 5163/6660/5043
f 5141/6639/5044 5140/6635/5044 5155/6659/5044 5156/6644/5044
f 5149/6641/5045 5148/6637/5045 5163/6660/5045 5164/6646/5045
f 5161/6656/5046 5160/6654/5046 5175/6661/5046 5176/6662/5046
f 5154/6657/5047 5153/6655/5047 5168/6663/5047 5169/6664/5047
f 5162/6658/5048 5161/6656/5048 5176/6662/5048 5177/6665/5048
f 5155/6659/5049 5154/6657/5049 5169/6664/5049 5170/6666/5049
f 5163/6660/5050 5162/6658/5050 5177/6665/5050 5178/6667/5050
f 5156/6644/5051 5155/6659/5051 5170/6666/5051 5171/6668/5051
f 5164/6646/5052 5163/6660/5052 5178/6667/5052 5179/6669/5052
f 5157/6645/5053 5156/6644/5053 5171/6668/5053 5172/6670/5053
f 5165/6647/5054 5164/6646/5054 5179/6669/5054 5180/6671/5054
f 5158/6648/5055 5157/6645/5055 5172/6670/5055 5173/6672/5055
f 5166/6649/5056 5165/6647/5056 5180/6671/5056 5181/6673/5056
f 5159/6650/5057 5158/6648/5057 5173/6672/5057 5174/6674/5057
f 5152/6652/5058 5212/6675/5058 5167/6676/5058
f 5438/6677/5059 5166/6649/5059 5181/6673/5059
f 5160/6654/5060 5159/6650/5060 5174/6674/5060 5175/6661/5060
f 5153/6655/5061 5152/6652/5061 5167/6676/5061 5168/6663/5061
f 5180/6671/5062 5179/6669/5062 5194/6678/5062 5195/6679/5062
f 5173/6672/5063 5172/6670/5063 5187/6680/5063 5188/6681/5063
f 5181/6673/5064 5180/6671/5064 5195/6679/5064 5196/6682/5064
f 5174/6674/5065 5173/6672/5065 5188/6681/5065 5189/6683/5065
f 5167/6676/5066 5212/6684/5066 5182/6685/5066
f 5438/6686/5067 5181/6673/5067 5196/6682/5067
f 5175/6661/5068 5174/6674/5068 5189/6683/5068 5190/6687/5068
f 5168/6663/5069 5167/6676/5069 5182/6685/5069 5183/6688/5069
f 5176/6662/5070 5175/6661/5070 5190/6687/5070 5191/6689/5070
f 5169/6664/5071 5168/6663/5071 5183/6688/5071 5184/6690/5071
f 5177/6665/5072 5176/6662/5072 5191/6689/5072 5192/6691/5072
f 5170/6666/5073 5169/6664/5073 5184/6690/5073 5185/6692/5073
f 5178/6667/5074 5177/6665/5074 5192/6691/5074 5193/6693/5074
f 5171/6668/5075 5170/6666/5075 5185/6692/5075 5186/6694/5075
f 5179/6669/5076 5178/6667/5076 5193/6693/5076 5194/6678/5076
f 5172/6670/5077 5171/6668/5077 5186/6694/5077 5187/6680/5077
f 5192/6691/5078 5191/6689/5078 5206/6695/5078 5207/6696/5078
f 5185/6692/5079 5184/6690/5079 5199/6697/5079 5200/6698/5079
f 5193/6693/5080 5192/6691/5080 5207/6696/5080 5208/6699/5080
f 5186/6694/5081 5185/6692/5081 5200/6698/5081 5201/6700/5081
f 5194/6678/5082 5193/6693/5082 5208/6699/5082 5209/6701/5082
f 5187/6680/5083 5186/6694/5083 5201/6700/5083 5202/6702/5083
f 5195/6679/5084 5194/6678/5084 5209/6701/5084 5210/6703/5084
f 5188/6681/5085 5187/6680/5085 5202/6702/5085 5203/6704/5085
f 5196/6682/5086 5195/6679/5086 5210/6703/5086 5211/6705/5086
f 5189/6683/5087 5188/6681/5087 5203/6704/5087 5204/6706/5087
f 5182/6685/5088 5212/6707/5088 5197/6708/5088
f 5438/6709/5089 5196/6682/5089 5211/6705/5089
f 5190/6687/5090 5189/6683/5090 5204/6706/5090 5205/6710/5090
f 5183/6688/5091 5182/6685/5091 5197/6708/5091 5198/6711/5091
f 5191/6689/5092 5190/6687/5092 5205/6710/5092 5206/6695/5092
f 5184/6690/5093 5183/6688/5093 5198/6711/5093 5199/6697/5093
f 5211/6705/5094 5210/6703/5094 5226/6712/5094 5227/6713/5094
f 5204/6706/5095 5203/6704/5095 5219/6714/5095 5220/6715/5095
f 5197/6708/5096 5212/6716/5096 5213/6717/5096
f 5438/6718/5097 5211/6705/5097 5227/6713/5097
f 5205/6710/5098 5204/6706/5098 5220/6715/5098 5221/6719/5098
f 5198/6711/5099 5197/6708/5099 5213/6717/5099 5214/6720/5099
f 5206/6695/5100 5205/6710/5100 5221/6719/5100 5222/6721/5100
f 5199/6697/5101 5198/6711/5101 5214/6720/5101 5215/6722/5101
f 5207/6696/5102 5206/6695/5102 5222/6721/5102 5223/6723/5102
f 5200/6698/5103 5199/6697/5103 5215/6722/5103 5216/6724/5103
f 5208/6699/5104 5207/6696/5104 5223/6723/5104 5224/6725/5104
f 5201/6700/5105 5200/6698/5105 5216/6724/5105 5217/6726/5105
f 5209/6701/5106 5208/6699/5106 5224/6725/5106 5225/6727/5106
f 5202/6702/5107 5201/6700/5107 5217/6726/5107 5218/6728/5107
f 5210/6703/5108 5209/6701/5108 5225/6727/5108 5226/6712/5108
f 5203/6704/5109 5202/6702/5109 5218/6728/5109 5219/6714/5109
f 5216/6724/5110 5215/6722/5110 5230/6729/5110 5231/6730/5110
f 5224/6725/5111 5223/6723/5111 5238/6731/5111 5239/6732/5111
f 5217/6726/5112 5216/6724/5112 5231/6730/5112 5232/6733/5112
f 5225/6727/5113 5224/6725/5113 5239/6732/5113 5240/6734/5113
f 5218/6728/5114 5217/6726/5114 5232/6733/5114 5233/6735/5114
f 5226/6712/5115 5225/6727/5115 5240/6734/5115 5241/6736/5115
f 5219/6714/5116 5218/6728/5116 5233/6735/5116 5234/6737/5116
f 5227/6713/5117 5226/6712/5117 5241/6736/5117 5242/6738/5117
f 5220/6715/5118 5219/6714/5118 5234/6737/5118 5235/6739/5118
f 5213/6717/5119 5212/6740/5119 5228/6741/5119
f 5438/6742/5120 5227/6713/5120 5242/6738/5120
f 5221/6719/5121 5220/6715/5121 5235/6739/5121 5236/6743/5121
f 5214/6720/5122 5213/6717/5122 5228/6741/5122 5229/6744/5122
f 5222/6721/5123 5221/6719/5123 5236/6743/5123 5237/6745/5123
f 5215/6722/5124 5214/6720/5124 5229/6744/5124 5230/6729/5124
f 5223/6723/5125 5222/6721/5125 5237/6745/5125 5238/6731/5125
f 5235/6739/5126 5234/6737/5126 5249/6746/5126 5250/6747/5126
f 5228/6741/5127 5212/6748/5127 5243/6749/5127
f 5438/6750/5128 5242/6738/5128 5257/6751/5128
f 5236/6743/5129 5235/6739/5129 5250/6747/5129 5251/6752/5129
f 5229/6744/5130 5228/6741/5130 5243/6749/5130 5244/6753/5130
f 5237/6745/5131 5236/6743/5131 5251/6752/5131 5252/6754/5131
f 5230/6729/5132 5229/6744/5132 5244/6753/5132 5245/6755/5132
f 5238/6731/5133 5237/6745/5133 5252/6754/5133 5253/6756/5133
f 5231/6730/5134 5230/6729/5134 5245/6755/5134 5246/6757/5134
f 5239/6732/5135 5238/6731/5135 5253/6756/5135 5254/6758/5135
f 5232/6733/5136 5231/6730/5136 5246/6757/5136 5247/6759/5136
f 5240/6734/5137 5239/6732/5137 5254/6758/5137 5255/6760/5137
f 5233/6735/5138 5232/6733/5138 5247/6759/5138 5248/6761/5138
f 5241/6736/5139 5240/6734/5139 5255/6760/5139 5256/6762/5139
f 5234/6737/5140 5233/6735/5140 5248/6761/5140 5249/6746/5140
f 5242/6738/5141 5241/6736/5141 5256/6762/5141 5257/6751/5141
f 5254/6758/5142 5253/6756/5142 5268/6763/5142 5269/6764/5142
f 5247/6759/5143 5246/6757/5143 5261/6765/5143 5262/6766/5143
f 5255/6760/5144 5254/6758/5144 5269/6764/5144 5270/6767/5144
f 5248/6761/5145 5247/6759/5145 5262/6766/5145 5263/6768/5145
f 5256/6762/5146 5255/6760/5146 5270/6767/5146 5271/6769/5146
f 5249/6746/5147 5248/6761/5147 5263/6768/5147 5264/6770/5147
f 5257/6751/5148 5256/6762/5148 5271/6769/5148 5272/6771/5148
f 5250/6747/5149 5249/6746/5149 5264/6770/5149 5265/6772/5149
f 5243/6749/5150 5212/6773/5150 5258/6774/5150
f 5438/6775/5151 5257/6751/5151 5272/6771/5151
f 5251/6752/5152 5250/6747/5152 5265/6772/5152 5266/6776/5152
f 5244/6753/5153 5243/6749/5153 5258/6774/5153 5259/6777/5153
f 5252/6754/5154 5251/6752/5154 5266/6776/5154 5267/6778/5154
f 5245/6755/5155 5244/6753/5155 5259/6777/5155 5260/6779/5155
f 5253/6756/5156 5252/6754/5156 5267/6778/5156 5268/6763/5156
f 5246/6757/5157 5245/6755/5157 5260/6779/5157 5261/6765/5157
f 5258/6774/5158 5212/6780/5158 5273/6781/5158
f 5438/6782/5159 5272/6771/5159 5287/6783/5159
f 5266/6776/5160 5265/6772/5160 5280/6784/5160 5281/6785/5160
f 5259/6777/5161 5258/6774/5161 5273/6781/5161 5274/6786/5161
f 5267/6778/5162 5266/6776/5162 5281/6785/5162 5282/6787/5162
f 5260/6779/5163 5259/6777/5163 5274/6786/5163 5275/6788/5163
f 5268/6763/5164 5267/6778/5164 5282/6787/5164 5283/6789/5164
f 5261/6765/5165 5260/6779/5165 5275/6788/5165 5276/6790/5165
f 5269/6764/5166 5268/6763/5166 5283/6789/5166 5284/6791/5166
f 5262/6766/5167 5261/6765/5167 5276/6790/5167 5277/6792/5167
f 5270/6767/5168 5269/6764/5168 5284/6791/5168 5285/6793/5168
f 5263/6768/5169 5262/6766/5169 5277/6792/5169 5278/6794/5169
f 5271/6769/5170 5270/6767/5170 5285/6793/5170 5286/6795/5170
f 5264/6770/5171 5263/6768/5171 5278/6794/5171 5279/6796/5171
f 5272/6771/5172 5271/6769/5172 5286/6795/5172 5287/6783/5172
f 5265/6772/5173 5264/6770/5173 5279/6796/5173 5280/6784/5173
f 5277/6792/5174 5276/6790/5174 5291/6797/5174 5292/6798/5174
f 5285/6793/5175 5284/6791/5175 5299/6799/5175 5300/6800/5175
f 5278/6794/5176 5277/6792/5176 5292/6798/5176 5293/6801/5176
f 5286/6795/5177 5285/6793/5177 5300/6800/5177 5301/6802/5177
f 5279/6796/5178 5278/6794/5178 5293/6801/5178 5294/6803/5178
f 5287/6783/5179 5286/6795/5179 5301/6802/5179 5302/6804/5179
f 5280/6784/5180 5279/6796/5180 5294/6803/5180 5295/6805/5180
f 5273/6781/5181 5212/6806/5181 5288/6807/5181
f 5438/6808/5182 5287/6783/5182 5302/6804/5182
f 5281/6785/5183 5280/6784/5183 5295/6805/5183 5296/6809/5183
f 5274/6786/5184 5273/6781/5184 5288/6807/5184 5289/6810/5184
f 5282/6787/5185 5281/6785/5185 5296/6809/5185 5297/6811/5185
f 5275/6788/5186 5274/6786/5186 5289/6810/5186 5290/6812/5186
f 5283/6789/5187 5282/6787/5187 5297/6811/5187 5298/6813/5187
f 5276/6790/5188 5275/6788/5188 5290/6812/5188 5291/6797/5188
f 5284/6791/5189 5283/6789/5189 5298/6813/5189 5299/6799/5189
f 5296/6809/5190 5295/6805/5190 5310/6814/5190 5311/6815/5190
f 5289/6810/5191 5288/6807/5191 5303/6816/5191 5304/6817/5191
f 5297/6811/5192 5296/6809/5192 5311/6815/5192 5312/6818/5192
f 5290/6812/5193 5289/6810/5193 5304/6817/5193 5305/6819/5193
f 5298/6813/5194 5297/6811/5194 5312/6818/5194 5313/6820/5194
f 5291/6797/5195 5290/6812/5195 5305/6819/5195 5306/6821/5195
f 5299/6799/5196 5298/6813/5196 5313/6820/5196 5314/6822/5196
f 5292/6798/5197 5291/6797/5197 5306/6821/5197 5307/6823/5197
f 5300/6800/5198 5299/6799/5198 5314/6822/5198 5315/6824/5198
f 5293/6801/5199 5292/6798/5199 5307/6823/5199 5308/6825/5199
f 5301/6802/5200 5300/6800/5200 5315/6824/5200 5316/6826/5200
f 5294/6803/5201 5293/6801/5201 5308/6825/5201 5309/6827/5201
f 5302/6804/5202 5301/6802/5202 5316/6826/5202 5317/6828/5202
f 5295/6805/5203 5294/6803/5203 5309/6827/5203 5310/6814/5203
f 5288/6807/5204 5212/6829/5204 5303/6816/5204
f 5438/6830/5205 5302/6804/5205 5317/6828/5205
f 5315/6824/5206 5314/6822/5206 5329/6831/5206 5330/6832/5206
f 5308/6825/5207 5307/6823/5207 5322/6833/5207 5323/6834/5207
f 5316/6826/5208 5315/6824/5208 5330/6832/5208 5331/6835/5208
f 5309/6827/5209 5308/6825/5209 5323/6834/5209 5324/6836/5209
f 5317/6828/5210 5316/6826/5210 5331/6835/5210 5332/6837/5210
f 5310/6814/5211 5309/6827/5211 5324/6836/5211 5325/6838/5211
f 5303/6816/5212 5212/6839/5212 5318/6840/5212
f 5438/6841/5213 5317/6828/5213 5332/6837/5213
f 5311/6815/5214 5310/6814/5214 5325/6838/5214 5326/6842/5214
f 5304/6817/5215 5303/6816/5215 5318/6840/5215 5319/6843/5215
f 5312/6818/5216 5311/6815/5216 5326/6842/5216 5327/6844/5216
f 5305/6819/5217 5304/6817/5217 5319/6843/5217 5320/6845/5217
f 5313/6820/5218 5312/6818/5218 5327/6844/5218 5328/6846/5218
f 5306/6821/5219 5305/6819/5219 5320/6845/5219 5321/6847/5219
f 5314/6822/5220 5313/6820/5220 5328/6846/5220 5329/6831/5220
f 5307/6823/5221 5306/6821/5221 5321/6847/5221 5322/6833/5221
f 5327/6844/5222 5326/6842/5222 5341/6848/5222 5342/6849/5222
f 5320/6845/5223 5319/6843/5223 5334/6850/5223 5335/6851/5223
f 5328/6846/5224 5327/6844/5224 5342/6849/5224 5343/6852/5224
f 5321/6847/5225 5320/6845/5225 5335/6851/5225 5336/6853/5225
f 5329/6831/5226 5328/6846/5226 5343/6852/5226 5344/6854/5226
f 5322/6833/5227 5321/6847/5227 5336/6853/5227 5337/6855/5227
f 5330/6832/5228 5329/6831/5228 5344/6854/5228 5345/6856/5228
f 5323/6834/5229 5322/6833/5229 5337/6855/5229 5338/6857/5229
f 5331/6835/5230 5330/6832/5230 5345/6856/5230 5346/6858/5230
f 5324/6836/5231 5323/6834/5231 5338/6857/5231 5339/6859/5231
f 5332/6837/5232 5331/6835/5232 5346/6858/5232 5347/6860/5232
f 5325/6838/5233 5324/6836/5233 5339/6859/5233 5340/6861/5233
f 5318/6840/5234 5212/6862/5234 5333/6863/5234
f 5438/6864/5235 5332/6837/5235 5347/6860/5235
f 5326/6842/5236 5325/6838/5236 5340/6861/5236 5341/6848/5236
f 5319/6843/5237 5318/6840/5237 5333/6863/5237 5334/6850/5237
f 5346/6858/5238 5345/6856/5238 5360/6865/5238 5361/6866/5238
f 5339/6859/5239 5338/6857/5239 5353/6867/5239 5354/6868/5239
f 5347/6860/5240 5346/6858/5240 5361/6866/5240 5362/6869/5240
f 5340/6861/5241 5339/6859/5241 5354/6868/5241 5355/6870/5241
f 5333/6863/5242 5212/6871/5242 5348/6872/5242
f 5438/6873/5243 5347/6860/5243 5362/6869/5243
f 5341/6848/5244 5340/6861/5244 5355/6870/5244 5356/6874/5244
f 5334/6850/5245 5333/6863/5245 5348/6872/5245 5349/6875/5245
f 5342/6849/5246 5341/6848/5246 5356/6874/5246 5357/6876/5246
f 5335/6851/5247 5334/6850/5247 5349/6875/5247 5350/6877/5247
f 5343/6852/5248 5342/6849/5248 5357/6876/5248 5358/6878/5248
f 5336/6853/5249 5335/6851/5249 5350/6877/5249 5351/6879/5249
f 5344/6854/5250 5343/6852/5250 5358/6878/5250 5359/6880/5250
f 5337/6855/5251 5336/6853/5251 5351/6879/5251 5352/6881/5251
f 5345/6856/5252 5344/6854/5252 5359/6880/5252 5360/6865/5252
f 5338/6857/5253 5337/6855/5253 5352/6881/5253 5353/6867/5253
f 5350/6877/5254 5349/6875/5254 5364/6882/5254 5365/6883/5254
f 5358/6878/5255 5357/6876/5255 5372/6884/5255 5373/6885/5255
f 5351/6879/5256 5350/6877/5256 5365/6883/5256 5366/6886/5256
f 5359/6880/5257 5358/6878/5257 5373/6885/5257 5374/6887/5257
f 5352/6881/5258 5351/6879/5258 5366/6886/5258 5367/6888/5258
f 5360/6865/5259 5359/6880/5259 5374/6887/5259 5375/6889/5259
f 5353/6867/5260 5352/6881/5260 5367/6888/5260 5368/6890/5260
f 5361/6866/5261 5360/6865/5261 5375/6889/5261 5376/6891/5261
f 5354/6868/5262 5353/6867/5262 5368/6890/5262 5369/6892/5262
f 5362/6869/5263 5361/6866/5263 5376/6891/5263 5377/6893/5263
f 5355/6870/5264 5354/6868/5264 5369/6892/5264 5370/6894/5264
f 5348/6872/5265 5212/6895/5265 5363/6896/5265
f 5438/6897/5266 5362/6869/5266 5377/6893/5266
f 5356/6874/5267 5355/6870/5267 5370/6894/5267 5371/6898/5267
f 5349/6875/5268 5348/6872/5268 5363/6896/5268 5364/6882/5268
f 5357/6876/5269 5356/6874/5269 5371/6898/5269 5372/6884/5269
f 5369/6892/5270 5368/6890/5270 5383/6899/5270 5384/6900/5270
f 5377/6893/5271 5376/6891/5271 5391/6901/5271 5392/6902/5271
f 5370/6894/5272 5369/6892/5272 5384/6900/5272 5385/6903/5272
f 5363/6896/5273 5212/6904/5273 5378/6905/5273
f 5438/6906/5274 5377/6893/5274 5392/6902/5274
f 5371/6898/5275 5370/6894/5275 5385/6903/5275 5386/6907/5275
f 5364/6882/5276 5363/6896/5276 5378/6905/5276 5379/6908/5276
f 5372/6884/5277 5371/6898/5277 5386/6907/5277 5387/6909/5277
f 5365/6883/5278 5364/6882/5278 5379/6908/5278 5380/6910/5278
f 5373/6885/5279 5372/6884/5279 5387/6909/5279 5388/6911/5279
f 5366/6886/5280 5365/6883/5280 5380/6910/5280 5381/6912/5280
f 5374/6887/5281 5373/6885/5281 5388/6911/5281 5389/6913/5281
f 5367/6888/5282 5366/6886/5282 5381/6912/5282 5382/6914/5282
f 5375/6889/5283 5374/6887/5283 5389/6913/5283 5390/6915/5283
f 5368/6890/5284 5367/6888/5284 5382/6914/5284 5383/6899/5284
f 5376/6891/5285 5375/6889/5285 5390/6915/5285 5391/6901/5285
f 5388/6911/5286 5387/6909/5286 5402/6916/5286 5403/6917/5286
f 5381/6912/5287 5380/6910/5287 5395/6918/5287 5396/6919/5287
f 5389/6913/5288 5388/6911/5288 5403/6917/5288 5404/6920/5288
f 5382/6914/5289 5381/6912/5289 5396/6919/5289 5397/6921/5289
f 5390/6915/5290 5389/6913/5290 5404/6920/5290 5405/6922/5290
f 5383/6899/5291 5382/6914/5291 5397/6921/5291 5398/6923/5291
f 5391/6901/5292 5390/6915/5292 5405/6922/5292 5406/6924/5292
f 5384/6900/5293 5383/6899/5293 5398/6923/5293 5399/6925/5293
f 5392/6902/5294 5391/6901/5294 5406/6924/5294 5407/6926/5294
f 5385/6903/5295 5384/6900/5295 5399/6925/5295 5400/6927/5295
f 5378/6905/5296 5212/6928/5296 5393/6929/5296
f 5438/6930/5297 5392/6902/5297 5407/6926/5297
f 5386/6907/5298 5385/6903/5298 5400/6927/5298 5401/6931/5298
f 5379/6908/5299 5378/6905/5299 5393/6929/5299 5394/6932/5299
f 5387/6909/5300 5386/6907/5300 5401/6931/5300 5402/6916/5300
f 5380/6910/5301 5379/6908/5301 5394/6932/5301 5395/6918/5301
f 5407/6926/5302 5406/6924/5302 5421/6933/5302 5422/6934/5302
f 5400/6927/5303 5399/6925/5303 5414/6935/5303 5415/6936/5303
f 5393/6929/5304 5212/6937/5304 5408/6938/5304
f 5438/6939/5305 5407/6926/5305 5422/6934/5305
f 5401/6931/5306 5400/6927/5306 5415/6936/5306 5416/6940/5306
f 5394/6932/5307 5393/6929/5307 5408/6938/5307 5409/6941/5307
f 5402/6916/5308 5401/6931/5308 5416/6940/5308 5417/6942/5308
f 5395/6918/5309 5394/6932/5309 5409/6941/5309 5410/6943/5309
f 5403/6917/5310 5402/6916/5310 5417/6942/5310 5418/6944/5310
f 5396/6919/5311 5395/6918/5311 5410/6943/5311 5411/6945/5311
f 5404/6920/5312 5403/6917/5312 5418/6944/5312 5419/6946/5312
f 5397/6921/5313 5396/6919/5313 5411/6945/5313 5412/6947/5313
f 5405/6922/5314 5404/6920/5314 5419/6946/5314 5420/6948/5314
f 5398/6923/5315 5397/6921/5315 5412/6947/5315 5413/6949/5315
f 5406/6924/5316 5405/6922/5316 5420/6948/5316 5421/6933/5316
f 5399/6925/5317 5398/6923/5317 5413/6949/5317 5414/6935/5317
f 5411/6945/5318 5410/6943/5318 5425/6950/5318 5426/6951/5318
f 5419/6946/5319 5418/6944/5319 5433/6952/5319 5434/6953/5319
f 5412/6947/5320 5411/6945/5320 5426/6951/5320 5427/6954/5320
f 5420/6948/5321 5419/6946/5321 5434/6953/5321 5435/6955/5321
f 5413/6949/5322 5412/6947/5322 5427/6954/5322 5428/6956/5322
f 5421/6933/5323 5420/6948/5323 5435/6955/5323 5436/6957/5323
f 5414/6935/5324 5413/6949/5324 5428/6956/5324 5429/6958/5324
f 5422/6934/5325 5421/6933/5325 5436/6957/5325 5437/6959/5325
f 5415/6936/5326 5414/6935/5326 5429/6958/5326 5430/6960/5326
f 5408/6938/5327 5212/6961/5327 5423/6962/5327
f 5438/6963/5328 5422/6934/5328 5437/6959/5328
f 5416/6940/5329 5415/6936/5329 5430/6960/5329 5431/6964/5329
f 5409/6941/5330 5408/6938/5330 5423/6962/5330 5424/6965/5330
f 5417/6942/5331 5416/6940/5331 5431/6964/5331 5432/6966/5331
f 5410/6943/5332 5409/6941/5332 5424/6965/5332 5425/6950/5332
f 5418/6944/5333 5417/6942/5333 5432/6966/5333 5433/6952/5333
f 5430/6960/5334 5429/6958/5334 5445/6967/5334 5446/6968/5334
f 5423/6962/5335 5212/6969/5335 5439/6970/5335
f 5438/6971/5336 5437/6959/5336 5453/6972/5336
f 5431/6964/5337 5430/6960/5337 5446/6968/5337 5447/6973/5337
f 5424/6965/5338 5423/6962/5338 5439/6970/5338 5440/6974/5338
f 5432/6966/5339 5431/6964/5339 5447/6973/5339 5448/6975/5339
f 5425/6950/5340 5424/6965/5340 5440/6974/5340 5441/6976/5340
f 5433/6952/5341 5432/6966/5341 5448/6975/5341 5449/6977/5341
f 5426/6951/5342 5425/6950/5342 5441/6976/5342 5442/6978/5342
f 5434/6953/5343 5433/6952/5343 5449/6977/5343 5450/6979/5343
f 5427/6954/5344 5426/6951/5344 5442/6978/5344 5443/6980/5344
f 5435/6955/5345 5434/6953/5345 5450/6979/5345 5451/6981/5345
f 5428/6956/5346 5427/6954/5346 5443/6980/5346 5444/6982/5346
f 5436/6957/5347 5435/6955/5347 5451/6981/5347 5452/6983/5347
f 5429/6958/5348 5428/6956/5348 5444/6982/5348 5445/6967/5348
f 5437/6959/5349 5436/6957/5349 5452/6983/5349 5453/6972/5349
f 5450/6979/5350 5449/6977/5350 5464/6984/5350 5465/6985/5350
f 5443/6980/5351 5442/6978/5351 5457/6986/5351 5458/6987/5351
f 5451/6981/5352 5450/6979/5352 5465/6985/5352 5466/6988/5352
f 5444/6982/5353 5443/6980/5353 5458/6987/5353 5459/6989/5353
f 5452/6983/5354 5451/6981/5354 5466/6988/5354 5467/6990/5354
f 5445/6967/5355 5444/6982/5355 5459/6989/5355 5460/6991/5355
f 5453/6972/5356 5452/6983/5356 5467/6990/5356 5468/6992/5356
f 5446/6968/5357 5445/6967/5357 5460/6991/5357 5461/6993/5357
f 5439/6970/5358 5212/6994/5358 5454/6995/5358
f 5438/6996/5359 5453/6972/5359 5468/6992/5359
f 5447/6973/5360 5446/6968/5360 5461/6993/5360 5462/6997/5360
f 5440/6974/5361 5439/6970/5361 5454/6995/5361 5455/6998/5361
f 5448/6975/5362 5447/6973/5362 5462/6997/5362 5463/6999/5362
f 5441/6976/5363 5440/6974/5363 5455/6998/5363 5456/7000/5363
f 5449/6977/5364 5448/6975/5364 5463/6999/5364 5464/6984/5364
f 5442/6978/5365 5441/6976/5365 5456/7000/5365 5457/6986/5365
f 5438/7001/5366 5468/6992/5366 5483/7002/5366
f 5462/6997/5367 5461/6993/5367 5476/7003/5367 5477/7004/5367
f 5455/6998/5368 5454/6995/5368 5469/7005/5368 5470/7006/5368
f 5463/6999/5369 5462/6997/5369 5477/7004/5369 5478/7007/5369
f 5456/7000/5370 5455/6998/5370 5470/7006/5370 5471/7008/5370
f 5464/6984/5371 5463/6999/5371 5478/7007/5371 5479/7009/5371
f 5457/6986/5372 5456/7000/5372 5471/7008/5372 5472/7010/5372
f 5465/6985/5373 5464/6984/5373 5479/7009/5373 5480/7011/5373
f 5458/6987/5374 5457/6986/5374 5472/7010/5374 5473/7012/5374
f 5466/6988/5375 5465/6985/5375 5480/7011/5375 5481/7013/5375
f 5459/6989/5376 5458/6987/5376 5473/7012/5376 5474/7014/5376
f 5467/6990/5377 5466/6988/5377 5481/7013/5377 5482/7015/5377
f 5460/6991/5378 5459/6989/5378 5474/7014/5378 5475/7016/5378
f 5468/6992/5379 5467/6990/5379 5482/7015/5379 5483/7002/5379
f 5461/6993/5380 5460/6991/5380 5475/7016/5380 5476/7003/5380
f 5454/6995/5381 5212/7017/5381 5469/7005/5381
f 5481/7013/5382 5480/7011/5382 5495/7018/5382 5496/7019/5382
f 5474/7014/5383 5473/7012/5383 5488/7020/5383 5489/7021/5383
f 5482/7015/5384 5481/7013/5384 5496/7019/5384 5497/7022/5384
f 5475/7016/5385 5474/7014/5385 5489/7021/5385 5490/7023/5385
f 5483/7002/5386 5482/7015/5386 5497/7022/5386 5498/7024/5386
f 5476/7003/5387 5475/7016/5387 5490/7023/5387 5491/7025/5387
f 5469/7005/5388 5212/7026/5388 5484/7027/5388
f 5438/7028/5389 5483/7002/5389 5498/7024/5389
f 5477/7004/5390 5476/7003/5390 5491/7025/5390 5492/7029/5390
f 5470/7006/5391 5469/7005/5391 5484/7027/5391 5485/7030/5391
f 5478/7007/5392 5477/7004/5392 5492/7029/5392 5493/7031/5392
f 5471/7008/5393 5470/7006/5393 5485/7030/5393 5486/7032/5393
f 5479/7009/5394 5478/7007/5394 5493/7031/5394 5494/7033/5394
f 5472/7010/5395 5471/7008/5395 5486/7032/5395 5487/7034/5395
f 5480/7011/5396 5479/7009/5396 5494/7033/5396 5495/7018/5396
f 5473/7012/5397 5472/7010/5397 5487/7034/5397 5488/7020/5397
f 5485/7035/5398 5484/7036/5398 5499/7037/5398 5500/7038/5398
f 5493/7039/5399 5492/7040/5399 5507/7041/5399 5508/7042/5399
f 5486/7043/5400 5485/7035/5400 5500/7038/5400 5501/7044/5400
f 5494/7045/5401 5493/7039/5401 5508/7042/5401 5509/7046/5401
f 5487/7047/5402 5486/7043/5402 5501/7044/5402 5502/7048/5402
f 5495/7049/5403 5494/7045/5403 5509/7046/5403 5510/7050/5403
f 5488/7051/5404 5487/7047/5404 5502/7048/5404 5503/7052/5404
f 5496/7053/5405 5495/7049/5405 5510/7050/5405 5511/7054/5405
f 5489/7055/5406 5488/7051/5406 5503/7052/5406 5504/7056/5406
f 5497/7057/5407 5496/7053/5407 5511/7054/5407 5512/7058/5407
f 5490/7059/5408 5489/7055/5408 5504/7056/5408 5505/7060/5408
f 5498/7061/5409 5497/7057/5409 5512/7058/5409 5513/7062/5409
f 5491/7063/5410 5490/7059/5410 5505/7060/5410 5506/7064/5410
f 5484/7036/5411 5212/7065/5411 5499/7037/5411
f 5438/7066/5412 5498/7061/5412 5513/7062/5412
f 5492/7040/5413 5491/7063/5413 5506/7064/5413 5507/7041/5413
f 5504/7056/5414 5503/7052/5414 5518/7067/5414 5519/7068/5414
f 5512/7058/5415 5511/7054/5415 5526/7069/5415 5527/7070/5415
f 5505/7060/5416 5504/7056/5416 5519/7068/5416 5520/7071/5416
f 5513/7062/5417 5512/7058/5417 5527/7070/5417 5528/7072/5417
f 5506/7064/5418 5505/7060/5418 5520/7071/5418 5521/7073/5418
f 5499/7037/5419 5212/7074/5419 5514/7075/5419
f 5438/7076/5420 5513/7062/5420 5528/7072/5420
f 5507/7041/5421 5506/7064/5421 5521/7073/5421 5522/7077/5421
f 5500/7038/5422 5499/7037/5422 5514/7075/5422 5515/7078/5422
f 5508/7042/5423 5507/7041/5423 5522/7077/5423 5523/7079/5423
f 5501/7044/5424 5500/7038/5424 5515/7078/5424 5516/7080/5424
f 5509/7046/5425 5508/7042/5425 5523/7079/5425 5524/7081/5425
f 5502/7048/5426 5501/7044/5426 5516/7080/5426 5517/7082/5426
f 5510/7050/5427 5509/7046/5427 5524/7081/5427 5525/7083/5427
f 5503/7052/5428 5502/7048/5428 5517/7082/5428 5518/7067/5428
f 5511/7054/5429 5510/7050/5429 5525/7083/5429 5526/7069/5429
f 5523/7079/5430 5522/7077/5430 5537/7084/5430 5538/7085/5430
f 5516/7080/5431 5515/7078/5431 5530/7086/5431 5531/7087/5431
f 5524/7081/5432 5523/7079/5432 5538/7085/5432 5539/7088/5432
f 5517/7082/5433 5516/7080/5433 5531/7087/5433 5532/7089/5433
f 5525/7083/5434 5524/7081/5434 5539/7088/5434 5540/7090/5434
f 5518/7067/5435 5517/7082/5435 5532/7089/5435 5533/7091/5435
f 5526/7069/5436 5525/7083/5436 5540/7090/5436 5541/7092/5436
f 5519/7068/5437 5518/7067/5437 5533/7091/5437 5534/7093/5437
f 5527/7070/5438 5526/7069/5438 5541/7092/5438 5542/7094/5438
f 5520/7071/5439 5519/7068/5439 5534/7093/5439 5535/7095/5439
f 5528/7072/5440 5527/7070/5440 5542/7094/5440 5543/7096/5440
f 5521/7073/5441 5520/7071/5441 5535/7095/5441 5536/7097/5441
f 5514/7075/5442 5212/7098/5442 5529/7099/5442
f 5438/7100/5443 5528/7072/5443 5543/7096/5443
f 5522/7077/5444 5521/7073/5444 5536/7097/5444 5537/7084/5444
f 5515/7078/5445 5514/7075/5445 5529/7099/5445 5530/7086/5445
f 5542/7094/5446 5541/7092/5446 5556/7101/5446 5557/7102/5446
f 5535/7095/5447 5534/7093/5447 5549/7103/5447 5550/7104/5447
f 5543/7096/5448 5542/7094/5448 5557/7102/5448 5558/7105/5448
f 5536/7097/5449 5535/7095/5449 5550/7104/5449 5551/7106/5449
f 5529/7099/5450 5212/7107/5450 5544/7108/5450
f 5438/7109/5451 5543/7096/5451 5558/7105/5451
f 5537/7084/5452 5536/7097/5452 5551/7106/5452 5552/7110/5452
f 5530/7086/5453 5529/7099/5453 5544/7108/5453 5545/7111/5453
f 5538/7085/5454 5537/7084/5454 5552/7110/5454 5553/7112/5454
f 5531/7087/5455 5530/7086/5455 5545/7111/5455 5546/7113/5455
f 5539/7088/5456 5538/7085/5456 5553/7112/5456 5554/7114/5456
f 5532/7089/5457 5531/7087/5457 5546/7113/5457 5547/7115/5457
f 5540/7090/5458 5539/7088/5458 5554/7114/5458 5555/7116/5458
f 5533/7091/5459 5532/7089/5459 5547/7115/5459 5548/7117/5459
f 5541/7092/5460 5540/7090/5460 5555/7116/5460 5556/7101/5460
f 5534/7093/5461 5533/7091/5461 5548/7117/5461 5549/7103/5461
f 5546/7113/5462 5545/7111/5462 5560/7118/5462 5561/7119/5462
f 5554/7114/5463 5553/7112/5463 5568/7120/5463 5569/7121/5463
f 5547/7115/5464 5546/7113/5464 5561/7119/5464 5562/7122/5464
f 5555/7116/5465 5554/7114/5465 5569/7121/5465 5570/7123/5465
f 5548/7117/5466 5547/7115/5466 5562/7122/5466 5563/7124/5466
f 5556/7101/5467 5555/7116/5467 5570/7123/5467 5571/7125/5467
f 5549/7103/5468 5548/7117/5468 5563/7124/5468 5564/7126/5468
f 5557/7102/5469 5556/7101/5469 5571/7125/5469 5572/7127/5469
f 5550/7104/5470 5549/7103/5470 5564/7126/5470 5565/7128/5470
f 5558/7105/5471 5557/7102/5471 5572/7127/5471 5573/7129/5471
f 5551/7106/5472 5550/7104/5472 5565/7128/5472 5566/7130/5472
f 5544/7108/5473 5212/7131/5473 5559/7132/5473
f 5438/7133/5474 5558/7105/5474 5573/7129/5474
f 5552/7110/5475 5551/7106/5475 5566/7130/5475 5567/7134/5475
f 5545/7111/5476 5544/7108/5476 5559/7132/5476 5560/7118/5476
f 5553/7112/5477 5552/7110/5477 5567/7134/5477 5568/7120/5477
f 5565/7128/5478 5564/7126/5478 5579/7135/5478 5580/7136/5478
f 5573/7129/5479 5572/7127/5479 5587/7137/5479 5588/7138/5479
f 5566/7130/5480 5565/7128/5480 5580/7136/5480 5581/7139/5480
f 5559/7132/5481 5212/7140/5481 5574/7141/5481
f 5438/7142/5482 5573/7129/5482 5588/7138/5482
f 5567/7134/5483 5566/7130/5483 5581/7139/5483 5582/7143/5483
f 5560/7118/5484 5559/7132/5484 5574/7141/5484 5575/7144/5484
f 5568/7120/5485 5567/7134/5485 5582/7143/5485 5583/7145/5485
f 5561/7119/5486 5560/7118/5486 5575/7144/5486 5576/7146/5486
f 5569/7121/5487 5568/7120/5487 5583/7145/5487 5584/7147/5487
f 5562/7122/5488 5561/7119/5488 5576/7146/5488 5577/7148/5488
f 5570/7123/5489 5569/7121/5489 5584/7147/5489 5585/7149/5489
f 5563/7124/5490 5562/7122/5490 5577/7148/5490 5578/7150/5490
f 5571/7125/5491 5570/7123/5491 5585/7149/5491 5586/7151/5491
f 5564/7126/5492 5563/7124/5492 5578/7150/5492 5579/7135/5492
f 5572/7127/5493 5571/7125/5493 5586/7151/5493 5587/7137/5493
f 5584/7147/5494 5583/7145/5494 5598/7152/5494 5599/7153/5494
f 5577/7148/5495 5576/7146/5495 5591/7154/5495 5592/7155/5495
f 5585/7149/5496 5584/7147/5496 5599/7153/5496 5600/7156/5496
f 5578/7150/5497 5577/7148/5497 5592/7155/5497 5593/7157/5497
f 5586/7151/5498 5585/7149/5498 5600/7156/5498 5601/7158/5498
f 5579/7135/5499 5578/7150/5499 5593/7157/5499 5594/7159/5499
f 5587/7137/5500 5586/7151/5500 5601/7158/5500 5602/7160/5500
f 5580/7136/5501 5579/7135/5501 5594/7159/5501 5595/7161/5501
f 5588/7138/5502 5587/7137/5502 5602/7160/5502 5603/7162/5502
f 5581/7139/5503 5580/7136/5503 5595/7161/5503 5596/7163/5503
f 5574/7141/5504 5212/7164/5504 5589/7165/5504
f 5438/7166/5505 5588/7138/5505 5603/7162/5505
f 5582/7143/5506 5581/7139/5506 5596/7163/5506 5597/7167/5506
f 5575/7144/5507 5574/7141/5507 5589/7165/5507 5590/7168/5507
f 5583/7145/5508 5582/7143/5508 5597/7167/5508 5598/7152/5508
f 5576/7146/5509 5575/7144/5509 5590/7168/5509 5591/7154/5509
f 5603/7162/5510 5602/7160/5510 5611/6613/5510 5612/6612/5510
f 5596/7163/5511 5595/7161/5511 5133/6617/5511 5134/6616/5511
f 5589/7165/5512 5212/7169/5512 5604/6620/5512
f 5438/7170/5513 5603/7162/5513 5612/6612/5513
f 5597/7167/5514 5596/7163/5514 5134/6616/5514 5135/6624/5514
f 5590/7168/5515 5589/7165/5515 5604/6620/5515 5605/6626/5515
f 5598/7152/5516 5597/7167/5516 5135/6624/5516 5608/6628/5516
f 5591/7154/5517 5590/7168/5517 5605/6626/5517 5131/6630/5517
f 5599/7153/5518 5598/7152/5518 5608/6628/5518 5136/6632/5518
f 5592/7155/5519 5591/7154/5519 5131/6630/5519 5606/6634/5519
f 5600/7156/5520 5599/7153/5520 5136/6632/5520 5609/6636/5520
f 5593/7157/5521 5592/7155/5521 5606/6634/5521 5132/6638/5521
f 5601/7158/5522 5600/7156/5522 5609/6636/5522 5610/6640/5522
f 5594/7159/5523 5593/7157/5523 5132/6638/5523 5607/6642/5523
f 5602/7160/5524 5601/7158/5524 5610/6640/5524 5611/6613/5524
f 5595/7161/5525 5594/7159/5525 5607/6642/5525 5133/6617/5525
o Sphere.010
v -22.307484 5.694344 3.421492
v -22.145304 5.388818 3.067051
v -22.064131 4.958430 2.835850
v -22.058332 4.716405 2.778368
v -22.076324 4.468701 2.763089
v -22.180025 3.994190 2.859844
v -22.486143 5.823448 3.872492
v -22.333483 5.774891 3.682095
v -22.194038 5.679978 3.499171
v -22.073170 5.542358 3.330751
v -21.975521 5.367319 3.183306
v -21.904846 5.161587 3.062502
v -21.863859 4.933070 2.972982
v -21.854136 4.690547 2.918187
v -21.876051 4.443341 2.900221
v -21.928761 4.200951 2.919775
v -22.010241 3.972690 2.976099
v -22.117359 3.767333 3.067027
v -22.246000 3.592769 3.189065
v -22.391220 3.455709 3.337523
v -22.547438 3.361418 3.506696
v -22.452478 5.817490 3.906954
v -22.267447 5.763203 3.749695
v -22.098169 5.663011 3.597312
v -21.951151 5.520762 3.455660
v -21.832043 5.341925 3.330184
v -21.745422 5.133370 3.225704
v -21.694616 4.903115 3.146236
v -21.681578 4.660006 3.094835
v -21.706808 4.413386 3.073475
v -21.769339 4.172734 3.082977
v -21.866764 3.947296 3.122977
v -21.995342 3.745737 3.191936
v -22.150131 3.575801 3.287205
v -22.325184 3.444021 3.405123
v -22.513773 3.355459 3.541158
v -22.426279 5.810847 3.947277
v -22.216057 5.750172 3.828792
v -22.023561 5.644092 3.712143
v -21.856194 5.496683 3.601812
v -21.720387 5.313611 3.502040
v -21.621355 5.101911 3.416661
v -21.562906 4.869717 3.348955
v -21.547287 4.625954 3.301525
v -21.575098 4.379989 3.276194
v -21.645269 4.141273 3.273934
v -21.755106 3.918983 3.294833
v -21.900385 3.721658 3.338088
v -22.075525 3.556883 3.402036
v -22.273794 3.430990 3.484220
v -22.487574 3.348816 3.581481
v -22.408554 5.803774 3.991911
v -22.181286 5.736298 3.916345
v -21.973083 5.623950 3.839251
v -21.791946 5.471048 3.763590
v -21.644838 5.283467 3.692270
v -21.537411 5.068416 3.628033
v -21.473791 4.834159 3.573347
v -21.456427 4.589700 3.530313
v -21.485985 4.344431 3.500586
v -21.561325 4.107779 3.485307
v -21.679558 3.888838 3.485064
v -21.836138 3.696023 3.499866
v -22.025045 3.536741 3.529144
v -22.239023 3.417116 3.571773
v -22.469849 3.341743 3.626116
v -22.399981 5.796543 4.039142
v -22.164471 5.722115 4.008991
v -21.948671 5.603359 3.973751
v -21.760878 5.444840 3.934776
v -21.608305 5.252650 3.893564
v -21.496817 5.034174 3.851699
v -21.430696 4.797809 3.810790
v -21.412489 4.552637 3.772408
v -21.442888 4.308080 3.738028
v -21.520731 4.073537 3.708973
v -21.643024 3.858021 3.686358
v -21.805067 3.669815 3.671052
v -22.000635 3.516150 3.663644
v -22.222208 3.402932 3.664419
v -22.461275 3.334513 3.673346
v -22.646152 5.823785 4.063045
v -22.400892 5.789433 4.087153
v -22.166258 5.708167 4.103168
v -21.951267 5.583110 4.110476
v -21.764179 5.419068 4.108793
v -21.612188 5.222345 4.098187
v -21.501131 5.000501 4.079063
v -21.435278 4.762061 4.052158
v -21.417160 4.516189 4.018505
v -21.447470 4.272333 3.979397
v -21.525047 4.039864 3.936337
v -21.646908 3.827716 3.890980
v -21.808371 3.644042 3.845069
v -22.003229 3.495901 3.800368
v -22.223995 3.388985 3.758596
v -22.462187 3.327402 3.721357
v -22.411251 5.782716 4.134100
v -22.186579 5.694990 4.195258
v -21.980768 5.563981 4.244169
v -21.801727 5.394721 4.278953
v -21.656340 5.193716 4.298274
v -21.550190 4.968690 4.301388
v -21.487358 4.728292 4.288177
v -21.470261 4.481758 4.259147
v -21.499552 4.238563 4.215415
v -21.574106 4.008054 4.158661
v -21.691061 3.799088 4.091067
v -21.845919 3.619696 4.015229
v -22.032730 3.476772 3.934062
v -22.244316 3.375808 3.850686
v -22.472546 3.320685 3.768304
v -22.430662 5.776650 4.178179
v -22.224653 5.683092 4.281722
v -22.036043 5.546707 4.369695
v -21.872078 5.372736 4.438717
v -21.739063 5.167864 4.486135
v -21.642109 4.939965 4.510129
v -21.584938 4.697797 4.509775
v -21.569752 4.450665 4.485087
v -21.597130 4.208068 4.437014
v -21.666023 3.979328 4.367403
v -21.773785 3.773236 4.278929
v -21.916269 3.597711 4.174993
v -22.088005 3.459498 4.059587
v -22.282391 3.363910 3.937149
v -22.491957 3.314619 3.812382
v -22.458376 5.771469 4.217695
v -22.279015 5.672929 4.359236
v -22.114965 5.531952 4.482228
v -21.972528 5.353956 4.581944
v -21.857180 5.145782 4.654554
v -21.773352 4.915429 4.697265
v -21.724266 4.671749 4.708438
v -21.711809 4.424108 4.687642
v -21.736458 4.182021 4.635676
v -21.797268 3.954792 4.554539
v -21.891901 3.751153 4.447347
v -22.016720 3.578931 4.318220
v -22.166927 3.444743 4.172121
v -22.336754 3.353746 4.014664
v -22.519670 3.309438 3.851899
v -22.493330 5.767371 4.251131
v -22.347578 5.664891 4.424822
v -22.214504 5.520284 4.577445
v -22.099216 5.339105 4.703132
v -22.006149 5.128319 4.797055
v -21.938879 4.896025 4.855605
v -21.899988 4.651150 4.876530
v -21.890974 4.403104 4.859027
v -21.912180 4.161421 4.803769
v -21.962793 3.935388 4.712878
v -22.040871 3.733690 4.589849
v -22.143408 3.564080 4.439408
v -22.266466 3.433074 4.267337
v -22.405317 3.345709 4.080250
v -22.554623 3.305340 3.885334
v -22.534178 5.764515 4.277201
v -22.427708 5.659288 4.475960
v -22.330833 5.512149 4.651685
v -22.247276 5.328752 4.797623
v -22.180248 5.116145 4.908165
v -22.132326 4.882498 4.979063
v -22.105350 4.636790 5.007592
v -22.100361 4.388463 4.992657
v -22.117544 4.147061 4.934831
v -22.156242 3.921861 4.836336
v -22.214970 3.721516 4.700958
v -22.291466 3.553727 4.533898
v -22.382795 3.424940 4.341578
v -22.485445 3.340106 4.131388
v -22.595472 3.302484 3.911404
v -22.579353 5.763009 4.294903
v -22.516323 5.656335 4.510684
v -22.459482 5.507862 4.702097
v -22.411015 5.323296 4.861785
v -22.372786 5.109729 4.983611
v -22.346262 4.875369 5.062894
v -22.332464 4.629221 5.096588
v -22.331923 4.380747 5.083395
v -22.344656 4.139493 5.023826
v -22.370178 3.914732 4.920168
v -22.407505 3.715100 4.776404
v -22.455206 3.548270 4.598061
v -22.511444 3.420653 4.391990
v -22.574060 3.337153 4.166112
v -22.640648 3.300979 3.929107
v -22.627119 5.762913 4.303557
v -22.610018 5.656146 4.527661
v -22.595507 5.507587 4.726743
v -22.584141 5.322945 4.893153
v -22.576361 5.109317 5.020496
v -22.572462 4.874911 5.103879
v -22.572598 4.628736 5.140096
v -22.576759 4.380251 5.127757
v -22.584789 4.139007 5.067335
v -22.596378 3.914274 4.961152
v -22.611082 3.714688 4.813289
v -22.628332 3.547920 4.629429
v -22.647469 3.420378 4.416636
v -22.667757 3.336963 4.183088
v -22.688414 3.300882 3.937761
v -22.675640 5.764228 4.302831
v -22.705194 5.658727 4.526237
v -22.733681 5.511334 4.724675
v -22.760004 5.327714 4.890522
v -22.783152 5.114925 5.017402
v -22.802237 4.881142 5.100441
v -22.816525 4.635351 5.136446
v -22.825466 4.386996 5.124035
v -22.828716 4.145622 5.063685
v -22.826153 3.920505 4.957714
v -22.817873 3.720296 4.810195
v -22.804193 3.552689 4.626797
v -22.785643 3.424125 4.414568
v -22.762932 3.339545 4.181664
v -22.736935 3.302198 3.937035
v -22.723049 5.766906 4.292753
v -22.798191 5.663980 4.506466
v -22.868692 5.518960 4.695973
v -22.931841 5.337420 4.853992
v -22.985212 5.126337 4.974447
v -23.026754 4.893823 5.052711
v -23.054871 4.648812 5.085777
v -23.068481 4.400722 5.072373
v -23.067064 4.159084 5.013016
v -23.050671 3.933186 4.909986
v -23.019934 3.731709 4.767240
v -22.976032 3.562395 4.590267
v -22.920654 3.431751 4.385867
v -22.855930 3.344797 4.161894
v -22.784344 3.304876 3.926957
v -22.767527 5.770843 4.273709
v -22.885439 5.671701 4.469111
v -22.995356 5.530170 4.641741
v -23.093052 5.351689 4.784967
v -23.174776 5.143116 4.893283
v -23.237387 4.912466 4.962527
v -23.278477 4.668604 4.990038
v -23.296469 4.420901 4.974758
v -23.290670 4.178875 4.917276
v -23.261303 3.951829 4.819800
v -23.209497 3.748487 4.686076
v -23.137243 3.576663 4.521243
v -23.047318 3.442962 4.331635
v -22.943176 3.352519 4.124538
v -22.828821 3.308812 3.907913
v -22.807364 5.775887 4.246431
v -22.963581 5.681597 4.415605
v -23.108801 5.544536 4.564062
v -23.237440 5.369973 4.686100
v -23.344559 5.164615 4.777028
v -23.426039 4.936355 4.833351
v -23.478750 4.693964 4.852906
v -23.500666 4.446758 4.834939
v -23.490942 4.204236 4.780144
v -23.449955 3.975718 4.690625
v -23.379280 3.769987 4.569821
v -23.281631 3.594947 4.422376
v -23.160763 3.457327 4.253955
v -23.021318 3.362414 4.071032
v -22.868658 3.313857 3.880635
v -22.841028 5.781846 4.211969
v -23.029617 5.693284 4.348004
v -23.204668 5.561504 4.465921
v -23.359459 5.391569 4.561191
v -23.488037 5.190010 4.630150
v -23.585463 4.964571 4.670150
v -23.647993 4.723919 4.679651
v -23.673223 4.477299 4.658291
v -23.660185 4.234190 4.606890
v -23.609379 4.003935 4.527423
v -23.522758 3.795381 4.422943
v -23.403648 3.616543 4.297467
v -23.256632 3.474295 4.155815
v -23.087355 3.374102 4.003432
v -22.902323 3.319815 3.846173
v -22.867228 5.788489 4.171646
v -23.081007 5.706316 4.268908
v -23.279276 5.580422 4.351091
v -23.454416 5.415647 4.415039
v -23.599695 5.218323 4.458294
v -23.709530 4.996032 4.479193
v -23.779703 4.757317 4.476933
v -23.807514 4.511352 4.451602
v -23.791895 4.267588 4.404172
v -23.733446 4.035395 4.336467
v -23.634415 3.823694 4.251087
v -23.498606 3.640622 4.151315
v -23.331240 3.493213 4.040984
v -23.138744 3.387133 3.924335
v -22.928522 3.326458 3.805850
v -22.884953 5.795562 4.127012
v -23.115778 5.720190 4.181354
v -23.329756 5.600564 4.223983
v -23.518663 5.441283 4.253262
v -23.675243 5.248467 4.268064
v -23.793474 5.029526 4.267820
v -23.868816 4.792874 4.252541
v -23.898373 4.547606 4.222813
v -23.881010 4.303146 4.179780
v -23.817390 4.068890 4.125094
v -23.709963 3.853838 4.060856
v -23.562855 3.666258 3.989537
v -23.381718 3.513355 3.913876
v -23.173515 3.401007 3.836782
v -22.946247 3.333531 3.761216
v -22.708649 3.313520 3.690082
v -22.893526 5.802793 4.079782
v -23.132593 5.734373 4.088708
v -23.354166 5.621155 4.089483
v -23.549734 5.467490 4.082075
v -23.711777 5.279284 4.066769
v -23.834068 5.063768 4.044154
v -23.911911 4.829225 4.015099
v -23.942312 4.584669 3.980719
v -23.924105 4.339497 3.942337
v -23.857985 4.103131 3.901428
v -23.746496 3.884655 3.859562
v -23.593924 3.692465 3.818351
v -23.406130 3.533946 3.779376
v -23.190331 3.415191 3.744136
v -22.954821 3.340762 3.713985
v -22.892614 5.809903 4.031770
v -23.130804 5.748321 3.994531
v -23.351572 5.641404 3.952759
v -23.546431 5.493263 3.908058
v -23.707893 5.309589 3.862147
v -23.829754 5.097441 3.816790
v -23.907330 4.864973 3.773730
v -23.937641 4.621116 3.734622
v -23.919523 4.375244 3.700969
v -23.853670 4.136804 3.674064
v -23.742613 3.914960 3.654940
v -23.590622 3.718237 3.644334
v -23.403534 3.554195 3.642652
v -23.188543 3.429139 3.649959
v -22.953909 3.347872 3.665974
v -22.882256 5.816620 3.984823
v -23.110483 5.761497 3.902441
v -23.322069 5.660533 3.819065
v -23.508883 5.517610 3.737898
v -23.663740 5.338218 3.662060
v -23.780695 5.129251 3.594466
v -23.855249 4.898742 3.537712
v -23.884541 4.655548 3.493980
v -23.867441 4.409014 3.464950
v -23.804611 4.168615 3.451739
v -23.698462 3.943589 3.454854
v -23.553074 3.742584 3.474174
v -23.374033 3.573324 3.508958
v -23.168222 3.442315 3.557869
v -22.943548 3.354590 3.619027
v -22.862844 5.822686 3.940745
v -23.072411 5.773396 3.815978
v -23.266796 5.677807 3.693540
v -23.438532 5.539595 3.578135
v -23.581017 5.364069 3.474198
v -23.688778 5.157977 3.385725
v -23.757669 4.929237 3.316113
v -23.785049 4.686640 3.268040
v -23.769863 4.439508 3.243352
v -23.712692 4.197340 3.242998
v -23.615738 3.969441 3.266992
v -23.482721 3.764570 3.314410
v -23.318758 3.590598 3.383433
v -23.130148 3.454213 3.471406
v -22.924139 3.360655 3.574949
v -22.835131 5.827868 3.901228
v -23.018047 5.783559 3.738464
v -23.187872 5.692562 3.581006
v -23.338081 5.558374 3.434907
v -23.462900 5.386152 3.305780
v -23.557533 5.182513 3.198589
v -23.618341 4.955285 3.117451
v -23.642992 4.713198 3.065486
v -23.630535 4.465556 3.044690
v -23.581450 4.221877 3.055862
v -23.497622 3.991523 3.098574
v -23.382273 3.783349 3.171183
v -23.239836 3.605353 3.270900
v -23.075785 3.464376 3.393891
v -22.896425 3.365837 3.535432
v -22.800179 5.831964 3.867793
v -22.949484 5.791596 3.672877
v -23.088335 5.704231 3.485790
v -23.211393 5.573225 3.313719
v -23.313931 5.403615 3.163279
v -23.392006 5.201918 3.040249
v -23.442621 4.975884 2.949359
v -23.463827 4.734201 2.894101
v -23.454813 4.486156 2.876597
v -23.415922 4.241281 2.897523
v -23.348650 4.008986 2.956072
v -23.255585 3.798200 3.049995
v -23.140297 3.617022 3.175683
v -23.007223 3.472414 3.328305
v -22.861471 3.369934 3.501997
v -22.759329 5.834821 3.841723
v -22.869356 5.797199 3.621739
v -22.972006 5.712365 3.411549
v -23.063335 5.583578 3.219229
v -23.139832 5.415789 3.052170
v -23.198559 5.215445 2.916791
v -23.237257 4.990244 2.818296
v -23.254440 4.748842 2.760471
v -23.249449 4.500515 2.745535
v -23.222475 4.254807 2.774065
v -23.174553 4.021160 2.844963
v -23.107525 3.808553 2.955504
v -23.023968 3.625156 3.101442
v -22.927094 3.478017 3.277167
v -22.820623 3.372790 3.475927
v -22.714153 5.836327 3.824020
v -22.780741 5.800152 3.587015
v -22.843357 5.716652 3.361137
v -22.899595 5.589035 3.155066
v -22.947296 5.422205 2.976723
v -22.984623 5.222573 2.832960
v -23.010145 4.997812 2.729301
v -23.022879 4.756558 2.669732
v -23.022337 4.508084 2.656540
v -23.008539 4.261937 2.690233
v -22.982016 4.027576 2.769516
v -22.943787 3.814010 2.891342
v -22.895319 3.629443 3.051031
v -22.838478 3.480970 3.242443
v -22.775448 3.374296 3.458224
v -22.666388 5.836423 3.815366
v -22.687044 5.800342 3.570039
v -22.707333 5.716928 3.336492
v -22.726469 5.589385 3.123698
v -22.743719 5.422617 2.939838
v -22.758423 5.223031 2.791975
v -22.770012 4.998298 2.685792
v -22.778040 4.757054 2.625371
v -22.782204 4.508570 2.613031
v -22.782339 4.262394 2.649249
v -22.778440 4.027988 2.732631
v -22.770660 3.814360 2.859974
v -22.759295 3.629718 3.026385
v -22.744783 3.481160 3.225466
v -22.727682 3.374393 3.449570
v -22.617867 5.835107 3.816092
v -22.591869 5.797761 3.571463
v -22.569159 5.713180 3.338559
v -22.550608 5.584616 3.126330
v -22.536928 5.417009 2.942933
v -22.528648 5.216800 2.795413
v -22.526085 4.991683 2.689443
v -22.529335 4.750309 2.629093
v -22.538277 4.501955 2.616682
v -22.552565 4.256163 2.652687
v -22.571650 4.022380 2.735726
v -22.594797 3.809591 2.862606
v -22.621120 3.625971 3.028452
v -22.649607 3.478579 3.226891
v -22.679161 3.373077 3.450296
v -22.570457 5.832430 3.826171
v -22.498871 5.792508 3.591233
v -22.434147 5.705554 3.367261
v -22.378769 5.574911 3.162860
v -22.334867 5.405597 2.985887
v -22.304131 5.204119 2.843142
v -22.287737 4.978221 2.740111
v -22.286320 4.736584 2.680754
v -22.299931 4.488493 2.667350
v -22.328047 4.243483 2.700416
v -22.369589 4.010968 2.778681
v -22.422960 3.799885 2.899136
v -22.486109 3.618346 3.057154
v -22.556610 3.473326 3.246661
v -22.631752 3.370399 3.460375
v -22.525980 5.828493 3.845215
v -22.411625 5.784786 3.628589
v -22.217558 5.560642 3.231884
v -22.093498 5.185476 2.933327
v -22.117414 4.224839 2.790601
v -22.261749 3.785616 2.968160
v -22.359446 3.607135 3.111386
v -22.469362 3.465604 3.284016
v -22.587275 3.366462 3.479419
vn 0.1429 -0.9148 -0.3779
vn 0.5706 0.2027 -0.7958
vn 0.0807 0.9945 0.0660
vn 0.0317 -0.9735 -0.2264
vn 0.5658 0.0098 -0.8245
vn 0.1900 0.9770 -0.0968
vn 0.5394 -0.1836 -0.8218
vn 0.2918 0.9216 -0.2557
vn 0.4925 -0.3702 -0.7877
vn 0.3822 0.8308 -0.4046
vn 0.4266 -0.5428 -0.7234
vn 0.4577 0.7082 -0.5376
vn 0.3442 -0.6950 -0.6313
vn 0.5156 0.5586 -0.6497
vn 0.2484 -0.8206 -0.5146
vn 0.5537 0.3880 -0.7368
vn 0.6473 0.5389 -0.5391
vn 0.3190 -0.8312 -0.4553
vn 0.6964 0.3666 -0.6169
vn 0.1864 -0.9213 -0.3414
vn 0.7190 0.1805 -0.6712
vn 0.0954 0.9923 0.0784
vn 0.0464 -0.9757 -0.2140
vn 0.7142 -0.0125 -0.6998
vn 0.2335 0.9705 -0.0603
vn 0.6822 -0.2050 -0.7018
vn 0.3624 0.9111 -0.1965
vn 0.6241 -0.3899 -0.6771
vn 0.4771 0.8166 -0.3249
vn 0.5421 -0.5601 -0.6264
vn 0.5733 0.6909 -0.4405
vn 0.4391 -0.7092 -0.5516
vn 0.7985 -0.2294 -0.5566
vn 0.4199 0.8990 -0.1247
vn 0.7314 -0.4124 -0.5431
vn 0.5544 0.8003 -0.2283
vn 0.6362 -0.5799 -0.5089
vn 0.6673 0.6711 -0.3230
vn 0.5164 -0.7255 -0.4550
vn 0.7545 0.5163 -0.4051
vn 0.3765 -0.8433 -0.3835
vn 0.8127 0.3421 -0.4717
vn 0.2218 -0.9287 -0.2971
vn 0.8399 0.1550 -0.5201
vn 0.1074 0.9898 0.0933
vn 0.0584 -0.9782 -0.1991
vn 0.8351 -0.0379 -0.5488
vn 0.2689 0.9630 -0.0161
vn 0.4187 -0.8565 -0.3020
vn 0.8980 0.3155 -0.3066
vn 0.2478 -0.9368 -0.2469
vn 0.9286 0.1273 -0.3486
vn 0.1162 0.9871 0.1103
vn 0.0672 -0.9810 -0.1821
vn 0.9238 -0.0656 -0.3773
vn 0.2949 0.9549 0.0342
vn 0.8838 -0.2561 -0.3916
vn 0.4620 0.8858 -0.0431
vn 0.8100 -0.4370 -0.3910
vn 0.6111 0.7826 -0.1187
vn 0.7052 -0.6015 -0.3754
vn 0.7363 0.6495 -0.1895
vn 0.5731 -0.7432 -0.3454
vn 0.8332 0.4918 -0.2530
vn 0.8572 -0.4626 -0.2264
vn 0.6450 0.7642 -0.0001
vn 0.7465 -0.6240 -0.2310
vn 0.7777 0.6270 -0.0451
vn 0.6070 -0.7616 -0.2268
vn 0.8803 0.4661 -0.0884
vn 0.4439 -0.8702 -0.2138
vn 0.9491 0.2877 -0.1282
vn 0.2633 -0.9453 -0.1925
vn 0.9817 0.0984 -0.1631
vn 0.1214 0.9842 0.1286
vn 0.0724 -0.9838 -0.1638
vn 0.9769 -0.0945 -0.1918
vn 0.3104 0.9465 0.0886
vn 0.9349 -0.2839 -0.2131
vn 0.4873 0.8721 0.0451
vn 0.2679 -0.9538 -0.1362
vn 0.9972 0.0695 0.0292
vn 0.1229 0.9814 0.1477
vn 0.0739 -0.9867 -0.1447
vn 0.9924 -0.1234 0.0006
vn 0.3150 0.9380 0.1449
vn 0.9498 -0.3117 -0.0281
vn 0.4946 0.8583 0.1365
vn 0.8709 -0.4883 -0.0558
vn 0.6549 0.7457 0.1229
vn 0.7586 -0.6465 -0.0814
vn 0.7897 0.6045 0.1045
vn 0.6169 -0.7801 -0.1038
vn 0.8940 0.4405 0.0822
vn 0.4513 -0.8840 -0.1224
vn 0.9640 0.2598 0.0568
vn 0.6404 0.7278 0.2454
vn 0.7409 -0.6682 0.0679
vn 0.7720 0.5828 0.2537
vn 0.6024 -0.7980 0.0187
vn 0.8738 0.4157 0.2523
vn 0.4404 -0.8972 -0.0312
vn 0.9421 0.2330 0.2412
vn 0.2612 -0.9620 -0.0800
vn 0.9744 0.0416 0.2210
vn 0.1207 0.9786 0.1667
vn 0.0717 -0.9895 -0.1258
vn 0.9696 -0.1514 0.1923
vn 0.3083 0.9298 0.2011
vn 0.9279 -0.3386 0.1563
vn 0.4838 0.8450 0.2277
vn 0.8507 -0.5131 0.1143
vn 0.9143 0.0157 0.4048
vn 0.1147 0.9760 0.1848
vn 0.0657 -0.9920 -0.1076
vn 0.9095 -0.1772 0.3761
vn 0.2907 0.9222 0.2549
vn 0.8700 -0.3634 0.3331
vn 0.4552 0.8328 0.3151
vn 0.7974 -0.5360 0.2774
vn 0.6019 0.7113 0.3629
vn 0.6941 -0.6883 0.2109
vn 0.7252 0.5627 0.3968
vn 0.5639 -0.8145 0.1362
vn 0.8205 0.3928 0.4153
vn 0.4119 -0.9095 0.0562
vn 0.8843 0.2081 0.4180
vn 0.2436 -0.9695 -0.0261
vn 0.6200 -0.7060 0.3423
vn 0.6512 0.5450 0.5281
vn 0.5031 -0.8290 0.2442
vn 0.7361 0.3726 0.5651
vn 0.3666 -0.9203 0.1364
vn 0.7927 0.1863 0.5804
vn 0.2157 -0.9762 0.0233
vn 0.8191 -0.0070 0.5736
vn 0.1053 0.9738 0.2015
vn 0.0563 -0.9943 -0.0909
vn 0.8143 -0.1999 0.5449
vn 0.2628 0.9156 0.3044
vn 0.7785 -0.3853 0.4955
vn 0.4100 0.8220 0.3953
vn 0.7130 -0.5561 0.4271
vn 0.5411 0.6968 0.4709
vn 0.0928 0.9719 0.2161
vn 0.0438 -0.9961 -0.0763
vn 0.6878 -0.2186 0.6922
vn 0.2258 0.9101 0.3475
vn 0.6568 -0.4033 0.6372
vn 0.3498 0.8131 0.4653
vn 0.6007 -0.5728 0.5578
vn 0.4602 0.6848 0.5650
vn 0.5215 -0.7206 0.4569
vn 0.5527 0.5304 0.6428
vn 0.4222 -0.8410 0.3383
vn 0.6238 0.3560 0.6958
vn 0.3065 -0.9292 0.2065
vn 0.6710 0.1683 0.7221
vn 0.1787 -0.9817 0.0665
vn 0.6926 -0.0257 0.7209
vn 0.4336 0.5195 0.7363
vn 0.3244 -0.8500 0.4151
vn 0.4880 0.3436 0.8024
vn 0.2337 -0.9359 0.2636
vn 0.5238 0.1548 0.8377
vn 0.1338 -0.9858 0.1017
vn 0.5395 -0.0397 0.8410
vn 0.0777 0.9706 0.2280
vn 0.0287 -0.9975 -0.0644
vn 0.5347 -0.2327 0.8124
vn 0.1809 0.9060 0.3827
vn 0.5096 -0.4168 0.7528
vn 0.2771 0.8064 0.5225
vn 0.4649 -0.5852 0.6644
vn 0.3624 0.6758 0.6418
vn 0.4024 -0.7315 0.5504
vn 0.3610 -0.2415 0.9008
vn 0.1300 0.9034 0.4086
vn 0.3425 -0.4253 0.8378
vn 0.1945 0.8022 0.5645
vn 0.3108 -0.5930 0.7428
vn 0.2513 0.6702 0.6983
vn 0.2672 -0.7384 0.6192
vn 0.2984 0.5127 0.8051
vn 0.2133 -0.8556 0.4716
vn 0.3339 0.3358 0.8808
vn 0.1511 -0.9401 0.3056
vn 0.3567 0.1463 0.9227
vn 0.0829 -0.9884 0.1276
vn 0.3658 -0.0485 0.9294
vn 0.0605 0.9697 0.2368
vn 0.0115 -0.9984 -0.0556
vn 0.0934 -0.8577 0.5057
vn 0.1675 0.3329 0.9280
vn 0.0619 -0.9416 0.3309
vn 0.1762 0.1432 0.9739
vn 0.0279 -0.9893 0.1431
vn 0.1781 -0.0518 0.9826
vn 0.0419 0.9694 0.2420
vn -0.0071 -0.9987 -0.0504
vn 0.1733 -0.2447 0.9540
vn 0.0750 0.9024 0.4242
vn 0.1619 -0.4284 0.8890
vn 0.1052 0.8007 0.5898
vn 0.1443 -0.5959 0.7900
vn 0.1313 0.6681 0.7324
vn 0.1212 -0.7409 0.6606
vn 0.1523 0.5101 0.8465
vn -0.0251 -0.4260 0.9044
vn 0.0128 0.8018 0.5974
vn -0.0281 -0.5937 0.8042
vn 0.0070 0.6697 0.7426
vn -0.0301 -0.7390 0.6731
vn 0.0010 0.5121 0.8590
vn -0.0309 -0.8561 0.5159
vn -0.0050 0.3351 0.9422
vn -0.0306 -0.9405 0.3386
vn -0.0109 0.1456 0.9893
vn -0.0290 -0.9886 0.1478
vn -0.0163 -0.0493 0.9987
vn 0.0226 0.9696 0.2436
vn -0.0263 -0.9985 -0.0488
vn -0.0211 -0.2422 0.9700
vn 0.0181 0.9032 0.4289
vn -0.1227 -0.9366 0.3282
vn -0.1972 0.1533 0.9683
vn -0.0858 -0.9862 0.1414
vn -0.2100 -0.0413 0.9768
vn 0.0035 0.9704 0.2414
vn -0.0455 -0.9977 -0.0510
vn -0.2148 -0.2342 0.9482
vn -0.0387 0.9055 0.4225
vn -0.2114 -0.4183 0.8834
vn -0.0793 0.8057 0.5870
vn -0.2000 -0.5866 0.7848
vn -0.1168 0.6749 0.7286
vn -0.1809 -0.7327 0.6561
vn -0.1497 0.5183 0.8420
vn -0.1548 -0.8509 0.5020
vn -0.1768 0.3422 0.9228
vn -0.1675 0.8120 0.5591
vn -0.3646 -0.5747 0.7327
vn -0.2354 0.6834 0.6911
vn -0.3253 -0.7223 0.6103
vn -0.2941 0.5287 0.7962
vn -0.2734 -0.8424 0.4644
vn -0.3414 0.3541 0.8707
vn -0.2109 -0.9303 0.3002
vn -0.3757 0.1662 0.9117
vn -0.1401 -0.9823 0.1242
vn -0.3955 -0.0279 0.9180
vn -0.0149 0.9717 0.2356
vn -0.0639 -0.9963 -0.0568
vn -0.4003 -0.2208 0.8894
vn -0.0930 0.9094 0.4053
vn -0.3899 -0.4054 0.8268
vn -0.5394 0.1836 0.8218
vn -0.1900 -0.9770 0.0968
vn -0.5658 -0.0098 0.8245
vn -0.0317 0.9735 0.2264
vn -0.0807 -0.9945 -0.0660
vn -0.5706 -0.2027 0.7958
vn -0.1429 0.9148 0.3779
vn -0.5537 -0.3880 0.7368
vn -0.2484 0.8206 0.5146
vn -0.5156 -0.5586 0.6497
vn -0.3442 0.6950 0.6313
vn -0.4577 -0.7082 0.5376
vn -0.4266 0.5428 0.7234
vn -0.3822 -0.8308 0.4046
vn -0.4925 0.3702 0.7877
vn -0.2918 -0.9216 0.2558
vn -0.6473 -0.5389 0.5391
vn -0.4391 0.7092 0.5516
vn -0.5733 -0.6909 0.4405
vn -0.5421 0.5601 0.6264
vn -0.4771 -0.8166 0.3249
vn -0.6241 0.3899 0.6771
vn -0.3624 -0.9111 0.1965
vn -0.6822 0.2050 0.7018
vn -0.2335 -0.9705 0.0603
vn -0.7142 0.0125 0.6998
vn -0.0464 0.9757 0.2140
vn -0.0954 -0.9923 -0.0784
vn -0.7190 -0.1805 0.6712
vn -0.1864 0.9213 0.3414
vn -0.6964 -0.3666 0.6169
vn -0.3190 0.8312 0.4553
vn -0.2689 -0.9630 0.0161
vn -0.8351 0.0379 0.5488
vn -0.0584 0.9782 0.1991
vn -0.1074 -0.9898 -0.0933
vn -0.8399 -0.1550 0.5201
vn -0.2218 0.9287 0.2971
vn -0.8127 -0.3421 0.4717
vn -0.3765 0.8433 0.3835
vn -0.7545 -0.5163 0.4051
vn -0.5164 0.7255 0.4550
vn -0.6673 -0.6711 0.3230
vn -0.6362 0.5799 0.5089
vn -0.5544 -0.8003 0.2283
vn -0.7314 0.4124 0.5431
vn -0.4199 -0.8990 0.1247
vn -0.7985 0.2294 0.5566
vn -0.5731 0.7432 0.3454
vn -0.7363 -0.6495 0.1895
vn -0.7052 0.6015 0.3754
vn -0.6111 -0.7826 0.1187
vn -0.8100 0.4370 0.3910
vn -0.4620 -0.8858 0.0431
vn -0.8838 0.2561 0.3916
vn -0.2949 -0.9549 -0.0342
vn -0.9238 0.0656 0.3773
vn -0.0672 0.9810 0.1821
vn -0.1162 -0.9871 -0.1103
vn -0.9286 -0.1273 0.3486
vn -0.2478 0.9368 0.2469
vn -0.8980 -0.3155 0.3066
vn -0.4187 0.8565 0.3020
vn -0.8332 -0.4918 0.2530
vn -0.9769 0.0945 0.1918
vn -0.0724 0.9838 0.1638
vn -0.1214 -0.9842 -0.1286
vn -0.9817 -0.0984 0.1631
vn -0.2633 0.9453 0.1925
vn -0.9491 -0.2877 0.1282
vn -0.4439 0.8702 0.2138
vn -0.8803 -0.4661 0.0884
vn -0.6070 0.7616 0.2268
vn -0.7777 -0.6270 0.0451
vn -0.7465 0.6240 0.2310
vn -0.6450 -0.7642 0.0001
vn -0.8572 0.4626 0.2264
vn -0.4873 -0.8721 -0.0451
vn -0.9349 0.2839 0.2131
vn -0.3104 -0.9465 -0.0886
vn -0.7897 -0.6045 -0.1045
vn -0.7586 0.6465 0.0814
vn -0.6549 -0.7457 -0.1229
vn -0.8709 0.4883 0.0558
vn -0.4946 -0.8583 -0.1365
vn -0.9498 0.3117 0.0281
vn -0.3150 -0.9380 -0.1449
vn -0.9924 0.1234 -0.0006
vn -0.0739 0.9867 0.1447
vn -0.1229 -0.9814 -0.1477
vn -0.9972 -0.0695 -0.0292
vn -0.2679 0.9538 0.1362
vn -0.9640 -0.2598 -0.0568
vn -0.4513 0.8840 0.1224
vn -0.8940 -0.4405 -0.0822
vn -0.6169 0.7801 0.1038
vn -0.1207 -0.9786 -0.1667
vn -0.9744 -0.0416 -0.2210
vn -0.2612 0.9620 0.0800
vn -0.9421 -0.2330 -0.2412
vn -0.4404 0.8972 0.0312
vn -0.8738 -0.4157 -0.2523
vn -0.6024 0.7980 -0.0187
vn -0.7720 -0.5828 -0.2537
vn -0.7409 0.6682 -0.0679
vn -0.6404 -0.7278 -0.2454
vn -0.8507 0.5131 -0.1143
vn -0.4838 -0.8450 -0.2277
vn -0.9279 0.3386 -0.1563
vn -0.3083 -0.9298 -0.2011
vn -0.9696 0.1514 -0.1923
vn -0.0717 0.9895 0.1258
vn -0.6019 -0.7113 -0.3629
vn -0.7974 0.5360 -0.2774
vn -0.4552 -0.8328 -0.3151
vn -0.8700 0.3634 -0.3331
vn -0.2907 -0.9222 -0.2549
vn -0.9095 0.1772 -0.3761
vn -0.0657 0.9920 0.1076
vn -0.1147 -0.9760 -0.1848
vn -0.9143 -0.0157 -0.4048
vn -0.2436 0.9695 0.0261
vn -0.8843 -0.2081 -0.4180
vn -0.4119 0.9095 -0.0562
vn -0.8205 -0.3928 -0.4153
vn -0.5639 0.8145 -0.1362
vn -0.7252 -0.5627 -0.3968
vn -0.6941 0.6883 -0.2109
vn -0.2157 0.9762 -0.0233
vn -0.7927 -0.1863 -0.5804
vn -0.3666 0.9203 -0.1365
vn -0.7361 -0.3726 -0.5651
vn -0.5031 0.8290 -0.2442
vn -0.6512 -0.5450 -0.5281
vn -0.6200 0.7060 -0.3423
vn -0.5411 -0.6968 -0.4708
vn -0.7130 0.5561 -0.4271
vn -0.4100 -0.8220 -0.3953
vn -0.7785 0.3853 -0.4955
vn -0.2628 -0.9156 -0.3044
vn -0.8143 0.1999 -0.5449
vn -0.0563 0.9943 0.0909
vn -0.1053 -0.9738 -0.2015
vn -0.8191 0.0070 -0.5736
vn -0.6007 0.5728 -0.5578
vn -0.3498 -0.8131 -0.4653
vn -0.6568 0.4033 -0.6372
vn -0.2258 -0.9101 -0.3475
vn -0.6878 0.2186 -0.6922
vn -0.0438 0.9961 0.0763
vn -0.0928 -0.9719 -0.2161
vn -0.6926 0.0257 -0.7209
vn -0.1787 0.9817 -0.0665
vn -0.6710 -0.1683 -0.7221
vn -0.3065 0.9292 -0.2065
vn -0.6238 -0.3560 -0.6958
vn -0.4222 0.8410 -0.3383
vn -0.5527 -0.5304 -0.6428
vn -0.5215 0.7206 -0.4569
vn -0.4602 -0.6848 -0.5650
vn -0.5238 -0.1548 -0.8377
vn -0.2337 0.9359 -0.2636
vn -0.4880 -0.3436 -0.8024
vn -0.3244 0.8500 -0.4151
vn -0.4336 -0.5195 -0.7363
vn -0.4024 0.7315 -0.5504
vn -0.3624 -0.6758 -0.6418
vn -0.4649 0.5852 -0.6644
vn -0.2771 -0.8064 -0.5225
vn -0.5096 0.4168 -0.7528
vn -0.1809 -0.9060 -0.3827
vn -0.5347 0.2327 -0.8124
vn -0.0287 0.9975 0.0644
vn -0.0777 -0.9706 -0.2280
vn -0.5395 0.0397 -0.8410
vn -0.1338 0.9858 -0.1017
vn -0.1945 -0.8022 -0.5645
vn -0.3425 0.4253 -0.8378
vn -0.1300 -0.9034 -0.4086
vn -0.3610 0.2415 -0.9008
vn -0.0115 0.9984 0.0556
vn -0.0605 -0.9697 -0.2368
vn -0.3658 0.0485 -0.9294
vn -0.0829 0.9884 -0.1276
vn -0.3567 -0.1463 -0.9227
vn -0.1511 0.9401 -0.3056
vn -0.3339 -0.3358 -0.8808
vn -0.2133 0.8556 -0.4716
vn -0.2984 -0.5127 -0.8051
vn -0.2672 0.7384 -0.6192
vn -0.2513 -0.6702 -0.6983
vn -0.3108 0.5930 -0.7428
vn -0.0619 0.9416 -0.3309
vn -0.1675 -0.3329 -0.9280
vn -0.0934 0.8577 -0.5057
vn -0.1523 -0.5101 -0.8465
vn -0.1212 0.7409 -0.6606
vn -0.1313 -0.6681 -0.7324
vn -0.1443 0.5959 -0.7900
vn -0.1052 -0.8007 -0.5898
vn -0.1619 0.4284 -0.8890
vn -0.0750 -0.9024 -0.4242
vn -0.1733 0.2447 -0.9540
vn 0.0071 0.9987 0.0504
vn -0.0419 -0.9694 -0.2420
vn -0.1781 0.0518 -0.9826
vn -0.0279 0.9893 -0.1432
vn -0.1762 -0.1432 -0.9739
vn 0.0251 0.4260 -0.9044
vn -0.0181 -0.9032 -0.4289
vn 0.0211 0.2422 -0.9700
vn 0.0263 0.9985 0.0488
vn -0.0226 -0.9696 -0.2436
vn 0.0163 0.0493 -0.9987
vn 0.0290 0.9886 -0.1478
vn 0.0109 -0.1456 -0.9893
vn 0.0306 0.9405 -0.3386
vn 0.0050 -0.3351 -0.9422
vn 0.0309 0.8561 -0.5159
vn -0.0010 -0.5121 -0.8590
vn 0.0301 0.7390 -0.6731
vn -0.0070 -0.6697 -0.7426
vn 0.0281 0.5937 -0.8042
vn -0.0128 -0.8018 -0.5974
vn 0.1768 -0.3422 -0.9228
vn 0.1548 0.8509 -0.5020
vn 0.1497 -0.5183 -0.8420
vn 0.1809 0.7327 -0.6561
vn 0.1168 -0.6749 -0.7286
vn 0.2000 0.5866 -0.7848
vn 0.0793 -0.8057 -0.5870
vn 0.2114 0.4182 -0.8834
vn 0.0387 -0.9055 -0.4225
vn 0.2148 0.2342 -0.9482
vn 0.0455 0.9977 0.0510
vn -0.0035 -0.9704 -0.2415
vn 0.2100 0.0413 -0.9768
vn 0.0858 0.9862 -0.1414
vn 0.1972 -0.1533 -0.9683
vn 0.1227 0.9366 -0.3282
vn 0.0930 -0.9094 -0.4053
vn 0.4003 0.2208 -0.8894
vn 0.0639 0.9963 0.0568
vn 0.0149 -0.9717 -0.2356
vn 0.3955 0.0279 -0.9180
vn 0.1401 0.9823 -0.1242
vn 0.3757 -0.1662 -0.9117
vn 0.2109 0.9303 -0.3002
vn 0.3414 -0.3541 -0.8707
vn 0.2734 0.8424 -0.4644
vn 0.2941 -0.5287 -0.7962
vn 0.3253 0.7223 -0.6103
vn 0.2354 -0.6834 -0.6911
vn 0.3646 0.5747 -0.7327
vn 0.1675 -0.8120 -0.5591
vn 0.3899 0.4054 -0.8268
vt 0.750000 0.062500
vt 0.750000 0.125000
vt 0.718750 0.125000
vt 0.718750 0.062500
vt 0.750000 0.500000
vt 0.750000 0.562500
vt 0.718750 0.562500
vt 0.718750 0.500000
vt 0.750000 0.937500
vt 0.734375 1.000000
vt 0.718750 0.937500
vt 0.734375 0.000000
vt 0.750000 0.437500
vt 0.718750 0.437500
vt 0.750000 0.875000
vt 0.718750 0.875000
vt 0.750000 0.375000
vt 0.718750 0.375000
vt 0.750000 0.812500
vt 0.718750 0.812500
vt 0.750000 0.312500
vt 0.718750 0.312500
vt 0.750000 0.750000
vt 0.718750 0.750000
vt 0.750000 0.250000
vt 0.718750 0.250000
vt 0.750000 0.687500
vt 0.718750 0.687500
vt 0.750000 0.187500
vt 0.718750 0.187500
vt 0.750000 0.625000
vt 0.718750 0.625000
vt 0.687500 0.687500
vt 0.687500 0.625000
vt 0.687500 0.187500
vt 0.687500 0.125000
vt 0.687500 0.562500
vt 0.687500 0.062500
vt 0.687500 0.500000
vt 0.703125 1.000000
vt 0.687500 0.937500
vt 0.703125 0.000000
vt 0.687500 0.437500
vt 0.687500 0.875000
vt 0.687500 0.375000
vt 0.687500 0.812500
vt 0.687500 0.312500
vt 0.687500 0.750000
vt 0.687500 0.250000
vt 0.656250 0.437500
vt 0.656250 0.375000
vt 0.656250 0.875000
vt 0.656250 0.812500
vt 0.656250 0.312500
vt 0.656250 0.750000
vt 0.656250 0.250000
vt 0.656250 0.687500
vt 0.656250 0.187500
vt 0.656250 0.625000
vt 0.656250 0.125000
vt 0.656250 0.562500
vt 0.656250 0.062500
vt 0.656250 0.500000
vt 0.671875 1.000000
vt 0.656250 0.937500
vt 0.671875 0.000000
vt 0.625000 0.187500
vt 0.625000 0.125000
vt 0.625000 0.625000
vt 0.625000 0.562500
vt 0.625000 0.062500
vt 0.625000 0.500000
vt 0.640625 1.000000
vt 0.625000 0.937500
vt 0.640625 0.000000
vt 0.625000 0.437500
vt 0.625000 0.875000
vt 0.625000 0.375000
vt 0.625000 0.812500
vt 0.625000 0.312500
vt 0.625000 0.750000
vt 0.625000 0.250000
vt 0.625000 0.687500
vt 0.593750 0.375000
vt 0.593750 0.312500
vt 0.593750 0.812500
vt 0.593750 0.750000
vt 0.593750 0.250000
vt 0.593750 0.687500
vt 0.593750 0.187500
vt 0.593750 0.625000
vt 0.593750 0.125000
vt 0.593750 0.562500
vt 0.593750 0.062500
vt 0.593750 0.500000
vt 0.609375 1.000000
vt 0.593750 0.937500
vt 0.609375 0.000000
vt 0.593750 0.437500
vt 0.593750 0.875000
vt 0.562500 0.125000
vt 0.562500 0.062500
vt 0.562500 0.562500
vt 0.562500 0.500000
vt 0.578125 1.000000
vt 0.562500 0.937500
vt 0.578125 0.000000
vt 0.562500 0.437500
vt 0.562500 0.875000
vt 0.562500 0.375000
vt 0.562500 0.812500
vt 0.562500 0.312500
vt 0.562500 0.750000
vt 0.562500 0.250000
vt 0.562500 0.687500
vt 0.562500 0.187500
vt 0.562500 0.625000
vt 0.531250 0.812500
vt 0.531250 0.750000
vt 0.531250 0.312500
vt 0.531250 0.250000
vt 0.531250 0.687500
vt 0.531250 0.187500
vt 0.531250 0.625000
vt 0.531250 0.125000
vt 0.531250 0.562500
vt 0.531250 0.062500
vt 0.531250 0.500000
vt 0.546875 1.000000
vt 0.531250 0.937500
vt 0.546875 0.000000
vt 0.531250 0.437500
vt 0.531250 0.875000
vt 0.531250 0.375000
vt 0.500000 0.562500
vt 0.500000 0.500000
vt 0.515625 1.000000
vt 0.500000 0.937500
vt 0.515625 0.000000
vt 0.500000 0.062500
vt 0.500000 0.437500
vt 0.500000 0.875000
vt 0.500000 0.375000
vt 0.500000 0.812500
vt 0.500000 0.312500
vt 0.500000 0.750000
vt 0.500000 0.250000
vt 0.500000 0.687500
vt 0.500000 0.187500
vt 0.500000 0.625000
vt 0.500000 0.125000
vt 0.468750 0.312500
vt 0.468750 0.250000
vt 0.468750 0.750000
vt 0.468750 0.687500
vt 0.468750 0.187500
vt 0.468750 0.625000
vt 0.468750 0.125000
vt 0.468750 0.562500
vt 0.468750 0.062500
vt 0.468750 0.500000
vt 0.484375 1.000000
vt 0.468750 0.937500
vt 0.484375 0.000000
vt 0.468750 0.437500
vt 0.468750 0.875000
vt 0.468750 0.375000
vt 0.468750 0.812500
vt 0.453125 1.000000
vt 0.437500 0.937500
vt 0.453125 0.000000
vt 0.437500 0.062500
vt 0.437500 0.500000
vt 0.437500 0.437500
vt 0.437500 0.875000
vt 0.437500 0.375000
vt 0.437500 0.812500
vt 0.437500 0.312500
vt 0.437500 0.750000
vt 0.437500 0.250000
vt 0.437500 0.687500
vt 0.437500 0.187500
vt 0.437500 0.625000
vt 0.437500 0.125000
vt 0.437500 0.562500
vt 0.406250 0.750000
vt 0.406250 0.687500
vt 0.406250 0.250000
vt 0.406250 0.187500
vt 0.406250 0.625000
vt 0.406250 0.125000
vt 0.406250 0.562500
vt 0.406250 0.062500
vt 0.406250 0.500000
vt 0.421875 1.000000
vt 0.406250 0.937500
vt 0.421875 0.000000
vt 0.406250 0.437500
vt 0.406250 0.875000
vt 0.406250 0.375000
vt 0.406250 0.812500
vt 0.406250 0.312500
vt 0.375000 0.500000
vt 0.375000 0.437500
vt 0.375000 0.937500
vt 0.375000 0.875000
vt 0.375000 0.375000
vt 0.375000 0.812500
vt 0.375000 0.312500
vt 0.375000 0.750000
vt 0.375000 0.250000
vt 0.375000 0.687500
vt 0.375000 0.187500
vt 0.375000 0.625000
vt 0.375000 0.125000
vt 0.375000 0.562500
vt 0.375000 0.062500
vt 0.390625 1.000000
vt 0.390625 0.000000
vt 0.343750 0.250000
vt 0.343750 0.187500
vt 0.343750 0.687500
vt 0.343750 0.625000
vt 0.343750 0.125000
vt 0.343750 0.562500
vt 0.343750 0.062500
vt 0.343750 0.500000
vt 0.359375 1.000000
vt 0.343750 0.937500
vt 0.359375 0.000000
vt 0.343750 0.437500
vt 0.343750 0.875000
vt 0.343750 0.375000
vt 0.343750 0.812500
vt 0.343750 0.312500
vt 0.343750 0.750000
vt 0.312500 0.437500
vt 0.312500 0.375000
vt 0.312500 0.875000
vt 0.312500 0.812500
vt 0.312500 0.312500
vt 0.312500 0.750000
vt 0.312500 0.250000
vt 0.312500 0.687500
vt 0.312500 0.187500
vt 0.312500 0.625000
vt 0.312500 0.125000
vt 0.312500 0.562500
vt 0.312500 0.062500
vt 0.312500 0.500000
vt 0.328125 1.000000
vt 0.312500 0.937500
vt 0.328125 0.000000
vt 0.281250 0.187500
vt 0.281250 0.125000
vt 0.281250 0.625000
vt 0.281250 0.562500
vt 0.281250 0.062500
vt 0.281250 0.500000
vt 0.296875 1.000000
vt 0.281250 0.937500
vt 0.296875 0.000000
vt 0.281250 0.437500
vt 0.281250 0.875000
vt 0.281250 0.375000
vt 0.281250 0.812500
vt 0.281250 0.312500
vt 0.281250 0.750000
vt 0.281250 0.250000
vt 0.281250 0.687500
vt 0.250000 0.875000
vt 0.250000 0.812500
vt 0.250000 0.375000
vt 0.250000 0.312500
vt 0.250000 0.750000
vt 0.250000 0.250000
vt 0.250000 0.687500
vt 0.250000 0.187500
vt 0.250000 0.625000
vt 0.250000 0.125000
vt 0.250000 0.562500
vt 0.250000 0.062500
vt 0.250000 0.500000
vt 0.265625 1.000000
vt 0.250000 0.937500
vt 0.265625 0.000000
vt 0.250000 0.437500
vt 0.218750 0.625000
vt 0.218750 0.562500
vt 0.218750 0.125000
vt 0.218750 0.062500
vt 0.218750 0.500000
vt 0.234375 1.000000
vt 0.218750 0.937500
vt 0.234375 0.000000
vt 0.218750 0.437500
vt 0.218750 0.875000
vt 0.218750 0.375000
vt 0.218750 0.812500
vt 0.218750 0.312500
vt 0.218750 0.750000
vt 0.218750 0.250000
vt 0.218750 0.687500
vt 0.218750 0.187500
vt 0.187500 0.375000
vt 0.187500 0.312500
vt 0.187500 0.812500
vt 0.187500 0.750000
vt 0.187500 0.250000
vt 0.187500 0.687500
vt 0.187500 0.187500
vt 0.187500 0.625000
vt 0.187500 0.125000
vt 0.187500 0.562500
vt 0.187500 0.062500
vt 0.187500 0.500000
vt 0.203125 1.000000
vt 0.187500 0.937500
vt 0.203125 0.000000
vt 0.187500 0.437500
vt 0.187500 0.875000
vt 0.156250 0.125000
vt 0.156250 0.062500
vt 0.156250 0.562500
vt 0.156250 0.500000
vt 0.171875 1.000000
vt 0.156250 0.937500
vt 0.171875 0.000000
vt 0.156250 0.437500
vt 0.156250 0.875000
vt 0.156250 0.375000
vt 0.156250 0.812500
vt 0.156250 0.312500
vt 0.156250 0.750000
vt 0.156250 0.250000
vt 0.156250 0.687500
vt 0.156250 0.187500
vt 0.156250 0.625000
vt 0.125000 0.812500
vt 0.125000 0.750000
vt 0.125000 0.312500
vt 0.125000 0.250000
vt 0.125000 0.687500
vt 0.125000 0.187500
vt 0.125000 0.625000
vt 0.125000 0.125000
vt 0.125000 0.562500
vt 0.125000 0.062500
vt 0.125000 0.500000
vt 0.140625 1.000000
vt 0.125000 0.937500
vt 0.140625 0.000000
vt 0.125000 0.437500
vt 0.125000 0.875000
vt 0.125000 0.375000
vt 0.093750 0.562500
vt 0.093750 0.500000
vt 0.109375 1.000000
vt 0.093750 0.937500
vt 0.109375 0.000000
vt 0.093750 0.062500
vt 0.093750 0.437500
vt 0.093750 0.875000
vt 0.093750 0.375000
vt 0.093750 0.812500
vt 0.093750 0.312500
vt 0.093750 0.750000
vt 0.093750 0.250000
vt 0.093750 0.687500
vt 0.093750 0.187500
vt 0.093750 0.625000
vt 0.093750 0.125000
vt 0.062500 0.312500
vt 0.062500 0.250000
vt 0.062500 0.750000
vt 0.062500 0.687500
vt 0.062500 0.187500
vt 0.062500 0.625000
vt 0.062500 0.125000
vt 0.062500 0.562500
vt 0.062500 0.062500
vt 0.062500 0.500000
vt 0.078125 1.000000
vt 0.062500 0.937500
vt 0.078125 0.000000
vt 0.062500 0.437500
vt 0.062500 0.875000
vt 0.062500 0.375000
vt 0.062500 0.812500
vt 0.046875 0.000000
vt 0.031250 0.062500
vt 0.031250 0.500000
vt 0.031250 0.437500
vt 0.031250 0.937500
vt 0.031250 0.875000
vt 0.031250 0.375000
vt 0.031250 0.812500
vt 0.031250 0.312500
vt 0.031250 0.750000
vt 0.031250 0.250000
vt 0.031250 0.687500
vt 0.031250 0.187500
vt 0.031250 0.625000
vt 0.031250 0.125000
vt 0.031250 0.562500
vt 0.046875 1.000000
vt 0.000000 0.250000
vt 0.000000 0.187500
vt 0.000000 0.687500
vt 0.000000 0.625000
vt 0.000000 0.125000
vt 0.000000 0.562500
vt 0.000000 0.062500
vt 0.000000 0.500000
vt 0.015625 1.000000
vt 0.000000 0.937500
vt 0.015625 0.000000
vt 0.000000 0.437500
vt 0.000000 0.875000
vt 0.000000 0.375000
vt 0.000000 0.812500
vt 0.000000 0.312500
vt 0.000000 0.750000
vt 1.000000 0.875000
vt 1.000000 0.937500
vt 0.968750 0.937500
vt 0.968750 0.875000
vt 1.000000 0.375000
vt 1.000000 0.437500
vt 0.968750 0.437500
vt 0.968750 0.375000
vt 1.000000 0.812500
vt 0.968750 0.812500
vt 1.000000 0.312500
vt 0.968750 0.312500
vt 1.000000 0.750000
vt 0.968750 0.750000
vt 1.000000 0.250000
vt 0.968750 0.250000
vt 1.000000 0.687500
vt 0.968750 0.687500
vt 1.000000 0.187500
vt 0.968750 0.187500
vt 1.000000 0.625000
vt 0.968750 0.625000
vt 1.000000 0.125000
vt 0.968750 0.125000
vt 1.000000 0.562500
vt 0.968750 0.562500
vt 1.000000 0.062500
vt 0.968750 0.062500
vt 1.000000 0.500000
vt 0.968750 0.500000
vt 0.984375 1.000000
vt 0.984375 0.000000
vt 0.937500 0.687500
vt 0.937500 0.625000
vt 0.937500 0.187500
vt 0.937500 0.125000
vt 0.937500 0.562500
vt 0.937500 0.062500
vt 0.937500 0.500000
vt 0.953125 1.000000
vt 0.937500 0.937500
vt 0.953125 0.000000
vt 0.937500 0.437500
vt 0.937500 0.875000
vt 0.937500 0.375000
vt 0.937500 0.812500
vt 0.937500 0.312500
vt 0.937500 0.750000
vt 0.937500 0.250000
vt 0.906250 0.437500
vt 0.906250 0.375000
vt 0.906250 0.875000
vt 0.906250 0.812500
vt 0.906250 0.312500
vt 0.906250 0.750000
vt 0.906250 0.250000
vt 0.906250 0.687500
vt 0.906250 0.187500
vt 0.906250 0.625000
vt 0.906250 0.125000
vt 0.906250 0.562500
vt 0.906250 0.062500
vt 0.906250 0.500000
vt 0.921875 1.000000
vt 0.906250 0.937500
vt 0.921875 0.000000
vt 0.875000 0.187500
vt 0.875000 0.125000
vt 0.875000 0.625000
vt 0.875000 0.562500
vt 0.875000 0.062500
vt 0.875000 0.500000
vt 0.890625 1.000000
vt 0.875000 0.937500
vt 0.890625 0.000000
vt 0.875000 0.437500
vt 0.875000 0.875000
vt 0.875000 0.375000
vt 0.875000 0.812500
vt 0.875000 0.312500
vt 0.875000 0.750000
vt 0.875000 0.250000
vt 0.875000 0.687500
vt 0.843750 0.875000
vt 0.843750 0.812500
vt 0.843750 0.375000
vt 0.843750 0.312500
vt 0.843750 0.750000
vt 0.843750 0.250000
vt 0.843750 0.687500
vt 0.843750 0.187500
vt 0.843750 0.625000
vt 0.843750 0.125000
vt 0.843750 0.562500
vt 0.843750 0.062500
vt 0.843750 0.500000
vt 0.859375 1.000000
vt 0.843750 0.937500
vt 0.859375 0.000000
vt 0.843750 0.437500
vt 0.812500 0.625000
vt 0.812500 0.562500
vt 0.812500 0.125000
vt 0.812500 0.062500
vt 0.812500 0.500000
vt 0.828125 1.000000
vt 0.812500 0.937500
vt 0.828125 0.000000
vt 0.812500 0.437500
vt 0.812500 0.875000
vt 0.812500 0.375000
vt 0.812500 0.812500
vt 0.812500 0.312500
vt 0.812500 0.750000
vt 0.812500 0.250000
vt 0.812500 0.687500
vt 0.812500 0.187500
vt 0.781250 0.375000
vt 0.781250 0.312500
vt 0.781250 0.812500
vt 0.781250 0.750000
vt 0.781250 0.250000
vt 0.781250 0.687500
vt 0.781250 0.187500
vt 0.781250 0.625000
vt 0.781250 0.125000
vt 0.781250 0.562500
vt 0.781250 0.062500
vt 0.781250 0.500000
vt 0.796875 1.000000
vt 0.781250 0.937500
vt 0.796875 0.000000
vt 0.781250 0.437500
vt 0.781250 0.875000
vt 0.765625 1.000000
vt 0.765625 0.000000
s 0
usemtl tree.003
f 6094/7171/5526 6093/7172/5526 5632/7173/5526 5633/7174/5526
f 5616/7175/5527 5615/7176/5527 5625/7177/5527 5626/7178/5527
f 6086/7179/5528 5694/7180/5528 5619/7181/5528
f 5920/7182/5529 6094/7171/5529 5633/7174/5529
f 5617/7183/5530 5616/7175/5530 5626/7178/5530 5627/7184/5530
f 6087/7185/5531 6086/7179/5531 5619/7181/5531 5620/7186/5531
f 6090/7187/5532 5617/7183/5532 5627/7184/5532 5628/7188/5532
f 5613/7189/5533 6087/7185/5533 5620/7186/5533 5621/7190/5533
f 5618/7191/5534 6090/7187/5534 5628/7188/5534 5629/7192/5534
f 6088/7193/5535 5613/7189/5535 5621/7190/5535 5622/7194/5535
f 6091/7195/5536 5618/7191/5536 5629/7192/5536 5630/7196/5536
f 5614/7197/5537 6088/7193/5537 5622/7194/5537 5623/7198/5537
f 6092/7199/5538 6091/7195/5538 5630/7196/5538 5631/7200/5538
f 6089/7201/5539 5614/7197/5539 5623/7198/5539 5624/7202/5539
f 6093/7172/5540 6092/7199/5540 5631/7200/5540 5632/7173/5540
f 5615/7176/5541 6089/7201/5541 5624/7202/5541 5625/7177/5541
f 5624/7202/5542 5623/7198/5542 5638/7203/5542 5639/7204/5542
f 5632/7173/5543 5631/7200/5543 5646/7205/5543 5647/7206/5543
f 5625/7177/5544 5624/7202/5544 5639/7204/5544 5640/7207/5544
f 5633/7174/5545 5632/7173/5545 5647/7206/5545 5648/7208/5545
f 5626/7178/5546 5625/7177/5546 5640/7207/5546 5641/7209/5546
f 5619/7181/5547 5694/7210/5547 5634/7211/5547
f 5920/7212/5548 5633/7174/5548 5648/7208/5548
f 5627/7184/5549 5626/7178/5549 5641/7209/5549 5642/7213/5549
f 5620/7186/5550 5619/7181/5550 5634/7211/5550 5635/7214/5550
f 5628/7188/5551 5627/7184/5551 5642/7213/5551 5643/7215/5551
f 5621/7190/5552 5620/7186/5552 5635/7214/5552 5636/7216/5552
f 5629/7192/5553 5628/7188/5553 5643/7215/5553 5644/7217/5553
f 5622/7194/5554 5621/7190/5554 5636/7216/5554 5637/7218/5554
f 5630/7196/5555 5629/7192/5555 5644/7217/5555 5645/7219/5555
f 5623/7198/5556 5622/7194/5556 5637/7218/5556 5638/7203/5556
f 5631/7200/5557 5630/7196/5557 5645/7219/5557 5646/7205/5557
f 5643/7215/5558 5642/7213/5558 5657/7220/5558 5658/7221/5558
f 5636/7216/5559 5635/7214/5559 5650/7222/5559 5651/7223/5559
f 5644/7217/5560 5643/7215/5560 5658/7221/5560 5659/7224/5560
f 5637/7218/5561 5636/7216/5561 5651/7223/5561 5652/7225/5561
f 5645/7219/5562 5644/7217/5562 5659/7224/5562 5660/7226/5562
f 5638/7203/5563 5637/7218/5563 5652/7225/5563 5653/7227/5563
f 5646/7205/5564 5645/7219/5564 5660/7226/5564 5661/7228/5564
f 5639/7204/5565 5638/7203/5565 5653/7227/5565 5654/7229/5565
f 5647/7206/5566 5646/7205/5566 5661/7228/5566 5662/7230/5566
f 5640/7207/5567 5639/7204/5567 5654/7229/5567 5655/7231/5567
f 5648/7208/5568 5647/7206/5568 5662/7230/5568 5663/7232/5568
f 5641/7209/5569 5640/7207/5569 5655/7231/5569 5656/7233/5569
f 5634/7211/5570 5694/7234/5570 5649/7235/5570
f 5920/7236/5571 5648/7208/5571 5663/7232/5571
f 5642/7213/5572 5641/7209/5572 5656/7233/5572 5657/7220/5572
f 5635/7214/5573 5634/7211/5573 5649/7235/5573 5650/7222/5573
f 5662/7230/5574 5661/7228/5574 5676/7237/5574 5677/7238/5574
f 5655/7231/5575 5654/7229/5575 5669/7239/5575 5670/7240/5575
f 5663/7232/5576 5662/7230/5576 5677/7238/5576 5678/7241/5576
f 5656/7233/5577 5655/7231/5577 5670/7240/5577 5671/7242/5577
f 5649/7235/5578 5694/7243/5578 5664/7244/5578
f 5920/7245/5579 5663/7232/5579 5678/7241/5579
f 5657/7220/5580 5656/7233/5580 5671/7242/5580 5672/7246/5580
f 5650/7222/5581 5649/7235/5581 5664/7244/5581 5665/7247/5581
f 5658/7221/5582 5657/7220/5582 5672/7246/5582 5673/7248/5582
f 5651/7223/5583 5650/7222/5583 5665/7247/5583 5666/7249/5583
f 5659/7224/5584 5658/7221/5584 5673/7248/5584 5674/7250/5584
f 5652/7225/5585 5651/7223/5585 5666/7249/5585 5667/7251/5585
f 5660/7226/5586 5659/7224/5586 5674/7250/5586 5675/7252/5586
f 5653/7227/5587 5652/7225/5587 5667/7251/5587 5668/7253/5587
f 5661/7228/5588 5660/7226/5588 5675/7252/5588 5676/7237/5588
f 5654/7229/5589 5653/7227/5589 5668/7253/5589 5669/7239/5589
f 5674/7250/5590 5673/7248/5590 5688/7254/5590 5689/7255/5590
f 5667/7251/5591 5666/7249/5591 5681/7256/5591 5682/7257/5591
f 5675/7252/5592 5674/7250/5592 5689/7255/5592 5690/7258/5592
f 5668/7253/5593 5667/7251/5593 5682/7257/5593 5683/7259/5593
f 5676/7237/5594 5675/7252/5594 5690/7258/5594 5691/7260/5594
f 5669/7239/5595 5668/7253/5595 5683/7259/5595 5684/7261/5595
f 5677/7238/5596 5676/7237/5596 5691/7260/5596 5692/7262/5596
f 5670/7240/5597 5669/7239/5597 5684/7261/5597 5685/7263/5597
f 5678/7241/5598 5677/7238/5598 5692/7262/5598 5693/7264/5598
f 5671/7242/5599 5670/7240/5599 5685/7263/5599 5686/7265/5599
f 5664/7244/5600 5694/7266/5600 5679/7267/5600
f 5920/7268/5601 5678/7241/5601 5693/7264/5601
f 5672/7246/5602 5671/7242/5602 5686/7265/5602 5687/7269/5602
f 5665/7247/5603 5664/7244/5603 5679/7267/5603 5680/7270/5603
f 5673/7248/5604 5672/7246/5604 5687/7269/5604 5688/7254/5604
f 5666/7249/5605 5665/7247/5605 5680/7270/5605 5681/7256/5605
f 5693/7264/5606 5692/7262/5606 5708/7271/5606 5709/7272/5606
f 5686/7265/5607 5685/7263/5607 5701/7273/5607 5702/7274/5607
f 5679/7267/5608 5694/7275/5608 5695/7276/5608
f 5920/7277/5609 5693/7264/5609 5709/7272/5609
f 5687/7269/5610 5686/7265/5610 5702/7274/5610 5703/7278/5610
f 5680/7270/5611 5679/7267/5611 5695/7276/5611 5696/7279/5611
f 5688/7254/5612 5687/7269/5612 5703/7278/5612 5704/7280/5612
f 5681/7256/5613 5680/7270/5613 5696/7279/5613 5697/7281/5613
f 5689/7255/5614 5688/7254/5614 5704/7280/5614 5705/7282/5614
f 5682/7257/5615 5681/7256/5615 5697/7281/5615 5698/7283/5615
f 5690/7258/5616 5689/7255/5616 5705/7282/5616 5706/7284/5616
f 5683/7259/5617 5682/7257/5617 5698/7283/5617 5699/7285/5617
f 5691/7260/5618 5690/7258/5618 5706/7284/5618 5707/7286/5618
f 5684/7261/5619 5683/7259/5619 5699/7285/5619 5700/7287/5619
f 5692/7262/5620 5691/7260/5620 5707/7286/5620 5708/7271/5620
f 5685/7263/5621 5684/7261/5621 5700/7287/5621 5701/7273/5621
f 5698/7283/5622 5697/7281/5622 5712/7288/5622 5713/7289/5622
f 5706/7284/5623 5705/7282/5623 5720/7290/5623 5721/7291/5623
f 5699/7285/5624 5698/7283/5624 5713/7289/5624 5714/7292/5624
f 5707/7286/5625 5706/7284/5625 5721/7291/5625 5722/7293/5625
f 5700/7287/5626 5699/7285/5626 5714/7292/5626 5715/7294/5626
f 5708/7271/5627 5707/7286/5627 5722/7293/5627 5723/7295/5627
f 5701/7273/5628 5700/7287/5628 5715/7294/5628 5716/7296/5628
f 5709/7272/5629 5708/7271/5629 5723/7295/5629 5724/7297/5629
f 5702/7274/5630 5701/7273/5630 5716/7296/5630 5717/7298/5630
f 5695/7276/5631 5694/7299/5631 5710/7300/5631
f 5920/7301/5632 5709/7272/5632 5724/7297/5632
f 5703/7278/5633 5702/7274/5633 5717/7298/5633 5718/7302/5633
f 5696/7279/5634 5695/7276/5634 5710/7300/5634 5711/7303/5634
f 5704/7280/5635 5703/7278/5635 5718/7302/5635 5719/7304/5635
f 5697/7281/5636 5696/7279/5636 5711/7303/5636 5712/7288/5636
f 5705/7282/5637 5704/7280/5637 5719/7304/5637 5720/7290/5637
f 5717/7298/5638 5716/7296/5638 5731/7305/5638 5732/7306/5638
f 5710/7300/5639 5694/7307/5639 5725/7308/5639
f 5920/7309/5640 5724/7297/5640 5739/7310/5640
f 5718/7302/5641 5717/7298/5641 5732/7306/5641 5733/7311/5641
f 5711/7303/5642 5710/7300/5642 5725/7308/5642 5726/7312/5642
f 5719/7304/5643 5718/7302/5643 5733/7311/5643 5734/7313/5643
f 5712/7288/5644 5711/7303/5644 5726/7312/5644 5727/7314/5644
f 5720/7290/5645 5719/7304/5645 5734/7313/5645 5735/7315/5645
f 5713/7289/5646 5712/7288/5646 5727/7314/5646 5728/7316/5646
f 5721/7291/5647 5720/7290/5647 5735/7315/5647 5736/7317/5647
f 5714/7292/5648 5713/7289/5648 5728/7316/5648 5729/7318/5648
f 5722/7293/5649 5721/7291/5649 5736/7317/5649 5737/7319/5649
f 5715/7294/5650 5714/7292/5650 5729/7318/5650 5730/7320/5650
f 5723/7295/5651 5722/7293/5651 5737/7319/5651 5738/7321/5651
f 5716/7296/5652 5715/7294/5652 5730/7320/5652 5731/7305/5652
f 5724/7297/5653 5723/7295/5653 5738/7321/5653 5739/7310/5653
f 5736/7317/5654 5735/7315/5654 5750/7322/5654 5751/7323/5654
f 5729/7318/5655 5728/7316/5655 5743/7324/5655 5744/7325/5655
f 5737/7319/5656 5736/7317/5656 5751/7323/5656 5752/7326/5656
f 5730/7320/5657 5729/7318/5657 5744/7325/5657 5745/7327/5657
f 5738/7321/5658 5737/7319/5658 5752/7326/5658 5753/7328/5658
f 5731/7305/5659 5730/7320/5659 5745/7327/5659 5746/7329/5659
f 5739/7310/5660 5738/7321/5660 5753/7328/5660 5754/7330/5660
f 5732/7306/5661 5731/7305/5661 5746/7329/5661 5747/7331/5661
f 5725/7308/5662 5694/7332/5662 5740/7333/5662
f 5920/7334/5663 5739/7310/5663 5754/7330/5663
f 5733/7311/5664 5732/7306/5664 5747/7331/5664 5748/7335/5664
f 5726/7312/5665 5725/7308/5665 5740/7333/5665 5741/7336/5665
f 5734/7313/5666 5733/7311/5666 5748/7335/5666 5749/7337/5666
f 5727/7314/5667 5726/7312/5667 5741/7336/5667 5742/7338/5667
f 5735/7315/5668 5734/7313/5668 5749/7337/5668 5750/7322/5668
f 5728/7316/5669 5727/7314/5669 5742/7338/5669 5743/7324/5669
f 5740/7333/5670 5694/7339/5670 5755/7340/5670
f 5920/7341/5671 5754/7330/5671 5769/7342/5671
f 5748/7335/5672 5747/7331/5672 5762/7343/5672 5763/7344/5672
f 5741/7336/5673 5740/7333/5673 5755/7340/5673 5756/7345/5673
f 5749/7337/5674 5748/7335/5674 5763/7344/5674 5764/7346/5674
f 5742/7338/5675 5741/7336/5675 5756/7345/5675 5757/7347/5675
f 5750/7322/5676 5749/7337/5676 5764/7346/5676 5765/7348/5676
f 5743/7324/5677 5742/7338/5677 5757/7347/5677 5758/7349/5677
f 5751/7323/5678 5750/7322/5678 5765/7348/5678 5766/7350/5678
f 5744/7325/5679 5743/7324/5679 5758/7349/5679 5759/7351/5679
f 5752/7326/5680 5751/7323/5680 5766/7350/5680 5767/7352/5680
f 5745/7327/5681 5744/7325/5681 5759/7351/5681 5760/7353/5681
f 5753/7328/5682 5752/7326/5682 5767/7352/5682 5768/7354/5682
f 5746/7329/5683 5745/7327/5683 5760/7353/5683 5761/7355/5683
f 5754/7330/5684 5753/7328/5684 5768/7354/5684 5769/7342/5684
f 5747/7331/5685 5746/7329/5685 5761/7355/5685 5762/7343/5685
f 5759/7351/5686 5758/7349/5686 5773/7356/5686 5774/7357/5686
f 5767/7352/5687 5766/7350/5687 5781/7358/5687 5782/7359/5687
f 5760/7353/5688 5759/7351/5688 5774/7357/5688 5775/7360/5688
f 5768/7354/5689 5767/7352/5689 5782/7359/5689 5783/7361/5689
f 5761/7355/5690 5760/7353/5690 5775/7360/5690 5776/7362/5690
f 5769/7342/5691 5768/7354/5691 5783/7361/5691 5784/7363/5691
f 5762/7343/5692 5761/7355/5692 5776/7362/5692 5777/7364/5692
f 5755/7340/5693 5694/7365/5693 5770/7366/5693
f 5920/7367/5694 5769/7342/5694 5784/7363/5694
f 5763/7344/5695 5762/7343/5695 5777/7364/5695 5778/7368/5695
f 5756/7345/5696 5755/7340/5696 5770/7366/5696 5771/7369/5696
f 5764/7346/5697 5763/7344/5697 5778/7368/5697 5779/7370/5697
f 5757/7347/5698 5756/7345/5698 5771/7369/5698 5772/7371/5698
f 5765/7348/5699 5764/7346/5699 5779/7370/5699 5780/7372/5699
f 5758/7349/5700 5757/7347/5700 5772/7371/5700 5773/7356/5700
f 5766/7350/5701 5765/7348/5701 5780/7372/5701 5781/7358/5701
f 5778/7368/5702 5777/7364/5702 5792/7373/5702 5793/7374/5702
f 5771/7369/5703 5770/7366/5703 5785/7375/5703 5786/7376/5703
f 5779/7370/5704 5778/7368/5704 5793/7374/5704 5794/7377/5704
f 5772/7371/5705 5771/7369/5705 5786/7376/5705 5787/7378/5705
f 5780/7372/5706 5779/7370/5706 5794/7377/5706 5795/7379/5706
f 5773/7356/5707 5772/7371/5707 5787/7378/5707 5788/7380/5707
f 5781/7358/5708 5780/7372/5708 5795/7379/5708 5796/7381/5708
f 5774/7357/5709 5773/7356/5709 5788/7380/5709 5789/7382/5709
f 5782/7359/5710 5781/7358/5710 5796/7381/5710 5797/7383/5710
f 5775/7360/5711 5774/7357/5711 5789/7382/5711 5790/7384/5711
f 5783/7361/5712 5782/7359/5712 5797/7383/5712 5798/7385/5712
f 5776/7362/5713 5775/7360/5713 5790/7384/5713 5791/7386/5713
f 5784/7363/5714 5783/7361/5714 5798/7385/5714 5799/7387/5714
f 5777/7364/5715 5776/7362/5715 5791/7386/5715 5792/7373/5715
f 5770/7366/5716 5694/7388/5716 5785/7375/5716
f 5920/7389/5717 5784/7363/5717 5799/7387/5717
f 5797/7383/5718 5796/7381/5718 5811/7390/5718 5812/7391/5718
f 5790/7384/5719 5789/7382/5719 5804/7392/5719 5805/7393/5719
f 5798/7385/5720 5797/7383/5720 5812/7391/5720 5813/7394/5720
f 5791/7386/5721 5790/7384/5721 5805/7393/5721 5806/7395/5721
f 5799/7387/5722 5798/7385/5722 5813/7394/5722 5814/7396/5722
f 5792/7373/5723 5791/7386/5723 5806/7395/5723 5807/7397/5723
f 5785/7375/5724 5694/7398/5724 5800/7399/5724
f 5920/7400/5725 5799/7387/5725 5814/7396/5725
f 5793/7374/5726 5792/7373/5726 5807/7397/5726 5808/7401/5726
f 5786/7376/5727 5785/7375/5727 5800/7399/5727 5801/7402/5727
f 5794/7377/5728 5793/7374/5728 5808/7401/5728 5809/7403/5728
f 5787/7378/5729 5786/7376/5729 5801/7402/5729 5802/7404/5729
f 5795/7379/5730 5794/7377/5730 5809/7403/5730 5810/7405/5730
f 5788/7380/5731 5787/7378/5731 5802/7404/5731 5803/7406/5731
f 5796/7381/5732 5795/7379/5732 5810/7405/5732 5811/7390/5732
f 5789/7382/5733 5788/7380/5733 5803/7406/5733 5804/7392/5733
f 5809/7403/5734 5808/7401/5734 5823/7407/5734 5824/7408/5734
f 5802/7404/5735 5801/7402/5735 5816/7409/5735 5817/7410/5735
f 5810/7405/5736 5809/7403/5736 5824/7408/5736 5825/7411/5736
f 5803/7406/5737 5802/7404/5737 5817/7410/5737 5818/7412/5737
f 5811/7390/5738 5810/7405/5738 5825/7411/5738 5826/7413/5738
f 5804/7392/5739 5803/7406/5739 5818/7412/5739 5819/7414/5739
f 5812/7391/5740 5811/7390/5740 5826/7413/5740 5827/7415/5740
f 5805/7393/5741 5804/7392/5741 5819/7414/5741 5820/7416/5741
f 5813/7394/5742 5812/7391/5742 5827/7415/5742 5828/7417/5742
f 5806/7395/5743 5805/7393/5743 5820/7416/5743 5821/7418/5743
f 5814/7396/5744 5813/7394/5744 5828/7417/5744 5829/7419/5744
f 5807/7397/5745 5806/7395/5745 5821/7418/5745 5822/7420/5745
f 5800/7399/5746 5694/7421/5746 5815/7422/5746
f 5920/7423/5747 5814/7396/5747 5829/7419/5747
f 5808/7401/5748 5807/7397/5748 5822/7420/5748 5823/7407/5748
f 5801/7402/5749 5800/7399/5749 5815/7422/5749 5816/7409/5749
f 5828/7417/5750 5827/7415/5750 5842/7424/5750 5843/7425/5750
f 5821/7418/5751 5820/7416/5751 5835/7426/5751 5836/7427/5751
f 5829/7419/5752 5828/7417/5752 5843/7425/5752 5844/7428/5752
f 5822/7420/5753 5821/7418/5753 5836/7427/5753 5837/7429/5753
f 5815/7422/5754 5694/7430/5754 5830/7431/5754
f 5920/7432/5755 5829/7419/5755 5844/7428/5755
f 5823/7407/5756 5822/7420/5756 5837/7429/5756 5838/7433/5756
f 5816/7409/5757 5815/7422/5757 5830/7431/5757 5831/7434/5757
f 5824/7408/5758 5823/7407/5758 5838/7433/5758 5839/7435/5758
f 5817/7410/5759 5816/7409/5759 5831/7434/5759 5832/7436/5759
f 5825/7411/5760 5824/7408/5760 5839/7435/5760 5840/7437/5760
f 5818/7412/5761 5817/7410/5761 5832/7436/5761 5833/7438/5761
f 5826/7413/5762 5825/7411/5762 5840/7437/5762 5841/7439/5762
f 5819/7414/5763 5818/7412/5763 5833/7438/5763 5834/7440/5763
f 5827/7415/5764 5826/7413/5764 5841/7439/5764 5842/7424/5764
f 5820/7416/5765 5819/7414/5765 5834/7440/5765 5835/7426/5765
f 5832/7436/5766 5831/7434/5766 5846/7441/5766 5847/7442/5766
f 5840/7437/5767 5839/7435/5767 5854/7443/5767 5855/7444/5767
f 5833/7438/5768 5832/7436/5768 5847/7442/5768 5848/7445/5768
f 5841/7439/5769 5840/7437/5769 5855/7444/5769 5856/7446/5769
f 5834/7440/5770 5833/7438/5770 5848/7445/5770 5849/7447/5770
f 5842/7424/5771 5841/7439/5771 5856/7446/5771 5857/7448/5771
f 5835/7426/5772 5834/7440/5772 5849/7447/5772 5850/7449/5772
f 5843/7425/5773 5842/7424/5773 5857/7448/5773 5858/7450/5773
f 5836/7427/5774 5835/7426/5774 5850/7449/5774 5851/7451/5774
f 5844/7428/5775 5843/7425/5775 5858/7450/5775 5859/7452/5775
f 5837/7429/5776 5836/7427/5776 5851/7451/5776 5852/7453/5776
f 5830/7431/5777 5694/7454/5777 5845/7455/5777
f 5920/7456/5778 5844/7428/5778 5859/7452/5778
f 5838/7433/5779 5837/7429/5779 5852/7453/5779 5853/7457/5779
f 5831/7434/5780 5830/7431/5780 5845/7455/5780 5846/7441/5780
f 5839/7435/5781 5838/7433/5781 5853/7457/5781 5854/7443/5781
f 5851/7451/5782 5850/7449/5782 5865/7458/5782 5866/7459/5782
f 5859/7452/5783 5858/7450/5783 5873/7460/5783 5874/7461/5783
f 5852/7453/5784 5851/7451/5784 5866/7459/5784 5867/7462/5784
f 5845/7455/5785 5694/7463/5785 5860/7464/5785
f 5920/7465/5786 5859/7452/5786 5874/7461/5786
f 5853/7457/5787 5852/7453/5787 5867/7462/5787 5868/7466/5787
f 5846/7441/5788 5845/7455/5788 5860/7464/5788 5861/7467/5788
f 5854/7443/5789 5853/7457/5789 5868/7466/5789 5869/7468/5789
f 5847/7442/5790 5846/7441/5790 5861/7467/5790 5862/7469/5790
f 5855/7444/5791 5854/7443/5791 5869/7468/5791 5870/7470/5791
f 5848/7445/5792 5847/7442/5792 5862/7469/5792 5863/7471/5792
f 5856/7446/5793 5855/7444/5793 5870/7470/5793 5871/7472/5793
f 5849/7447/5794 5848/7445/5794 5863/7471/5794 5864/7473/5794
f 5857/7448/5795 5856/7446/5795 5871/7472/5795 5872/7474/5795
f 5850/7449/5796 5849/7447/5796 5864/7473/5796 5865/7458/5796
f 5858/7450/5797 5857/7448/5797 5872/7474/5797 5873/7460/5797
f 5870/7470/5798 5869/7468/5798 5884/7475/5798 5885/7476/5798
f 5863/7471/5799 5862/7469/5799 5877/7477/5799 5878/7478/5799
f 5871/7472/5800 5870/7470/5800 5885/7476/5800 5886/7479/5800
f 5864/7473/5801 5863/7471/5801 5878/7478/5801 5879/7480/5801
f 5872/7474/5802 5871/7472/5802 5886/7479/5802 5887/7481/5802
f 5865/7458/5803 5864/7473/5803 5879/7480/5803 5880/7482/5803
f 5873/7460/5804 5872/7474/5804 5887/7481/5804 5888/7483/5804
f 5866/7459/5805 5865/7458/5805 5880/7482/5805 5881/7484/5805
f 5874/7461/5806 5873/7460/5806 5888/7483/5806 5889/7485/5806
f 5867/7462/5807 5866/7459/5807 5881/7484/5807 5882/7486/5807
f 5860/7464/5808 5694/7487/5808 5875/7488/5808
f 5920/7489/5809 5874/7461/5809 5889/7485/5809
f 5868/7466/5810 5867/7462/5810 5882/7486/5810 5883/7490/5810
f 5861/7467/5811 5860/7464/5811 5875/7488/5811 5876/7491/5811
f 5869/7468/5812 5868/7466/5812 5883/7490/5812 5884/7475/5812
f 5862/7469/5813 5861/7467/5813 5876/7491/5813 5877/7477/5813
f 5889/7485/5814 5888/7483/5814 5903/7492/5814 5904/7493/5814
f 5882/7486/5815 5881/7484/5815 5896/7494/5815 5897/7495/5815
f 5875/7488/5816 5694/7496/5816 5890/7497/5816
f 5920/7498/5817 5889/7485/5817 5904/7493/5817
f 5883/7490/5818 5882/7486/5818 5897/7495/5818 5898/7499/5818
f 5876/7491/5819 5875/7488/5819 5890/7497/5819 5891/7500/5819
f 5884/7475/5820 5883/7490/5820 5898/7499/5820 5899/7501/5820
f 5877/7477/5821 5876/7491/5821 5891/7500/5821 5892/7502/5821
f 5885/7476/5822 5884/7475/5822 5899/7501/5822 5900/7503/5822
f 5878/7478/5823 5877/7477/5823 5892/7502/5823 5893/7504/5823
f 5886/7479/5824 5885/7476/5824 5900/7503/5824 5901/7505/5824
f 5879/7480/5825 5878/7478/5825 5893/7504/5825 5894/7506/5825
f 5887/7481/5826 5886/7479/5826 5901/7505/5826 5902/7507/5826
f 5880/7482/5827 5879/7480/5827 5894/7506/5827 5895/7508/5827
f 5888/7483/5828 5887/7481/5828 5902/7507/5828 5903/7492/5828
f 5881/7484/5829 5880/7482/5829 5895/7508/5829 5896/7494/5829
f 5893/7504/5830 5892/7502/5830 5907/7509/5830 5908/7510/5830
f 5901/7505/5831 5900/7503/5831 5915/7511/5831 5916/7512/5831
f 5894/7506/5832 5893/7504/5832 5908/7510/5832 5909/7513/5832
f 5902/7507/5833 5901/7505/5833 5916/7512/5833 5917/7514/5833
f 5895/7508/5834 5894/7506/5834 5909/7513/5834 5910/7515/5834
f 5903/7492/5835 5902/7507/5835 5917/7514/5835 5918/7516/5835
f 5896/7494/5836 5895/7508/5836 5910/7515/5836 5911/7517/5836
f 5904/7493/5837 5903/7492/5837 5918/7516/5837 5919/7518/5837
f 5897/7495/5838 5896/7494/5838 5911/7517/5838 5912/7519/5838
f 5890/7497/5839 5694/7520/5839 5905/7521/5839
f 5920/7522/5840 5904/7493/5840 5919/7518/5840
f 5898/7499/5841 5897/7495/5841 5912/7519/5841 5913/7523/5841
f 5891/7500/5842 5890/7497/5842 5905/7521/5842 5906/7524/5842
f 5899/7501/5843 5898/7499/5843 5913/7523/5843 5914/7525/5843
f 5892/7502/5844 5891/7500/5844 5906/7524/5844 5907/7509/5844
f 5900/7503/5845 5899/7501/5845 5914/7525/5845 5915/7511/5845
f 5912/7519/5846 5911/7517/5846 5927/7526/5846 5928/7527/5846
f 5905/7521/5847 5694/7528/5847 5921/7529/5847
f 5920/7530/5848 5919/7518/5848 5935/7531/5848
f 5913/7523/5849 5912/7519/5849 5928/7527/5849 5929/7532/5849
f 5906/7524/5850 5905/7521/5850 5921/7529/5850 5922/7533/5850
f 5914/7525/5851 5913/7523/5851 5929/7532/5851 5930/7534/5851
f 5907/7509/5852 5906/7524/5852 5922/7533/5852 5923/7535/5852
f 5915/7511/5853 5914/7525/5853 5930/7534/5853 5931/7536/5853
f 5908/7510/5854 5907/7509/5854 5923/7535/5854 5924/7537/5854
f 5916/7512/5855 5915/7511/5855 5931/7536/5855 5932/7538/5855
f 5909/7513/5856 5908/7510/5856 5924/7537/5856 5925/7539/5856
f 5917/7514/5857 5916/7512/5857 5932/7538/5857 5933/7540/5857
f 5910/7515/5858 5909/7513/5858 5925/7539/5858 5926/7541/5858
f 5918/7516/5859 5917/7514/5859 5933/7540/5859 5934/7542/5859
f 5911/7517/5860 5910/7515/5860 5926/7541/5860 5927/7526/5860
f 5919/7518/5861 5918/7516/5861 5934/7542/5861 5935/7531/5861
f 5932/7538/5862 5931/7536/5862 5946/7543/5862 5947/7544/5862
f 5925/7539/5863 5924/7537/5863 5939/7545/5863 5940/7546/5863
f 5933/7540/5864 5932/7538/5864 5947/7544/5864 5948/7547/5864
f 5926/7541/5865 5925/7539/5865 5940/7546/5865 5941/7548/5865
f 5934/7542/5866 5933/7540/5866 5948/7547/5866 5949/7549/5866
f 5927/7526/5867 5926/7541/5867 5941/7548/5867 5942/7550/5867
f 5935/7531/5868 5934/7542/5868 5949/7549/5868 5950/7551/5868
f 5928/7527/5869 5927/7526/5869 5942/7550/5869 5943/7552/5869
f 5921/7529/5870 5694/7553/5870 5936/7554/5870
f 5920/7555/5871 5935/7531/5871 5950/7551/5871
f 5929/7532/5872 5928/7527/5872 5943/7552/5872 5944/7556/5872
f 5922/7533/5873 5921/7529/5873 5936/7554/5873 5937/7557/5873
f 5930/7534/5874 5929/7532/5874 5944/7556/5874 5945/7558/5874
f 5923/7535/5875 5922/7533/5875 5937/7557/5875 5938/7559/5875
f 5931/7536/5876 5930/7534/5876 5945/7558/5876 5946/7543/5876
f 5924/7537/5877 5923/7535/5877 5938/7559/5877 5939/7545/5877
f 5920/7560/5878 5950/7551/5878 5965/7561/5878
f 5944/7556/5879 5943/7552/5879 5958/7562/5879 5959/7563/5879
f 5937/7557/5880 5936/7554/5880 5951/7564/5880 5952/7565/5880
f 5945/7558/5881 5944/7556/5881 5959/7563/5881 5960/7566/5881
f 5938/7559/5882 5937/7557/5882 5952/7565/5882 5953/7567/5882
f 5946/7543/5883 5945/7558/5883 5960/7566/5883 5961/7568/5883
f 5939/7545/5884 5938/7559/5884 5953/7567/5884 5954/7569/5884
f 5947/7544/5885 5946/7543/5885 5961/7568/5885 5962/7570/5885
f 5940/7546/5886 5939/7545/5886 5954/7569/5886 5955/7571/5886
f 5948/7547/5887 5947/7544/5887 5962/7570/5887 5963/7572/5887
f 5941/7548/5888 5940/7546/5888 5955/7571/5888 5956/7573/5888
f 5949/7549/5889 5948/7547/5889 5963/7572/5889 5964/7574/5889
f 5942/7550/5890 5941/7548/5890 5956/7573/5890 5957/7575/5890
f 5950/7551/5891 5949/7549/5891 5964/7574/5891 5965/7561/5891
f 5943/7552/5892 5942/7550/5892 5957/7575/5892 5958/7562/5892
f 5936/7554/5893 5694/7576/5893 5951/7564/5893
f 5963/7572/5894 5962/7570/5894 5977/7577/5894 5978/7578/5894
f 5956/7573/5895 5955/7571/5895 5970/7579/5895 5971/7580/5895
f 5964/7574/5896 5963/7572/5896 5978/7578/5896 5979/7581/5896
f 5957/7575/5897 5956/7573/5897 5971/7580/5897 5972/7582/5897
f 5965/7561/5898 5964/7574/5898 5979/7581/5898 5980/7583/5898
f 5958/7562/5899 5957/7575/5899 5972/7582/5899 5973/7584/5899
f 5951/7564/5900 5694/7585/5900 5966/7586/5900
f 5920/7587/5901 5965/7561/5901 5980/7583/5901
f 5959/7563/5902 5958/7562/5902 5973/7584/5902 5974/7588/5902
f 5952/7565/5903 5951/7564/5903 5966/7586/5903 5967/7589/5903
f 5960/7566/5904 5959/7563/5904 5974/7588/5904 5975/7590/5904
f 5953/7567/5905 5952/7565/5905 5967/7589/5905 5968/7591/5905
f 5961/7568/5906 5960/7566/5906 5975/7590/5906 5976/7592/5906
f 5954/7569/5907 5953/7567/5907 5968/7591/5907 5969/7593/5907
f 5962/7570/5908 5961/7568/5908 5976/7592/5908 5977/7577/5908
f 5955/7571/5909 5954/7569/5909 5969/7593/5909 5970/7579/5909
f 5967/7594/5910 5966/7595/5910 5981/7596/5910 5982/7597/5910
f 5975/7598/5911 5974/7599/5911 5989/7600/5911 5990/7601/5911
f 5968/7602/5912 5967/7594/5912 5982/7597/5912 5983/7603/5912
f 5976/7604/5913 5975/7598/5913 5990/7601/5913 5991/7605/5913
f 5969/7606/5914 5968/7602/5914 5983/7603/5914 5984/7607/5914
f 5977/7608/5915 5976/7604/5915 5991/7605/5915 5992/7609/5915
f 5970/7610/5916 5969/7606/5916 5984/7607/5916 5985/7611/5916
f 5978/7612/5917 5977/7608/5917 5992/7609/5917 5993/7613/5917
f 5971/7614/5918 5970/7610/5918 5985/7611/5918 5986/7615/5918
f 5979/7616/5919 5978/7612/5919 5993/7613/5919 5994/7617/5919
f 5972/7618/5920 5971/7614/5920 5986/7615/5920 5987/7619/5920
f 5980/7620/5921 5979/7616/5921 5994/7617/5921 5995/7621/5921
f 5973/7622/5922 5972/7618/5922 5987/7619/5922 5988/7623/5922
f 5966/7595/5923 5694/7624/5923 5981/7596/5923
f 5920/7625/5924 5980/7620/5924 5995/7621/5924
f 5974/7599/5925 5973/7622/5925 5988/7623/5925 5989/7600/5925
f 5986/7615/5926 5985/7611/5926 6000/7626/5926 6001/7627/5926
f 5994/7617/5927 5993/7613/5927 6008/7628/5927 6009/7629/5927
f 5987/7619/5928 5986/7615/5928 6001/7627/5928 6002/7630/5928
f 5995/7621/5929 5994/7617/5929 6009/7629/5929 6010/7631/5929
f 5988/7623/5930 5987/7619/5930 6002/7630/5930 6003/7632/5930
f 5981/7596/5931 5694/7633/5931 5996/7634/5931
f 5920/7635/5932 5995/7621/5932 6010/7631/5932
f 5989/7600/5933 5988/7623/5933 6003/7632/5933 6004/7636/5933
f 5982/7597/5934 5981/7596/5934 5996/7634/5934 5997/7637/5934
f 5990/7601/5935 5989/7600/5935 6004/7636/5935 6005/7638/5935
f 5983/7603/5936 5982/7597/5936 5997/7637/5936 5998/7639/5936
f 5991/7605/5937 5990/7601/5937 6005/7638/5937 6006/7640/5937
f 5984/7607/5938 5983/7603/5938 5998/7639/5938 5999/7641/5938
f 5992/7609/5939 5991/7605/5939 6006/7640/5939 6007/7642/5939
f 5985/7611/5940 5984/7607/5940 5999/7641/5940 6000/7626/5940
f 5993/7613/5941 5992/7609/5941 6007/7642/5941 6008/7628/5941
f 6005/7638/5942 6004/7636/5942 6019/7643/5942 6020/7644/5942
f 5998/7639/5943 5997/7637/5943 6012/7645/5943 6013/7646/5943
f 6006/7640/5944 6005/7638/5944 6020/7644/5944 6021/7647/5944
f 5999/7641/5945 5998/7639/5945 6013/7646/5945 6014/7648/5945
f 6007/7642/5946 6006/7640/5946 6021/7647/5946 6022/7649/5946
f 6000/7626/5947 5999/7641/5947 6014/7648/5947 6015/7650/5947
f 6008/7628/5948 6007/7642/5948 6022/7649/5948 6023/7651/5948
f 6001/7627/5949 6000/7626/5949 6015/7650/5949 6016/7652/5949
f 6009/7629/5950 6008/7628/5950 6023/7651/5950 6024/7653/5950
f 6002/7630/5951 6001/7627/5951 6016/7652/5951 6017/7654/5951
f 6010/7631/5952 6009/7629/5952 6024/7653/5952 6025/7655/5952
f 6003/7632/5953 6002/7630/5953 6017/7654/5953 6018/7656/5953
f 5996/7634/5954 5694/7657/5954 6011/7658/5954
f 5920/7659/5955 6010/7631/5955 6025/7655/5955
f 6004/7636/5956 6003/7632/5956 6018/7656/5956 6019/7643/5956
f 5997/7637/5957 5996/7634/5957 6011/7658/5957 6012/7645/5957
f 6024/7653/5958 6023/7651/5958 6038/7660/5958 6039/7661/5958
f 6017/7654/5959 6016/7652/5959 6031/7662/5959 6032/7663/5959
f 6025/7655/5960 6024/7653/5960 6039/7661/5960 6040/7664/5960
f 6018/7656/5961 6017/7654/5961 6032/7663/5961 6033/7665/5961
f 6011/7658/5962 5694/7666/5962 6026/7667/5962
f 5920/7668/5963 6025/7655/5963 6040/7664/5963
f 6019/7643/5964 6018/7656/5964 6033/7665/5964 6034/7669/5964
f 6012/7645/5965 6011/7658/5965 6026/7667/5965 6027/7670/5965
f 6020/7644/5966 6019/7643/5966 6034/7669/5966 6035/7671/5966
f 6013/7646/5967 6012/7645/5967 6027/7670/5967 6028/7672/5967
f 6021/7647/5968 6020/7644/5968 6035/7671/5968 6036/7673/5968
f 6014/7648/5969 6013/7646/5969 6028/7672/5969 6029/7674/5969
f 6022/7649/5970 6021/7647/5970 6036/7673/5970 6037/7675/5970
f 6015/7650/5971 6014/7648/5971 6029/7674/5971 6030/7676/5971
f 6023/7651/5972 6022/7649/5972 6037/7675/5972 6038/7660/5972
f 6016/7652/5973 6015/7650/5973 6030/7676/5973 6031/7662/5973
f 6028/7672/5974 6027/7670/5974 6042/7677/5974 6043/7678/5974
f 6036/7673/5975 6035/7671/5975 6050/7679/5975 6051/7680/5975
f 6029/7674/5976 6028/7672/5976 6043/7678/5976 6044/7681/5976
f 6037/7675/5977 6036/7673/5977 6051/7680/5977 6052/7682/5977
f 6030/7676/5978 6029/7674/5978 6044/7681/5978 6045/7683/5978
f 6038/7660/5979 6037/7675/5979 6052/7682/5979 6053/7684/5979
f 6031/7662/5980 6030/7676/5980 6045/7683/5980 6046/7685/5980
f 6039/7661/5981 6038/7660/5981 6053/7684/5981 6054/7686/5981
f 6032/7663/5982 6031/7662/5982 6046/7685/5982 6047/7687/5982
f 6040/7664/5983 6039/7661/5983 6054/7686/5983 6055/7688/5983
f 6033/7665/5984 6032/7663/5984 6047/7687/5984 6048/7689/5984
f 6026/7667/5985 5694/7690/5985 6041/7691/5985
f 5920/7692/5986 6040/7664/5986 6055/7688/5986
f 6034/7669/5987 6033/7665/5987 6048/7689/5987 6049/7693/5987
f 6027/7670/5988 6026/7667/5988 6041/7691/5988 6042/7677/5988
f 6035/7671/5989 6034/7669/5989 6049/7693/5989 6050/7679/5989
f 6047/7687/5990 6046/7685/5990 6061/7694/5990 6062/7695/5990
f 6055/7688/5991 6054/7686/5991 6069/7696/5991 6070/7697/5991
f 6048/7689/5992 6047/7687/5992 6062/7695/5992 6063/7698/5992
f 6041/7691/5993 5694/7699/5993 6056/7700/5993
f 5920/7701/5994 6055/7688/5994 6070/7697/5994
f 6049/7693/5995 6048/7689/5995 6063/7698/5995 6064/7702/5995
f 6042/7677/5996 6041/7691/5996 6056/7700/5996 6057/7703/5996
f 6050/7679/5997 6049/7693/5997 6064/7702/5997 6065/7704/5997
f 6043/7678/5998 6042/7677/5998 6057/7703/5998 6058/7705/5998
f 6051/7680/5999 6050/7679/5999 6065/7704/5999 6066/7706/5999
f 6044/7681/6000 6043/7678/6000 6058/7705/6000 6059/7707/6000
f 6052/7682/6001 6051/7680/6001 6066/7706/6001 6067/7708/6001
f 6045/7683/6002 6044/7681/6002 6059/7707/6002 6060/7709/6002
f 6053/7684/6003 6052/7682/6003 6067/7708/6003 6068/7710/6003
f 6046/7685/6004 6045/7683/6004 6060/7709/6004 6061/7694/6004
f 6054/7686/6005 6053/7684/6005 6068/7710/6005 6069/7696/6005
f 6066/7706/6006 6065/7704/6006 6080/7711/6006 6081/7712/6006
f 6059/7707/6007 6058/7705/6007 6073/7713/6007 6074/7714/6007
f 6067/7708/6008 6066/7706/6008 6081/7712/6008 6082/7715/6008
f 6060/7709/6009 6059/7707/6009 6074/7714/6009 6075/7716/6009
f 6068/7710/6010 6067/7708/6010 6082/7715/6010 6083/7717/6010
f 6061/7694/6011 6060/7709/6011 6075/7716/6011 6076/7718/6011
f 6069/7696/6012 6068/7710/6012 6083/7717/6012 6084/7719/6012
f 6062/7695/6013 6061/7694/6013 6076/7718/6013 6077/7720/6013
f 6070/7697/6014 6069/7696/6014 6084/7719/6014 6085/7721/6014
f 6063/7698/6015 6062/7695/6015 6077/7720/6015 6078/7722/6015
f 6056/7700/6016 5694/7723/6016 6071/7724/6016
f 5920/7725/6017 6070/7697/6017 6085/7721/6017
f 6064/7702/6018 6063/7698/6018 6078/7722/6018 6079/7726/6018
f 6057/7703/6019 6056/7700/6019 6071/7724/6019 6072/7727/6019
f 6065/7704/6020 6064/7702/6020 6079/7726/6020 6080/7711/6020
f 6058/7705/6021 6057/7703/6021 6072/7727/6021 6073/7713/6021
f 6085/7721/6022 6084/7719/6022 6093/7172/6022 6094/7171/6022
f 6078/7722/6023 6077/7720/6023 5615/7176/6023 5616/7175/6023
f 6071/7724/6024 5694/7728/6024 6086/7179/6024
f 5920/7729/6025 6085/7721/6025 6094/7171/6025
f 6079/7726/6026 6078/7722/6026 5616/7175/6026 5617/7183/6026
f 6072/7727/6027 6071/7724/6027 6086/7179/6027 6087/7185/6027
f 6080/7711/6028 6079/7726/6028 5617/7183/6028 6090/7187/6028
f 6073/7713/6029 6072/7727/6029 6087/7185/6029 5613/7189/6029
f 6081/7712/6030 6080/7711/6030 6090/7187/6030 5618/7191/6030
f 6074/7714/6031 6073/7713/6031 5613/7189/6031 6088/7193/6031
f 6082/7715/6032 6081/7712/6032 5618/7191/6032 6091/7195/6032
f 6075/7716/6033 6074/7714/6033 6088/7193/6033 5614/7197/6033
f 6083/7717/6034 6082/7715/6034 6091/7195/6034 6092/7199/6034
f 6076/7718/6035 6075/7716/6035 5614/7197/6035 6089/7201/6035
f 6084/7719/6036 6083/7717/6036 6092/7199/6036 6093/7172/6036
f 6077/7720/6037 6076/7718/6037 6089/7201/6037 5615/7176/6037
o Sphere.011
v -23.060183 6.969734 2.837037
v -22.925707 6.615653 2.531619
v -22.878160 6.161943 2.362432
v -22.889809 5.918999 2.337916
v -22.924778 5.677679 2.355233
v -23.058466 5.236584 2.511118
v -23.222176 7.166128 3.259413
v -23.077688 7.083583 3.080338
v -22.949301 6.957907 2.914564
v -22.841951 6.793930 2.768462
v -22.759762 6.597953 2.647647
v -22.705893 6.377507 2.556760
v -22.682415 6.141065 2.499296
v -22.690228 5.897712 2.477462
v -22.729033 5.656800 2.492097
v -22.797340 5.427588 2.542639
v -22.892521 5.218884 2.627146
v -23.010921 5.038708 2.742370
v -23.147989 4.893985 2.883883
v -23.298458 4.790276 3.046247
v -23.456545 4.731565 3.223222
v -23.189287 7.162451 3.293752
v -23.013172 7.076371 3.147696
v -22.855639 6.947437 3.012353
v -22.722740 6.780603 2.892924
v -22.619587 6.582283 2.793998
v -22.550138 6.360096 2.719377
v -22.517065 6.122581 2.671929
v -22.521639 5.878866 2.653477
v -22.563684 5.638316 2.664730
v -22.641584 5.410176 2.705256
v -22.752346 5.203214 2.773497
v -22.891712 5.025382 2.866831
v -23.054327 4.883514 2.981672
v -23.233942 4.783063 3.113605
v -23.423655 4.727889 3.257561
v -23.163706 7.159392 3.333886
v -22.962996 7.070370 3.226422
v -22.782793 6.938725 3.126645
v -22.630028 6.769516 3.038390
v -22.510567 6.569245 2.965048
v -22.429001 6.345609 2.909438
v -22.388468 6.107202 2.873696
v -22.390522 5.863185 2.859197
v -22.435085 5.622937 2.866497
v -22.520447 5.395689 2.895316
v -22.643326 5.190176 2.944547
v -22.798998 5.014294 3.012297
v -22.981482 4.874803 3.095964
v -23.183765 4.777063 3.192330
v -23.398075 4.724830 3.297695
v -23.146420 7.157068 3.378273
v -22.929087 7.065812 3.313490
v -22.733566 6.932107 3.253048
v -22.567371 6.761093 3.199270
v -22.436892 6.559340 3.154224
v -22.347137 6.334603 3.119638
v -22.301561 6.095518 3.096844
v -22.301914 5.851273 3.086717
v -22.348181 5.611254 3.089645
v -22.438585 5.384684 3.105517
v -22.569651 5.180272 3.133723
v -22.736343 5.005871 3.173178
v -22.932255 4.868185 3.222367
v -23.149857 4.772504 3.279398
v -23.380789 4.722506 3.342082
v -23.138090 7.155569 3.425207
v -22.912748 7.062870 3.405554
v -22.709846 6.927837 3.386705
v -22.537184 6.755657 3.369383
v -22.401394 6.552949 3.354255
v -22.307695 6.327502 3.341901
v -22.259689 6.087979 3.332797
v -22.259220 5.843586 3.327292
v -22.306309 5.603715 3.325598
v -22.399141 5.377583 3.327780
v -22.534153 5.173881 3.333754
v -22.706154 5.000436 3.343291
v -22.908535 4.863914 3.356024
v -23.133520 4.769563 3.371463
v -23.372459 4.721006 3.389016
v -23.377214 7.202370 3.444908
v -23.139040 7.154951 3.472884
v -22.914610 7.061659 3.499077
v -22.712547 6.926078 3.522479
v -22.540621 6.753419 3.542191
v -22.405436 6.550318 3.557455
v -22.312187 6.324578 3.567685
v -22.264458 6.084876 3.572488
v -22.264084 5.840422 3.571679
v -22.311077 5.600611 3.565289
v -22.403633 5.374659 3.553564
v -22.538197 5.171249 3.536954
v -22.709593 4.998198 3.516098
v -22.911236 4.862156 3.491797
v -23.135380 4.768352 3.464985
v -23.373409 4.720389 3.436693
v -23.149229 7.155240 3.519473
v -22.934597 7.062224 3.590464
v -22.741566 6.926899 3.655152
v -22.577555 6.754465 3.711052
v -22.448864 6.551547 3.756015
v -22.360443 6.325943 3.788313
v -22.315685 6.086325 3.806705
v -22.316315 5.841900 3.810485
v -22.362305 5.602061 3.799506
v -22.451889 5.376025 3.774191
v -22.581623 5.172478 3.735514
v -22.746525 4.999243 3.684959
v -22.940254 4.862978 3.624471
v -23.155369 4.768917 3.556372
v -23.383598 4.720677 3.483282
v -23.168268 7.156423 3.563183
v -22.971945 7.064546 3.676203
v -22.795786 6.930269 3.779627
v -22.646563 6.758753 3.869478
v -22.530010 6.556589 3.942304
v -22.450605 6.331546 3.995306
v -22.411402 6.092273 4.026448
v -22.413906 5.847964 4.034533
v -22.458021 5.608008 4.019249
v -22.542051 5.381627 3.981185
v -22.662769 5.177520 3.921803
v -22.815533 5.003531 3.843385
v -22.994474 4.866346 3.748945
v -23.192715 4.771238 3.642112
v -23.402637 4.721860 3.526991
v -23.195425 7.158455 3.602333
v -23.025215 7.068532 3.753000
v -22.873123 6.936056 3.891118
v -22.744993 6.766119 4.011380
v -22.645752 6.565251 4.109163
v -22.579212 6.341171 4.180710
v -22.547932 6.102490 4.223272
v -22.553110 5.858382 4.235212
v -22.594549 5.618226 4.216073
v -22.670658 5.391252 4.166589
v -22.778513 5.186182 4.088662
v -22.913965 5.010898 3.985287
v -23.071812 4.872134 3.860437
v -23.245985 4.775225 3.718909
v -23.429794 4.723893 3.566142
v -23.229658 7.161259 3.635421
v -23.092361 7.074031 3.817903
v -22.970606 6.944040 3.985343
v -22.869066 6.776280 4.131305
v -22.791647 6.577199 4.250180
v -22.741322 6.354447 4.337399
v -22.720024 6.116585 4.389613
v -22.728575 5.872752 4.404812
v -22.766644 5.632320 4.382414
v -22.832767 5.404528 4.323278
v -22.924406 5.198131 4.229679
v -23.038036 5.021059 4.105212
v -23.169294 4.880118 3.954661
v -23.313133 4.780724 3.783812
v -23.464025 4.726696 3.599229
v -23.269648 7.164725 3.661173
v -23.170805 7.080832 3.868418
v -23.084488 6.953913 4.058679
v -23.014011 6.788846 4.224645
v -22.962084 6.591975 4.359936
v -22.930700 6.370865 4.459354
v -22.921068 6.134014 4.519078
v -22.933558 5.890523 4.536814
v -22.967688 5.649749 4.511879
v -23.022146 5.420946 4.445233
v -23.094843 5.212907 4.339435
v -23.182981 5.033625 4.198552
v -23.283176 4.889991 4.027998
v -23.391577 4.787525 3.834327
v -23.504017 4.730164 3.624982
v -23.313860 7.168723 3.678601
v -23.257532 7.088673 3.902604
v -23.210394 6.965296 4.108309
v -23.174259 6.803334 4.287812
v -23.150515 6.609011 4.434212
v -23.140074 6.389794 4.541885
v -23.143337 6.154109 4.606694
v -23.160181 5.911011 4.626146
v -23.189957 5.669844 4.599495
v -23.231520 5.439875 4.527764
v -23.283274 5.229942 4.413712
v -23.343229 5.048112 4.261719
v -23.409082 4.901374 4.077628
v -23.478302 4.795365 3.868513
v -23.548229 4.734160 3.642409
v -23.360594 7.173096 3.687034
v -23.349205 7.097252 3.919147
v -23.343485 6.977751 4.132326
v -23.343651 6.819186 4.318379
v -23.349697 6.627652 4.470155
v -23.361395 6.410507 4.581823
v -23.378290 6.176097 4.649092
v -23.399738 5.933430 4.669374
v -23.424910 5.691833 4.641892
v -23.452841 5.460588 4.567702
v -23.482458 5.248583 4.449655
v -23.512621 5.063965 4.292286
v -23.542171 4.913829 4.101645
v -23.569977 4.803945 3.885056
v -23.594963 4.738534 3.650843
v -23.408056 7.177679 3.686149
v -23.442305 7.106240 3.917411
v -23.478643 6.990800 4.129806
v -23.515676 6.835794 4.315171
v -23.551979 6.647181 4.466383
v -23.586159 6.432206 4.577633
v -23.616899 6.199133 4.644642
v -23.643021 5.956918 4.664838
v -23.663517 5.714869 4.637444
v -23.677605 5.482287 4.563512
v -23.684738 5.268112 4.445883
v -23.684647 5.080573 4.289079
v -23.677332 4.926878 4.099124
v -23.663076 4.812933 3.883319
v -23.642426 4.743116 3.649958
v -23.454422 7.182293 3.675980
v -23.533253 7.115292 3.897463
v -23.610680 7.003942 4.100845
v -23.683727 6.852520 4.278312
v -23.749586 6.666848 4.423042
v -23.805727 6.454060 4.529474
v -23.849991 6.222332 4.593517
v -23.880678 5.980571 4.612711
v -23.896610 5.738068 4.586318
v -23.897173 5.504140 4.515353
v -23.882345 5.287779 4.402541
v -23.852697 5.097299 4.252220
v -23.809368 4.940019 4.070164
v -23.754025 4.821985 3.863372
v -23.688791 4.747731 3.639788
v -23.497908 7.186763 3.656917
v -23.618555 7.124060 3.860070
v -23.734518 7.016670 4.046559
v -23.841343 6.868721 4.209219
v -23.934923 6.685898 4.341796
v -24.011662 6.475226 4.439198
v -24.068611 6.244803 4.497682
v -24.103580 6.003482 4.514997
v -24.115229 5.760539 4.490483
v -24.103107 5.525307 4.425077
v -24.067682 5.306829 4.321296
v -24.010313 5.113499 4.183126
v -23.933207 4.952748 4.015877
v -23.839325 4.830752 3.825978
v -23.732277 4.752201 3.620725
v -23.536844 7.190916 3.629693
v -23.694931 7.132206 3.806668
v -23.845400 7.028497 3.969032
v -23.982468 6.883773 4.110545
v -24.100868 6.703598 4.225769
v -24.196049 6.494894 4.310275
v -24.264357 6.265681 4.360817
v -24.303162 6.024770 4.375452
v -24.310974 5.781417 4.353618
v -24.287495 5.544974 4.296154
v -24.233627 5.324529 4.205267
v -24.151438 5.128552 4.084452
v -24.044088 4.964574 3.938350
v -23.915701 4.838899 3.772576
v -23.771214 4.756353 3.593502
v -23.569735 7.194592 3.595354
v -23.759447 7.139418 3.739310
v -23.939062 7.038967 3.871243
v -24.101677 6.897099 3.986084
v -24.241043 6.719267 4.079417
v -24.351805 6.512305 4.147659
v -24.429705 6.284165 4.188185
v -24.471748 6.043616 4.199437
v -24.476324 5.799901 4.180985
v -24.443251 5.562386 4.133538
v -24.373802 5.340199 4.058917
v -24.270647 5.141878 3.959991
v -24.137751 4.975045 3.840561
v -23.980217 4.846111 3.705218
v -23.804102 4.760030 3.559163
v -23.595314 7.197651 3.555220
v -23.809624 7.145419 3.660584
v -24.011908 7.047678 3.756951
v -24.194391 6.908187 3.840617
v -24.350063 6.732306 3.908367
v -24.472942 6.526792 3.957598
v -24.558302 6.299544 3.986417
v -24.602867 6.059296 3.993717
v -24.604921 5.815280 3.979218
v -24.564388 5.576873 3.943477
v -24.482822 5.353237 3.887867
v -24.363361 5.152966 3.814525
v -24.210594 4.983757 3.726269
v -24.030394 4.852111 3.626493
v -23.829683 4.763089 3.519029
v -23.612600 7.199975 3.510833
v -23.843533 7.149977 3.573516
v -24.061134 7.054296 3.630548
v -24.257046 6.916611 3.679737
v -24.423738 6.742210 3.719192
v -24.554804 6.537797 3.747398
v -24.645208 6.311228 3.763269
v -24.691475 6.071208 3.766197
v -24.691826 5.826963 3.756070
v -24.646250 5.587878 3.733276
v -24.556498 5.363141 3.698691
v -24.426018 5.161389 3.653644
v -24.259823 4.990375 3.599866
v -24.064302 4.856670 3.539425
v -23.846970 4.765413 3.474642
v -23.616175 4.720112 3.408007
v -23.620930 7.201475 3.463899
v -23.859869 7.152919 3.481452
v -24.084854 7.058567 3.496891
v -24.287235 6.922046 3.509624
v -24.459236 6.748601 3.519161
v -24.594248 6.544899 3.525135
v -24.687080 6.318767 3.527316
v -24.734167 6.078895 3.525622
v -24.733700 5.834502 3.520118
v -24.685694 5.594979 3.511014
v -24.591995 5.369532 3.498660
v -24.456205 5.166824 3.483531
v -24.283543 4.994645 3.466210
v -24.080641 4.859612 3.447361
v -23.855297 4.766913 3.427708
v -23.619980 7.202093 3.416222
v -23.858009 7.154130 3.387929
v -24.082151 7.060325 3.361117
v -24.283796 6.924284 3.336817
v -24.455193 6.751233 3.315960
v -24.589756 6.547822 3.299351
v -24.682312 6.321870 3.287626
v -24.729305 6.082060 3.281236
v -24.728931 5.837606 3.280427
v -24.681202 5.597903 3.285230
v -24.587952 5.372164 3.295460
v -24.452768 5.169062 3.310724
v -24.280840 4.996403 3.330436
v -24.078779 4.860823 3.353838
v -23.854349 4.767530 3.380030
v -23.609791 7.201804 3.369633
v -23.838020 7.153564 3.296542
v -24.053135 7.059504 3.228444
v -24.246864 6.923238 3.167955
v -24.411764 6.750003 3.117401
v -24.541500 6.546457 3.078723
v -24.631084 6.320421 3.053409
v -24.677074 6.080582 3.042430
v -24.677704 5.836156 3.046210
v -24.632946 5.596538 3.064602
v -24.544525 5.370934 3.096900
v -24.415834 5.168017 3.141863
v -24.251823 4.995582 3.197762
v -24.058792 4.860257 3.262451
v -23.844160 4.767242 3.333442
v -23.590752 7.200621 3.325924
v -23.800674 7.151243 3.210803
v -23.998915 7.056135 3.103970
v -24.177856 6.918950 3.009530
v -24.330620 6.744961 2.931112
v -24.451338 6.540854 2.871730
v -24.535368 6.314473 2.833666
v -24.579481 6.074517 2.818383
v -24.581985 5.830208 2.826467
v -24.542784 5.590935 2.857609
v -24.463379 5.365892 2.910611
v -24.346827 5.163729 2.983437
v -24.197603 4.992213 3.073288
v -24.021444 4.857936 3.176712
v -23.825121 4.766059 3.289732
v -23.563595 7.198588 3.286773
v -23.747404 7.147257 3.134006
v -23.921577 7.050347 2.992478
v -24.079424 6.911584 2.867628
v -24.214876 6.736300 2.764253
v -24.322731 6.531230 2.686326
v -24.398838 6.304255 2.636842
v -24.440279 6.064100 2.617703
v -24.445457 5.819991 2.629643
v -24.414177 5.581311 2.672205
v -24.347635 5.357231 2.743752
v -24.248396 5.156363 2.841535
v -24.120266 4.986425 2.961797
v -23.968174 4.853950 3.099915
v -23.797962 4.764027 3.250582
v -23.529364 7.195785 3.253686
v -23.680256 7.141757 3.069103
v -23.824095 7.042364 2.898254
v -23.955353 6.901423 2.747703
v -24.068983 6.724351 2.623236
v -24.160622 6.517953 2.529637
v -24.226746 6.290162 2.470501
v -24.264814 6.049729 2.448103
v -24.273365 5.805897 2.463302
v -24.252068 5.568034 2.515515
v -24.201742 5.345282 2.602735
v -24.124323 5.146201 2.721610
v -24.022783 4.978441 2.867572
v -23.901028 4.848450 3.035012
v -23.763731 4.761223 3.217494
v -23.489372 7.192318 3.227933
v -23.601812 7.134957 3.018588
v -23.710213 7.032491 2.824917
v -23.810408 6.888857 2.654363
v -23.898546 6.709575 2.513480
v -23.971243 6.501535 2.407682
v -24.025702 6.272732 2.341036
v -24.059832 6.031959 2.316101
v -24.072321 5.788467 2.333837
v -24.062689 5.551616 2.393561
v -24.031305 5.330506 2.492980
v -23.979378 5.133635 2.628271
v -23.908901 4.968568 2.794236
v -23.822582 4.841650 2.984497
v -23.723742 4.757756 3.191742
v -23.445160 7.188321 3.210506
v -23.515087 7.127116 2.984402
v -23.584307 7.021108 2.775287
v -23.650160 6.874369 2.591196
v -23.710115 6.692539 2.439204
v -23.761869 6.482606 2.325150
v -23.803432 6.252637 2.253420
v -23.833206 6.011470 2.226770
v -23.850050 5.768373 2.246222
v -23.853315 5.532687 2.311029
v -23.842875 5.313471 2.418703
v -23.819130 5.119147 2.565103
v -23.782995 4.957186 2.744606
v -23.735857 4.833809 2.950311
v -23.679529 4.753759 3.174314
v -23.398426 7.183948 3.202072
v -23.423412 7.118537 2.967860
v -23.451216 7.008653 2.751271
v -23.480768 6.858517 2.560629
v -23.510931 6.673899 2.403260
v -23.540548 6.461894 2.285213
v -23.568480 6.230649 2.211023
v -23.593651 5.989051 2.183542
v -23.615097 5.746385 2.203824
v -23.631994 5.511975 2.271092
v -23.643690 5.294830 2.382760
v -23.649738 5.103295 2.534536
v -23.649904 4.944730 2.720589
v -23.644184 4.825230 2.933768
v -23.632793 4.749385 3.165881
v -23.350964 7.179365 3.202957
v -23.330313 7.109549 2.969595
v -23.316057 6.995604 2.753791
v -23.308743 6.841908 2.563836
v -23.308651 6.654369 2.407032
v -23.315784 6.440194 2.289403
v -23.329872 6.207613 2.215472
v -23.350368 5.965564 2.188078
v -23.376490 5.723349 2.208273
v -23.407230 5.490275 2.275282
v -23.441410 5.275301 2.386532
v -23.477713 5.086687 2.537744
v -23.514746 4.931682 2.723110
v -23.551085 4.816241 2.935504
v -23.585333 4.744803 3.166766
v -23.304598 7.174751 3.213126
v -23.239365 7.100497 2.989543
v -23.184021 6.982462 2.782751
v -23.140692 6.825183 2.600695
v -23.111044 6.634702 2.450374
v -23.096216 6.418341 2.337562
v -23.096779 6.184414 2.266597
v -23.112711 5.941910 2.240204
v -23.143398 5.700149 2.259398
v -23.187662 5.468422 2.323441
v -23.243803 5.255633 2.429873
v -23.309662 5.069961 2.574603
v -23.382710 4.918540 2.752070
v -23.460136 4.807189 2.955452
v -23.538967 4.740189 3.176935
v -23.261112 7.170281 3.232189
v -23.154064 7.091729 3.026937
v -22.983076 6.808982 2.669789
v -22.890282 6.397174 2.427838
v -22.981728 5.447255 2.413717
v -23.152046 5.053761 2.643697
v -23.258871 4.905811 2.806356
v -23.374834 4.798422 2.992845
v -23.495481 4.735719 3.195998
vn 0.0744 -0.9645 -0.2535
vn 0.5761 0.0547 -0.8156
vn 0.1514 0.9863 -0.0661
vn -0.0393 -0.9946 -0.0956
vn 0.5574 -0.1395 -0.8185
vn 0.2577 0.9396 -0.2252
vn 0.5175 -0.3284 -0.7902
vn 0.3539 0.8567 -0.3754
vn 0.4577 -0.5050 -0.7317
vn 0.4362 0.7408 -0.5109
vn 0.3804 -0.6626 -0.6452
vn 0.5016 0.5966 -0.6265
vn 0.2884 -0.7950 -0.5337
vn 0.5477 0.4298 -0.7178
vn 0.1850 -0.8970 -0.4015
vn 0.5728 0.2468 -0.7816
vn 0.6787 0.4155 -0.6056
vn 0.2552 -0.9046 -0.3413
vn 0.7148 0.2314 -0.6599
vn 0.1176 -0.9692 -0.2164
vn 0.7237 0.0386 -0.6890
vn 0.1660 0.9847 -0.0536
vn -0.0247 -0.9962 -0.0831
vn 0.7050 -0.1556 -0.6919
vn 0.3009 0.9349 -0.1881
vn 0.6595 -0.3439 -0.6685
vn 0.4240 0.8490 -0.3152
vn 0.5887 -0.5193 -0.6195
vn 0.5306 0.7305 -0.4300
vn 0.4953 -0.6751 -0.5467
vn 0.6165 0.5841 -0.5280
vn 0.3827 -0.8053 -0.4528
vn 0.7751 -0.3572 -0.5212
vn 0.4812 0.8424 -0.2425
vn 0.6953 -0.5316 -0.4837
vn 0.6074 0.7216 -0.3321
vn 0.5888 -0.6859 -0.4276
vn 0.7101 0.5733 -0.4089
vn 0.4596 -0.8141 -0.3550
vn 0.7853 0.4032 -0.4698
vn 0.3124 -0.9112 -0.2685
vn 0.8304 0.2180 -0.5127
vn 0.1528 -0.9732 -0.1716
vn 0.8439 0.0247 -0.5360
vn 0.1779 0.9833 -0.0385
vn -0.0128 -0.9976 -0.0679
vn 0.8252 -0.1694 -0.5389
vn 0.3361 0.9308 -0.1433
vn 0.3542 -0.9165 -0.1859
vn 0.9152 0.2074 -0.3456
vn 0.1787 -0.9765 -0.1207
vn 0.9320 0.0137 -0.3622
vn 0.1867 0.9822 -0.0213
vn -0.0040 -0.9987 -0.0507
vn 0.9133 -0.1805 -0.3651
vn 0.3620 0.9276 -0.0924
vn 0.8598 -0.3679 -0.3541
vn 0.5231 0.8372 -0.1599
vn 0.7735 -0.5414 -0.3296
vn 0.6637 0.7145 -0.2211
vn 0.6574 -0.6945 -0.2924
vn 0.7786 0.5647 -0.2737
vn 0.5159 -0.8212 -0.2439
vn 0.8635 0.3934 -0.3157
vn 0.8202 -0.5484 -0.1631
vn 0.6974 0.7095 -0.1011
vn 0.6984 -0.7006 -0.1463
vn 0.8196 0.5586 -0.1276
vn 0.5495 -0.8262 -0.1239
vn 0.9102 0.3864 -0.1492
vn 0.3793 -0.9202 -0.0967
vn 0.9658 0.1998 -0.1650
vn 0.1941 -0.9788 -0.0657
vn 0.9846 0.0058 -0.1745
vn 0.1919 0.9814 -0.0027
vn 0.0012 -0.9995 -0.0321
vn 0.9659 -0.1884 -0.1774
vn 0.3774 0.9253 -0.0374
vn 0.9105 -0.3754 -0.1736
vn 0.5481 0.8334 -0.0706
vn 0.1985 -0.9801 -0.0087
vn 0.9998 0.0015 0.0199
vn 0.1934 0.9810 0.0166
vn 0.0027 -0.9999 -0.0129
vn 0.9811 -0.1927 0.0170
vn 0.3818 0.9240 0.0196
vn 0.9250 -0.3796 0.0135
vn 0.5553 0.8314 0.0218
vn 0.8336 -0.5522 0.0094
vn 0.7071 0.7067 0.0232
vn 0.7102 -0.7040 0.0050
vn 0.8314 0.5552 0.0237
vn 0.5592 -0.8290 0.0004
vn 0.9236 0.3826 0.0233
vn 0.3865 -0.9223 -0.0043
vn 0.9804 0.1957 0.0220
vn 0.6925 0.7063 0.1471
vn 0.6924 -0.7045 0.1558
vn 0.8136 0.5546 0.1745
vn 0.5446 -0.8294 0.1242
vn 0.9033 0.3820 0.1952
vn 0.3756 -0.9226 0.0879
vn 0.9584 0.1950 0.2084
vn 0.1918 -0.9803 0.0480
vn 0.9769 0.0008 0.2137
vn 0.1911 0.9809 0.0357
vn 0.0004 -1.0000 0.0063
vn 0.9582 -0.1934 0.2108
vn 0.3751 0.9238 0.0763
vn 0.9030 -0.3803 0.1999
vn 0.5444 0.8310 0.1139
vn 0.8133 -0.5528 0.1813
vn 0.9168 0.0038 0.3993
vn 0.1852 0.9812 0.0541
vn -0.0055 -0.9997 0.0246
vn 0.8981 -0.1904 0.3964
vn 0.3575 0.9247 0.1307
vn 0.8452 -0.3774 0.3784
vn 0.5159 0.8325 0.2022
vn 0.7600 -0.5502 0.3459
vn 0.6540 0.7082 0.2657
vn 0.6456 -0.7022 0.3002
vn 0.7668 0.5570 0.3189
vn 0.5062 -0.8275 0.2429
vn 0.8500 0.3847 0.3598
vn 0.3470 -0.9212 0.1761
vn 0.9006 0.1979 0.3869
vn 0.1742 -0.9794 0.1024
vn 0.5717 -0.6970 0.4328
vn 0.6929 0.5621 0.4515
vn 0.4455 -0.8233 0.3518
vn 0.7658 0.3905 0.5109
vn 0.3019 -0.9180 0.2571
vn 0.8093 0.2043 0.5508
vn 0.1464 -0.9774 0.1523
vn 0.8219 0.0104 0.5696
vn 0.1758 0.9819 0.0709
vn -0.0149 -0.9990 0.0415
vn 0.8032 -0.1838 0.5667
vn 0.3297 0.9267 0.1806
vn 0.7539 -0.3710 0.5422
vn 0.4707 0.8356 0.2831
vn 0.6758 -0.5443 0.4970
vn 0.5934 0.7125 0.3746
vn 0.1633 0.9829 0.0856
vn -0.0274 -0.9980 0.0562
vn 0.6770 -0.1738 0.7152
vn 0.2927 0.9296 0.2241
vn 0.6325 -0.3614 0.6850
vn 0.4107 0.8403 0.3537
vn 0.5639 -0.5355 0.6287
vn 0.5127 0.7188 0.4695
vn 0.4735 -0.6893 0.5483
vn 0.5947 0.5699 0.5670
vn 0.3648 -0.8169 0.4467
vn 0.6539 0.3994 0.6426
vn 0.2419 -0.9133 0.3277
vn 0.6879 0.2138 0.6936
vn 0.1094 -0.9745 0.1958
vn 0.6957 0.0204 0.7180
vn 0.4760 0.5799 0.6611
vn 0.2673 -0.8087 0.5240
vn 0.5185 0.4108 0.7499
vn 0.1694 -0.9072 0.3852
vn 0.5412 0.2262 0.8099
vn 0.0647 -0.9707 0.2312
vn 0.5432 0.0333 0.8390
vn 0.1482 0.9841 0.0976
vn -0.0425 -0.9968 0.0682
vn 0.5245 -0.1609 0.8361
vn 0.2480 0.9333 0.2595
vn 0.4858 -0.3490 0.8014
vn 0.3382 0.8465 0.4112
vn 0.4285 -0.5240 0.7360
vn 0.4152 0.7271 0.5468
vn 0.3548 -0.6793 0.6424
vn 0.3514 -0.1456 0.9248
vn 0.1973 0.9378 0.2855
vn 0.3193 -0.3343 0.8867
vn 0.2559 0.8538 0.4534
vn 0.2750 -0.5104 0.8148
vn 0.3045 0.7369 0.6036
vn 0.2201 -0.6673 0.7115
vn 0.3413 0.5918 0.7302
vn 0.1567 -0.7989 0.5807
vn 0.3650 0.4244 0.8286
vn 0.0871 -0.8999 0.4274
vn 0.3747 0.2410 0.8953
vn 0.0140 -0.9663 0.2572
vn 0.3701 0.0486 0.9277
vn 0.1310 0.9857 0.1064
vn -0.0597 -0.9952 0.0769
vn 0.0372 -0.7879 0.6147
vn 0.1992 0.4397 0.8758
vn -0.0018 -0.8917 0.4526
vn 0.1949 0.2575 0.9464
vn -0.0407 -0.9612 0.2728
vn 0.1832 0.0658 0.9809
vn 0.1125 0.9874 0.1116
vn -0.0781 -0.9935 0.0822
vn 0.1645 -0.1284 0.9780
vn 0.1426 0.9429 0.3011
vn 0.1395 -0.3177 0.9379
vn 0.1670 0.8619 0.4787
vn 0.1092 -0.4952 0.8619
vn 0.1850 0.7479 0.6375
vn 0.0747 -0.6539 0.7529
vn 0.1959 0.6052 0.7716
vn -0.0467 -0.3000 0.9528
vn 0.0750 0.8707 0.4861
vn -0.0626 -0.4788 0.8757
vn 0.0613 0.7596 0.6475
vn -0.0760 -0.6396 0.7649
vn 0.0452 0.6196 0.7837
vn -0.0866 -0.7761 0.6246
vn 0.0274 0.4560 0.8896
vn -0.0938 -0.8829 0.4600
vn 0.0086 0.2752 0.9613
vn -0.0975 -0.9558 0.2773
vn -0.0104 0.0842 0.9964
vn 0.0934 0.9892 0.1132
vn -0.0973 -0.9917 0.0837
vn -0.0291 -0.1100 0.9935
vn 0.0859 0.9483 0.3056
vn -0.1855 -0.8740 0.4492
vn -0.1769 0.2934 0.9395
vn -0.1539 -0.9503 0.2707
vn -0.2033 0.1031 0.9737
vn 0.0743 0.9910 0.1109
vn -0.1164 -0.9899 0.0815
vn -0.2220 -0.0911 0.9708
vn 0.0294 0.9538 0.2990
vn -0.2322 -0.2819 0.9309
vn -0.0167 0.8797 0.4753
vn -0.2336 -0.4621 0.8555
vn -0.0620 0.7717 0.6329
vn -0.2261 -0.6249 0.7473
vn -0.1049 0.6343 0.7660
vn -0.2099 -0.7640 0.6101
vn -0.1436 0.4728 0.8694
vn -0.1045 0.8886 0.4467
vn -0.3975 -0.4455 0.8022
vn -0.1801 0.7837 0.5945
vn -0.3698 -0.6104 0.7005
vn -0.2486 0.6488 0.7192
vn -0.3279 -0.7521 0.5717
vn -0.3075 0.4893 0.8161
vn -0.2733 -0.8651 0.4206
vn -0.3545 0.3114 0.8817
vn -0.2081 -0.9448 0.2531
vn -0.3880 0.1218 0.9136
vn 0.0560 0.9929 0.1050
vn -0.1347 -0.9880 0.0755
vn -0.4067 -0.0724 0.9107
vn -0.0247 0.9593 0.2814
vn -0.4099 -0.2639 0.8731
vn -0.5175 0.3284 0.7902
vn -0.2577 -0.9396 0.2252
vn -0.5574 0.1395 0.8185
vn 0.0393 0.9946 0.0956
vn -0.1514 -0.9863 0.0661
vn -0.5761 -0.0547 0.8156
vn -0.0744 0.9645 0.2535
vn -0.5728 -0.2468 0.7816
vn -0.1850 0.8970 0.4015
vn -0.5477 -0.4298 0.7178
vn -0.2884 0.7950 0.5337
vn -0.5016 -0.5966 0.6265
vn -0.3804 0.6626 0.6452
vn -0.4362 -0.7408 0.5109
vn -0.4577 0.5050 0.7317
vn -0.3539 -0.8567 0.3754
vn -0.6787 -0.4155 0.6056
vn -0.3827 0.8053 0.4528
vn -0.6165 -0.5841 0.5280
vn -0.4953 0.6751 0.5467
vn -0.5306 -0.7305 0.4300
vn -0.5887 0.5193 0.6195
vn -0.4240 -0.8490 0.3152
vn -0.6595 0.3439 0.6685
vn -0.3009 -0.9349 0.1881
vn -0.7050 0.1556 0.6919
vn 0.0247 0.9962 0.0831
vn -0.1660 -0.9847 0.0536
vn -0.7237 -0.0386 0.6890
vn -0.1176 0.9692 0.2164
vn -0.7148 -0.2314 0.6599
vn -0.2552 0.9046 0.3413
vn -0.3361 -0.9308 0.1433
vn -0.8252 0.1694 0.5389
vn 0.0128 0.9976 0.0679
vn -0.1779 -0.9833 0.0385
vn -0.8439 -0.0247 0.5360
vn -0.1528 0.9732 0.1716
vn -0.8304 -0.2180 0.5127
vn -0.3124 0.9112 0.2685
vn -0.7853 -0.4032 0.4698
vn -0.4596 0.8141 0.3550
vn -0.7101 -0.5733 0.4089
vn -0.5888 0.6859 0.4276
vn -0.6074 -0.7216 0.3321
vn -0.6953 0.5316 0.4837
vn -0.4812 -0.8424 0.2425
vn -0.7751 0.3572 0.5212
vn -0.5159 0.8212 0.2439
vn -0.7786 -0.5647 0.2737
vn -0.6574 0.6945 0.2924
vn -0.6637 -0.7145 0.2211
vn -0.7735 0.5414 0.3296
vn -0.5231 -0.8372 0.1599
vn -0.8598 0.3679 0.3541
vn -0.3620 -0.9276 0.0924
vn -0.9133 0.1805 0.3651
vn 0.0040 0.9987 0.0507
vn -0.1867 -0.9822 0.0213
vn -0.9320 -0.0137 0.3622
vn -0.1787 0.9765 0.1207
vn -0.9152 -0.2074 0.3456
vn -0.3542 0.9165 0.1859
vn -0.8635 -0.3934 0.3157
vn -0.9659 0.1884 0.1774
vn -0.0012 0.9995 0.0321
vn -0.1919 -0.9814 0.0027
vn -0.9846 -0.0058 0.1745
vn -0.1941 0.9788 0.0657
vn -0.9658 -0.1998 0.1650
vn -0.3793 0.9202 0.0967
vn -0.9102 -0.3864 0.1492
vn -0.5495 0.8262 0.1239
vn -0.8196 -0.5586 0.1276
vn -0.6984 0.7006 0.1463
vn -0.6974 -0.7095 0.1011
vn -0.8202 0.5484 0.1631
vn -0.5481 -0.8334 0.0706
vn -0.9105 0.3754 0.1736
vn -0.3774 -0.9253 0.0374
vn -0.8314 -0.5552 -0.0237
vn -0.7102 0.7040 -0.0050
vn -0.7071 -0.7067 -0.0232
vn -0.8336 0.5522 -0.0094
vn -0.5553 -0.8314 -0.0218
vn -0.9250 0.3796 -0.0135
vn -0.3818 -0.9240 -0.0196
vn -0.9811 0.1927 -0.0170
vn -0.0027 0.9999 0.0129
vn -0.1934 -0.9810 -0.0166
vn -0.9998 -0.0015 -0.0199
vn -0.1985 0.9801 0.0087
vn -0.9804 -0.1957 -0.0220
vn -0.3865 0.9223 0.0043
vn -0.9236 -0.3826 -0.0233
vn -0.5592 0.8290 -0.0004
vn -0.1911 -0.9809 -0.0357
vn -0.9769 -0.0008 -0.2137
vn -0.1918 0.9803 -0.0480
vn -0.9584 -0.1950 -0.2084
vn -0.3756 0.9226 -0.0879
vn -0.9033 -0.3820 -0.1952
vn -0.5446 0.8294 -0.1242
vn -0.8136 -0.5546 -0.1745
vn -0.6924 0.7045 -0.1558
vn -0.6925 -0.7063 -0.1471
vn -0.8133 0.5528 -0.1813
vn -0.5444 -0.8310 -0.1139
vn -0.9030 0.3803 -0.1999
vn -0.3751 -0.9238 -0.0763
vn -0.9582 0.1934 -0.2108
vn -0.0004 1.0000 -0.0063
vn -0.6540 -0.7082 -0.2657
vn -0.7600 0.5502 -0.3459
vn -0.5159 -0.8325 -0.2022
vn -0.8452 0.3774 -0.3784
vn -0.3575 -0.9247 -0.1307
vn -0.8981 0.1904 -0.3964
vn 0.0055 0.9997 -0.0246
vn -0.1852 -0.9812 -0.0541
vn -0.9168 -0.0038 -0.3993
vn -0.1742 0.9794 -0.1024
vn -0.9006 -0.1979 -0.3869
vn -0.3470 0.9212 -0.1761
vn -0.8500 -0.3847 -0.3598
vn -0.5062 0.8275 -0.2429
vn -0.7668 -0.5570 -0.3189
vn -0.6456 0.7022 -0.3002
vn -0.1464 0.9774 -0.1523
vn -0.8093 -0.2043 -0.5508
vn -0.3019 0.9180 -0.2571
vn -0.7658 -0.3905 -0.5109
vn -0.4455 0.8233 -0.3518
vn -0.6929 -0.5621 -0.4515
vn -0.5717 0.6970 -0.4328
vn -0.5934 -0.7125 -0.3746
vn -0.6758 0.5443 -0.4970
vn -0.4707 -0.8356 -0.2831
vn -0.7539 0.3710 -0.5422
vn -0.3297 -0.9267 -0.1806
vn -0.8032 0.1838 -0.5667
vn 0.0149 0.9990 -0.0415
vn -0.1758 -0.9819 -0.0709
vn -0.8219 -0.0104 -0.5696
vn -0.5639 0.5355 -0.6287
vn -0.4107 -0.8403 -0.3537
vn -0.6325 0.3614 -0.6850
vn -0.2927 -0.9296 -0.2241
vn -0.6770 0.1738 -0.7152
vn 0.0274 0.9980 -0.0562
vn -0.1633 -0.9829 -0.0856
vn -0.6957 -0.0204 -0.7180
vn -0.1094 0.9745 -0.1958
vn -0.6879 -0.2138 -0.6936
vn -0.2419 0.9133 -0.3277
vn -0.6539 -0.3994 -0.6426
vn -0.3648 0.8169 -0.4467
vn -0.5947 -0.5699 -0.5670
vn -0.4735 0.6893 -0.5483
vn -0.5127 -0.7188 -0.4695
vn -0.5412 -0.2262 -0.8099
vn -0.1694 0.9072 -0.3852
vn -0.5185 -0.4108 -0.7499
vn -0.2673 0.8087 -0.5240
vn -0.4760 -0.5799 -0.6611
vn -0.3548 0.6793 -0.6424
vn -0.4152 -0.7271 -0.5468
vn -0.4285 0.5240 -0.7360
vn -0.3382 -0.8465 -0.4112
vn -0.4858 0.3490 -0.8014
vn -0.2480 -0.9333 -0.2595
vn -0.5245 0.1609 -0.8361
vn 0.0425 0.9968 -0.0682
vn -0.1482 -0.9841 -0.0976
vn -0.5432 -0.0332 -0.8390
vn -0.0647 0.9707 -0.2312
vn -0.2559 -0.8538 -0.4534
vn -0.3193 0.3343 -0.8867
vn -0.1973 -0.9378 -0.2855
vn -0.3514 0.1456 -0.9248
vn 0.0597 0.9952 -0.0769
vn -0.1310 -0.9857 -0.1064
vn -0.3701 -0.0486 -0.9277
vn -0.0140 0.9663 -0.2572
vn -0.3747 -0.2410 -0.8953
vn -0.0871 0.8999 -0.4274
vn -0.3650 -0.4244 -0.8286
vn -0.1567 0.7989 -0.5807
vn -0.3413 -0.5918 -0.7302
vn -0.2201 0.6673 -0.7115
vn -0.3045 -0.7369 -0.6036
vn -0.2750 0.5104 -0.8148
vn 0.0018 0.8917 -0.4526
vn -0.1992 -0.4397 -0.8758
vn -0.0372 0.7879 -0.6147
vn -0.1959 -0.6052 -0.7716
vn -0.0747 0.6539 -0.7529
vn -0.1850 -0.7479 -0.6375
vn -0.1092 0.4952 -0.8619
vn -0.1670 -0.8619 -0.4787
vn -0.1395 0.3177 -0.9379
vn -0.1426 -0.9429 -0.3011
vn -0.1645 0.1284 -0.9780
vn 0.0781 0.9935 -0.0822
vn -0.1126 -0.9874 -0.1116
vn -0.1832 -0.0658 -0.9809
vn 0.0407 0.9612 -0.2728
vn -0.1949 -0.2575 -0.9464
vn 0.0467 0.3000 -0.9528
vn -0.0859 -0.9483 -0.3056
vn 0.0291 0.1100 -0.9935
vn 0.0973 0.9917 -0.0837
vn -0.0934 -0.9892 -0.1132
vn 0.0104 -0.0842 -0.9964
vn 0.0974 0.9558 -0.2773
vn -0.0086 -0.2752 -0.9613
vn 0.0938 0.8829 -0.4600
vn -0.0274 -0.4560 -0.8896
vn 0.0866 0.7761 -0.6246
vn -0.0452 -0.6196 -0.7837
vn 0.0760 0.6396 -0.7649
vn -0.0613 -0.7596 -0.6475
vn 0.0626 0.4788 -0.8757
vn -0.0750 -0.8707 -0.4861
vn 0.1436 -0.4728 -0.8694
vn 0.2099 0.7640 -0.6101
vn 0.1049 -0.6343 -0.7660
vn 0.2261 0.6249 -0.7473
vn 0.0620 -0.7717 -0.6329
vn 0.2336 0.4621 -0.8555
vn 0.0167 -0.8797 -0.4753
vn 0.2322 0.2819 -0.9309
vn -0.0294 -0.9538 -0.2990
vn 0.2220 0.0911 -0.9708
vn 0.1164 0.9899 -0.0815
vn -0.0743 -0.9910 -0.1109
vn 0.2033 -0.1031 -0.9737
vn 0.1539 0.9503 -0.2707
vn 0.1769 -0.2934 -0.9395
vn 0.1855 0.8740 -0.4492
vn 0.0248 -0.9593 -0.2814
vn 0.4067 0.0724 -0.9107
vn 0.1347 0.9880 -0.0755
vn -0.0560 -0.9929 -0.1050
vn 0.3880 -0.1218 -0.9136
vn 0.2081 0.9448 -0.2531
vn 0.3545 -0.3114 -0.8817
vn 0.2733 0.8651 -0.4206
vn 0.3075 -0.4893 -0.8161
vn 0.3279 0.7521 -0.5717
vn 0.2486 -0.6488 -0.7192
vn 0.3698 0.6104 -0.7005
vn 0.1801 -0.7837 -0.5945
vn 0.3975 0.4455 -0.8022
vn 0.1045 -0.8886 -0.4467
vn 0.4099 0.2639 -0.8731
vt 0.750000 0.062500
vt 0.750000 0.125000
vt 0.718750 0.125000
vt 0.718750 0.062500
vt 0.750000 0.500000
vt 0.750000 0.562500
vt 0.718750 0.562500
vt 0.718750 0.500000
vt 0.750000 0.937500
vt 0.734375 1.000000
vt 0.718750 0.937500
vt 0.734375 0.000000
vt 0.750000 0.437500
vt 0.718750 0.437500
vt 0.750000 0.875000
vt 0.718750 0.875000
vt 0.750000 0.375000
vt 0.718750 0.375000
vt 0.750000 0.812500
vt 0.718750 0.812500
vt 0.750000 0.312500
vt 0.718750 0.312500
vt 0.750000 0.750000
vt 0.718750 0.750000
vt 0.750000 0.250000
vt 0.718750 0.250000
vt 0.750000 0.687500
vt 0.718750 0.687500
vt 0.750000 0.187500
vt 0.718750 0.187500
vt 0.750000 0.625000
vt 0.718750 0.625000
vt 0.687500 0.687500
vt 0.687500 0.625000
vt 0.687500 0.187500
vt 0.687500 0.125000
vt 0.687500 0.562500
vt 0.687500 0.062500
vt 0.687500 0.500000
vt 0.703125 1.000000
vt 0.687500 0.937500
vt 0.703125 0.000000
vt 0.687500 0.437500
vt 0.687500 0.875000
vt 0.687500 0.375000
vt 0.687500 0.812500
vt 0.687500 0.312500
vt 0.687500 0.750000
vt 0.687500 0.250000
vt 0.656250 0.437500
vt 0.656250 0.375000
vt 0.656250 0.875000
vt 0.656250 0.812500
vt 0.656250 0.312500
vt 0.656250 0.750000
vt 0.656250 0.250000
vt 0.656250 0.687500
vt 0.656250 0.187500
vt 0.656250 0.625000
vt 0.656250 0.125000
vt 0.656250 0.562500
vt 0.656250 0.062500
vt 0.656250 0.500000
vt 0.671875 1.000000
vt 0.656250 0.937500
vt 0.671875 0.000000
vt 0.625000 0.187500
vt 0.625000 0.125000
vt 0.625000 0.625000
vt 0.625000 0.562500
vt 0.625000 0.062500
vt 0.625000 0.500000
vt 0.640625 1.000000
vt 0.625000 0.937500
vt 0.640625 0.000000
vt 0.625000 0.437500
vt 0.625000 0.875000
vt 0.625000 0.375000
vt 0.625000 0.812500
vt 0.625000 0.312500
vt 0.625000 0.750000
vt 0.625000 0.250000
vt 0.625000 0.687500
vt 0.593750 0.375000
vt 0.593750 0.312500
vt 0.593750 0.812500
vt 0.593750 0.750000
vt 0.593750 0.250000
vt 0.593750 0.687500
vt 0.593750 0.187500
vt 0.593750 0.625000
vt 0.593750 0.125000
vt 0.593750 0.562500
vt 0.593750 0.062500
vt 0.593750 0.500000
vt 0.609375 1.000000
vt 0.593750 0.937500
vt 0.609375 0.000000
vt 0.593750 0.437500
vt 0.593750 0.875000
vt 0.562500 0.125000
vt 0.562500 0.062500
vt 0.562500 0.562500
vt 0.562500 0.500000
vt 0.578125 1.000000
vt 0.562500 0.937500
vt 0.578125 0.000000
vt 0.562500 0.437500
vt 0.562500 0.875000
vt 0.562500 0.375000
vt 0.562500 0.812500
vt 0.562500 0.312500
vt 0.562500 0.750000
vt 0.562500 0.250000
vt 0.562500 0.687500
vt 0.562500 0.187500
vt 0.562500 0.625000
vt 0.531250 0.812500
vt 0.531250 0.750000
vt 0.531250 0.312500
vt 0.531250 0.250000
vt 0.531250 0.687500
vt 0.531250 0.187500
vt 0.531250 0.625000
vt 0.531250 0.125000
vt 0.531250 0.562500
vt 0.531250 0.062500
vt 0.531250 0.500000
vt 0.546875 1.000000
vt 0.531250 0.937500
vt 0.546875 0.000000
vt 0.531250 0.437500
vt 0.531250 0.875000
vt 0.531250 0.375000
vt 0.500000 0.562500
vt 0.500000 0.500000
vt 0.515625 1.000000
vt 0.500000 0.937500
vt 0.515625 0.000000
vt 0.500000 0.062500
vt 0.500000 0.437500
vt 0.500000 0.875000
vt 0.500000 0.375000
vt 0.500000 0.812500
vt 0.500000 0.312500
vt 0.500000 0.750000
vt 0.500000 0.250000
vt 0.500000 0.687500
vt 0.500000 0.187500
vt 0.500000 0.625000
vt 0.500000 0.125000
vt 0.468750 0.312500
vt 0.468750 0.250000
vt 0.468750 0.750000
vt 0.468750 0.687500
vt 0.468750 0.187500
vt 0.468750 0.625000
vt 0.468750 0.125000
vt 0.468750 0.562500
vt 0.468750 0.062500
vt 0.468750 0.500000
vt 0.484375 1.000000
vt 0.468750 0.937500
vt 0.484375 0.000000
vt 0.468750 0.437500
vt 0.468750 0.875000
vt 0.468750 0.375000
vt 0.468750 0.812500
vt 0.453125 1.000000
vt 0.437500 0.937500
vt 0.453125 0.000000
vt 0.437500 0.062500
vt 0.437500 0.500000
vt 0.437500 0.437500
vt 0.437500 0.875000
vt 0.437500 0.375000
vt 0.437500 0.812500
vt 0.437500 0.312500
vt 0.437500 0.750000
vt 0.437500 0.250000
vt 0.437500 0.687500
vt 0.437500 0.187500
vt 0.437500 0.625000
vt 0.437500 0.125000
vt 0.437500 0.562500
vt 0.406250 0.750000
vt 0.406250 0.687500
vt 0.406250 0.250000
vt 0.406250 0.187500
vt 0.406250 0.625000
vt 0.406250 0.125000
vt 0.406250 0.562500
vt 0.406250 0.062500
vt 0.406250 0.500000
vt 0.421875 1.000000
vt 0.406250 0.937500
vt 0.421875 0.000000
vt 0.406250 0.437500
vt 0.406250 0.875000
vt 0.406250 0.375000
vt 0.406250 0.812500
vt 0.406250 0.312500
vt 0.375000 0.500000
vt 0.375000 0.437500
vt 0.375000 0.937500
vt 0.375000 0.875000
vt 0.375000 0.375000
vt 0.375000 0.812500
vt 0.375000 0.312500
vt 0.375000 0.750000
vt 0.375000 0.250000
vt 0.375000 0.687500
vt 0.375000 0.187500
vt 0.375000 0.625000
vt 0.375000 0.125000
vt 0.375000 0.562500
vt 0.375000 0.062500
vt 0.390625 1.000000
vt 0.390625 0.000000
vt 0.343750 0.250000
vt 0.343750 0.187500
vt 0.343750 0.687500
vt 0.343750 0.625000
vt 0.343750 0.125000
vt 0.343750 0.562500
vt 0.343750 0.062500
vt 0.343750 0.500000
vt 0.359375 1.000000
vt 0.343750 0.937500
vt 0.359375 0.000000
vt 0.343750 0.437500
vt 0.343750 0.875000
vt 0.343750 0.375000
vt 0.343750 0.812500
vt 0.343750 0.312500
vt 0.343750 0.750000
vt 0.312500 0.437500
vt 0.312500 0.375000
vt 0.312500 0.875000
vt 0.312500 0.812500
vt 0.312500 0.312500
vt 0.312500 0.750000
vt 0.312500 0.250000
vt 0.312500 0.687500
vt 0.312500 0.187500
vt 0.312500 0.625000
vt 0.312500 0.125000
vt 0.312500 0.562500
vt 0.312500 0.062500
vt 0.312500 0.500000
vt 0.328125 1.000000
vt 0.312500 0.937500
vt 0.328125 0.000000
vt 0.281250 0.187500
vt 0.281250 0.125000
vt 0.281250 0.625000
vt 0.281250 0.562500
vt 0.281250 0.062500
vt 0.281250 0.500000
vt 0.296875 1.000000
vt 0.281250 0.937500
vt 0.296875 0.000000
vt 0.281250 0.437500
vt 0.281250 0.875000
vt 0.281250 0.375000
vt 0.281250 0.812500
vt 0.281250 0.312500
vt 0.281250 0.750000
vt 0.281250 0.250000
vt 0.281250 0.687500
vt 0.250000 0.875000
vt 0.250000 0.812500
vt 0.250000 0.375000
vt 0.250000 0.312500
vt 0.250000 0.750000
vt 0.250000 0.250000
vt 0.250000 0.687500
vt 0.250000 0.187500
vt 0.250000 0.625000
vt 0.250000 0.125000
vt 0.250000 0.562500
vt 0.250000 0.062500
vt 0.250000 0.500000
vt 0.265625 1.000000
vt 0.250000 0.937500
vt 0.265625 0.000000
vt 0.250000 0.437500
vt 0.218750 0.625000
vt 0.218750 0.562500
vt 0.218750 0.125000
vt 0.218750 0.062500
vt 0.218750 0.500000
vt 0.234375 1.000000
vt 0.218750 0.937500
vt 0.234375 0.000000
vt 0.218750 0.437500
vt 0.218750 0.875000
vt 0.218750 0.375000
vt 0.218750 0.812500
vt 0.218750 0.312500
vt 0.218750 0.750000
vt 0.218750 0.250000
vt 0.218750 0.687500
vt 0.218750 0.187500
vt 0.187500 0.375000
vt 0.187500 0.312500
vt 0.187500 0.812500
vt 0.187500 0.750000
vt 0.187500 0.250000
vt 0.187500 0.687500
vt 0.187500 0.187500
vt 0.187500 0.625000
vt 0.187500 0.125000
vt 0.187500 0.562500
vt 0.187500 0.062500
vt 0.187500 0.500000
vt 0.203125 1.000000
vt 0.187500 0.937500
vt 0.203125 0.000000
vt 0.187500 0.437500
vt 0.187500 0.875000
vt 0.156250 0.125000
vt 0.156250 0.062500
vt 0.156250 0.562500
vt 0.156250 0.500000
vt 0.171875 1.000000
vt 0.156250 0.937500
vt 0.171875 0.000000
vt 0.156250 0.437500
vt 0.156250 0.875000
vt 0.156250 0.375000
vt 0.156250 0.812500
vt 0.156250 0.312500
vt 0.156250 0.750000
vt 0.156250 0.250000
vt 0.156250 0.687500
vt 0.156250 0.187500
vt 0.156250 0.625000
vt 0.125000 0.812500
vt 0.125000 0.750000
vt 0.125000 0.312500
vt 0.125000 0.250000
vt 0.125000 0.687500
vt 0.125000 0.187500
vt 0.125000 0.625000
vt 0.125000 0.125000
vt 0.125000 0.562500
vt 0.125000 0.062500
vt 0.125000 0.500000
vt 0.140625 1.000000
vt 0.125000 0.937500
vt 0.140625 0.000000
vt 0.125000 0.437500
vt 0.125000 0.875000
vt 0.125000 0.375000
vt 0.093750 0.562500
vt 0.093750 0.500000
vt 0.109375 1.000000
vt 0.093750 0.937500
vt 0.109375 0.000000
vt 0.093750 0.062500
vt 0.093750 0.437500
vt 0.093750 0.875000
vt 0.093750 0.375000
vt 0.093750 0.812500
vt 0.093750 0.312500
vt 0.093750 0.750000
vt 0.093750 0.250000
vt 0.093750 0.687500
vt 0.093750 0.187500
vt 0.093750 0.625000
vt 0.093750 0.125000
vt 0.062500 0.312500
vt 0.062500 0.250000
vt 0.062500 0.750000
vt 0.062500 0.687500
vt 0.062500 0.187500
vt 0.062500 0.625000
vt 0.062500 0.125000
vt 0.062500 0.562500
vt 0.062500 0.062500
vt 0.062500 0.500000
vt 0.078125 1.000000
vt 0.062500 0.937500
vt 0.078125 0.000000
vt 0.062500 0.437500
vt 0.062500 0.875000
vt 0.062500 0.375000
vt 0.062500 0.812500
vt 0.046875 0.000000
vt 0.031250 0.062500
vt 0.031250 0.500000
vt 0.031250 0.437500
vt 0.031250 0.937500
vt 0.031250 0.875000
vt 0.031250 0.375000
vt 0.031250 0.812500
vt 0.031250 0.312500
vt 0.031250 0.750000
vt 0.031250 0.250000
vt 0.031250 0.687500
vt 0.031250 0.187500
vt 0.031250 0.625000
vt 0.031250 0.125000
vt 0.031250 0.562500
vt 0.046875 1.000000
vt 0.000000 0.250000
vt 0.000000 0.187500
vt 0.000000 0.687500
vt 0.000000 0.625000
vt 0.000000 0.125000
vt 0.000000 0.562500
vt 0.000000 0.062500
vt 0.000000 0.500000
vt 0.015625 1.000000
vt 0.000000 0.937500
vt 0.015625 0.000000
vt 0.000000 0.437500
vt 0.000000 0.875000
vt 0.000000 0.375000
vt 0.000000 0.812500
vt 0.000000 0.312500
vt 0.000000 0.750000
vt 1.000000 0.875000
vt 1.000000 0.937500
vt 0.968750 0.937500
vt 0.968750 0.875000
vt 1.000000 0.375000
vt 1.000000 0.437500
vt 0.968750 0.437500
vt 0.968750 0.375000
vt 1.000000 0.812500
vt 0.968750 0.812500
vt 1.000000 0.312500
vt 0.968750 0.312500
vt 1.000000 0.750000
vt 0.968750 0.750000
vt 1.000000 0.250000
vt 0.968750 0.250000
vt 1.000000 0.687500
vt 0.968750 0.687500
vt 1.000000 0.187500
vt 0.968750 0.187500
vt 1.000000 0.625000
vt 0.968750 0.625000
vt 1.000000 0.125000
vt 0.968750 0.125000
vt 1.000000 0.562500
vt 0.968750 0.562500
vt 1.000000 0.062500
vt 0.968750 0.062500
vt 1.000000 0.500000
vt 0.968750 0.500000
vt 0.984375 1.000000
vt 0.984375 0.000000
vt 0.937500 0.687500
vt 0.937500 0.625000
vt 0.937500 0.187500
vt 0.937500 0.125000
vt 0.937500 0.562500
vt 0.937500 0.062500
vt 0.937500 0.500000
vt 0.953125 1.000000
vt 0.937500 0.937500
vt 0.953125 0.000000
vt 0.937500 0.437500
vt 0.937500 0.875000
vt 0.937500 0.375000
vt 0.937500 0.812500
vt 0.937500 0.312500
vt 0.937500 0.750000
vt 0.937500 0.250000
vt 0.906250 0.437500
vt 0.906250 0.375000
vt 0.906250 0.875000
vt 0.906250 0.812500
vt 0.906250 0.312500
vt 0.906250 0.750000
vt 0.906250 0.250000
vt 0.906250 0.687500
vt 0.906250 0.187500
vt 0.906250 0.625000
vt 0.906250 0.125000
vt 0.906250 0.562500
vt 0.906250 0.062500
vt 0.906250 0.500000
vt 0.921875 1.000000
vt 0.906250 0.937500
vt 0.921875 0.000000
vt 0.875000 0.187500
vt 0.875000 0.125000
vt 0.875000 0.625000
vt 0.875000 0.562500
vt 0.875000 0.062500
vt 0.875000 0.500000
vt 0.890625 1.000000
vt 0.875000 0.937500
vt 0.890625 0.000000
vt 0.875000 0.437500
vt 0.875000 0.875000
vt 0.875000 0.375000
vt 0.875000 0.812500
vt 0.875000 0.312500
vt 0.875000 0.750000
vt 0.875000 0.250000
vt 0.875000 0.687500
vt 0.843750 0.875000
vt 0.843750 0.812500
vt 0.843750 0.375000
vt 0.843750 0.312500
vt 0.843750 0.750000
vt 0.843750 0.250000
vt 0.843750 0.687500
vt 0.843750 0.187500
vt 0.843750 0.625000
vt 0.843750 0.125000
vt 0.843750 0.562500
vt 0.843750 0.062500
vt 0.843750 0.500000
vt 0.859375 1.000000
vt 0.843750 0.937500
vt 0.859375 0.000000
vt 0.843750 0.437500
vt 0.812500 0.625000
vt 0.812500 0.562500
vt 0.812500 0.125000
vt 0.812500 0.062500
vt 0.812500 0.500000
vt 0.828125 1.000000
vt 0.812500 0.937500
vt 0.828125 0.000000
vt 0.812500 0.437500
vt 0.812500 0.875000
vt 0.812500 0.375000
vt 0.812500 0.812500
vt 0.812500 0.312500
vt 0.812500 0.750000
vt 0.812500 0.250000
vt 0.812500 0.687500
vt 0.812500 0.187500
vt 0.781250 0.375000
vt 0.781250 0.312500
vt 0.781250 0.812500
vt 0.781250 0.750000
vt 0.781250 0.250000
vt 0.781250 0.687500
vt 0.781250 0.187500
vt 0.781250 0.625000
vt 0.781250 0.125000
vt 0.781250 0.562500
vt 0.781250 0.062500
vt 0.781250 0.500000
vt 0.796875 1.000000
vt 0.781250 0.937500
vt 0.796875 0.000000
vt 0.781250 0.437500
vt 0.781250 0.875000
vt 0.765625 1.000000
vt 0.765625 0.000000
s 0
usemtl tree.003
f 6576/7730/6038 6575/7731/6038 6114/7732/6038 6115/7733/6038
f 6098/7734/6039 6097/7735/6039 6107/7736/6039 6108/7737/6039
f 6568/7738/6040 6176/7739/6040 6101/7740/6040
f 6402/7741/6041 6576/7730/6041 6115/7733/6041
f 6099/7742/6042 6098/7734/6042 6108/7737/6042 6109/7743/6042
f 6569/7744/6043 6568/7738/6043 6101/7740/6043 6102/7745/6043
f 6572/7746/6044 6099/7742/6044 6109/7743/6044 6110/7747/6044
f 6095/7748/6045 6569/7744/6045 6102/7745/6045 6103/7749/6045
f 6100/7750/6046 6572/7746/6046 6110/7747/6046 6111/7751/6046
f 6570/7752/6047 6095/7748/6047 6103/7749/6047 6104/7753/6047
f 6573/7754/6048 6100/7750/6048 6111/7751/6048 6112/7755/6048
f 6096/7756/6049 6570/7752/6049 6104/7753/6049 6105/7757/6049
f 6574/7758/6050 6573/7754/6050 6112/7755/6050 6113/7759/6050
f 6571/7760/6051 6096/7756/6051 6105/7757/6051 6106/7761/6051
f 6575/7731/6052 6574/7758/6052 6113/7759/6052 6114/7732/6052
f 6097/7735/6053 6571/7760/6053 6106/7761/6053 6107/7736/6053
f 6106/7761/6054 6105/7757/6054 6120/7762/6054 6121/7763/6054
f 6114/7732/6055 6113/7759/6055 6128/7764/6055 6129/7765/6055
f 6107/7736/6056 6106/7761/6056 6121/7763/6056 6122/7766/6056
f 6115/7733/6057 6114/7732/6057 6129/7765/6057 6130/7767/6057
f 6108/7737/6058 6107/7736/6058 6122/7766/6058 6123/7768/6058
f 6101/7740/6059 6176/7769/6059 6116/7770/6059
f 6402/7771/6060 6115/7733/6060 6130/7767/6060
f 6109/7743/6061 6108/7737/6061 6123/7768/6061 6124/7772/6061
f 6102/7745/6062 6101/7740/6062 6116/7770/6062 6117/7773/6062
f 6110/7747/6063 6109/7743/6063 6124/7772/6063 6125/7774/6063
f 6103/7749/6064 6102/7745/6064 6117/7773/6064 6118/7775/6064
f 6111/7751/6065 6110/7747/6065 6125/7774/6065 6126/7776/6065
f 6104/7753/6066 6103/7749/6066 6118/7775/6066 6119/7777/6066
f 6112/7755/6067 6111/7751/6067 6126/7776/6067 6127/7778/6067
f 6105/7757/6068 6104/7753/6068 6119/7777/6068 6120/7762/6068
f 6113/7759/6069 6112/7755/6069 6127/7778/6069 6128/7764/6069
f 6125/7774/6070 6124/7772/6070 6139/7779/6070 6140/7780/6070
f 6118/7775/6071 6117/7773/6071 6132/7781/6071 6133/7782/6071
f 6126/7776/6072 6125/7774/6072 6140/7780/6072 6141/7783/6072
f 6119/7777/6073 6118/7775/6073 6133/7782/6073 6134/7784/6073
f 6127/7778/6074 6126/7776/6074 6141/7783/6074 6142/7785/6074
f 6120/7762/6075 6119/7777/6075 6134/7784/6075 6135/7786/6075
f 6128/7764/6076 6127/7778/6076 6142/7785/6076 6143/7787/6076
f 6121/7763/6077 6120/7762/6077 6135/7786/6077 6136/7788/6077
f 6129/7765/6078 6128/7764/6078 6143/7787/6078 6144/7789/6078
f 6122/7766/6079 6121/7763/6079 6136/7788/6079 6137/7790/6079
f 6130/7767/6080 6129/7765/6080 6144/7789/6080 6145/7791/6080
f 6123/7768/6081 6122/7766/6081 6137/7790/6081 6138/7792/6081
f 6116/7770/6082 6176/7793/6082 6131/7794/6082
f 6402/7795/6083 6130/7767/6083 6145/7791/6083
f 6124/7772/6084 6123/7768/6084 6138/7792/6084 6139/7779/6084
f 6117/7773/6085 6116/7770/6085 6131/7794/6085 6132/7781/6085
f 6144/7789/6086 6143/7787/6086 6158/7796/6086 6159/7797/6086
f 6137/7790/6087 6136/7788/6087 6151/7798/6087 6152/7799/6087
f 6145/7791/6088 6144/7789/6088 6159/7797/6088 6160/7800/6088
f 6138/7792/6089 6137/7790/6089 6152/7799/6089 6153/7801/6089
f 6131/7794/6090 6176/7802/6090 6146/7803/6090
f 6402/7804/6091 6145/7791/6091 6160/7800/6091
f 6139/7779/6092 6138/7792/6092 6153/7801/6092 6154/7805/6092
f 6132/7781/6093 6131/7794/6093 6146/7803/6093 6147/7806/6093
f 6140/7780/6094 6139/7779/6094 6154/7805/6094 6155/7807/6094
f 6133/7782/6095 6132/7781/6095 6147/7806/6095 6148/7808/6095
f 6141/7783/6096 6140/7780/6096 6155/7807/6096 6156/7809/6096
f 6134/7784/6097 6133/7782/6097 6148/7808/6097 6149/7810/6097
f 6142/7785/6098 6141/7783/6098 6156/7809/6098 6157/7811/6098
f 6135/7786/6099 6134/7784/6099 6149/7810/6099 6150/7812/6099
f 6143/7787/6100 6142/7785/6100 6157/7811/6100 6158/7796/6100
f 6136/7788/6101 6135/7786/6101 6150/7812/6101 6151/7798/6101
f 6156/7809/6102 6155/7807/6102 6170/7813/6102 6171/7814/6102
f 6149/7810/6103 6148/7808/6103 6163/7815/6103 6164/7816/6103
f 6157/7811/6104 6156/7809/6104 6171/7814/6104 6172/7817/6104
f 6150/7812/6105 6149/7810/6105 6164/7816/6105 6165/7818/6105
f 6158/7796/6106 6157/7811/6106 6172/7817/6106 6173/7819/6106
f 6151/7798/6107 6150/7812/6107 6165/7818/6107 6166/7820/6107
f 6159/7797/6108 6158/7796/6108 6173/7819/6108 6174/7821/6108
f 6152/7799/6109 6151/7798/6109 6166/7820/6109 6167/7822/6109
f 6160/7800/6110 6159/7797/6110 6174/7821/6110 6175/7823/6110
f 6153/7801/6111 6152/7799/6111 6167/7822/6111 6168/7824/6111
f 6146/7803/6112 6176/7825/6112 6161/7826/6112
f 6402/7827/6113 6160/7800/6113 6175/7823/6113
f 6154/7805/6114 6153/7801/6114 6168/7824/6114 6169/7828/6114
f 6147/7806/6115 6146/7803/6115 6161/7826/6115 6162/7829/6115
f 6155/7807/6116 6154/7805/6116 6169/7828/6116 6170/7813/6116
f 6148/7808/6117 6147/7806/6117 6162/7829/6117 6163/7815/6117
f 6175/7823/6118 6174/7821/6118 6190/7830/6118 6191/7831/6118
f 6168/7824/6119 6167/7822/6119 6183/7832/6119 6184/7833/6119
f 6161/7826/6120 6176/7834/6120 6177/7835/6120
f 6402/7836/6121 6175/7823/6121 6191/7831/6121
f 6169/7828/6122 6168/7824/6122 6184/7833/6122 6185/7837/6122
f 6162/7829/6123 6161/7826/6123 6177/7835/6123 6178/7838/6123
f 6170/7813/6124 6169/7828/6124 6185/7837/6124 6186/7839/6124
f 6163/7815/6125 6162/7829/6125 6178/7838/6125 6179/7840/6125
f 6171/7814/6126 6170/7813/6126 6186/7839/6126 6187/7841/6126
f 6164/7816/6127 6163/7815/6127 6179/7840/6127 6180/7842/6127
f 6172/7817/6128 6171/7814/6128 6187/7841/6128 6188/7843/6128
f 6165/7818/6129 6164/7816/6129 6180/7842/6129 6181/7844/6129
f 6173/7819/6130 6172/7817/6130 6188/7843/6130 6189/7845/6130
f 6166/7820/6131 6165/7818/6131 6181/7844/6131 6182/7846/6131
f 6174/7821/6132 6173/7819/6132 6189/7845/6132 6190/7830/6132
f 6167/7822/6133 6166/7820/6133 6182/7846/6133 6183/7832/6133
f 6180/7842/6134 6179/7840/6134 6194/7847/6134 6195/7848/6134
f 6188/7843/6135 6187/7841/6135 6202/7849/6135 6203/7850/6135
f 6181/7844/6136 6180/7842/6136 6195/7848/6136 6196/7851/6136
f 6189/7845/6137 6188/7843/6137 6203/7850/6137 6204/7852/6137
f 6182/7846/6138 6181/7844/6138 6196/7851/6138 6197/7853/6138
f 6190/7830/6139 6189/7845/6139 6204/7852/6139 6205/7854/6139
f 6183/7832/6140 6182/7846/6140 6197/7853/6140 6198/7855/6140
f 6191/7831/6141 6190/7830/6141 6205/7854/6141 6206/7856/6141
f 6184/7833/6142 6183/7832/6142 6198/7855/6142 6199/7857/6142
f 6177/7835/6143 6176/7858/6143 6192/7859/6143
f 6402/7860/6144 6191/7831/6144 6206/7856/6144
f 6185/7837/6145 6184/7833/6145 6199/7857/6145 6200/7861/6145
f 6178/7838/6146 6177/7835/6146 6192/7859/6146 6193/7862/6146
f 6186/7839/6147 6185/7837/6147 6200/7861/6147 6201/7863/6147
f 6179/7840/6148 6178/7838/6148 6193/7862/6148 6194/7847/6148
f 6187/7841/6149 6186/7839/6149 6201/7863/6149 6202/7849/6149
f 6199/7857/6150 6198/7855/6150 6213/7864/6150 6214/7865/6150
f 6192/7859/6151 6176/7866/6151 6207/7867/6151
f 6402/7868/6152 6206/7856/6152 6221/7869/6152
f 6200/7861/6153 6199/7857/6153 6214/7865/6153 6215/7870/6153
f 6193/7862/6154 6192/7859/6154 6207/7867/6154 6208/7871/6154
f 6201/7863/6155 6200/7861/6155 6215/7870/6155 6216/7872/6155
f 6194/7847/6156 6193/7862/6156 6208/7871/6156 6209/7873/6156
f 6202/7849/6157 6201/7863/6157 6216/7872/6157 6217/7874/6157
f 6195/7848/6158 6194/7847/6158 6209/7873/6158 6210/7875/6158
f 6203/7850/6159 6202/7849/6159 6217/7874/6159 6218/7876/6159
f 6196/7851/6160 6195/7848/6160 6210/7875/6160 6211/7877/6160
f 6204/7852/6161 6203/7850/6161 6218/7876/6161 6219/7878/6161
f 6197/7853/6162 6196/7851/6162 6211/7877/6162 6212/7879/6162
f 6205/7854/6163 6204/7852/6163 6219/7878/6163 6220/7880/6163
f 6198/7855/6164 6197/7853/6164 6212/7879/6164 6213/7864/6164
f 6206/7856/6165 6205/7854/6165 6220/7880/6165 6221/7869/6165
f 6218/7876/6166 6217/7874/6166 6232/7881/6166 6233/7882/6166
f 6211/7877/6167 6210/7875/6167 6225/7883/6167 6226/7884/6167
f 6219/7878/6168 6218/7876/6168 6233/7882/6168 6234/7885/6168
f 6212/7879/6169 6211/7877/6169 6226/7884/6169 6227/7886/6169
f 6220/7880/6170 6219/7878/6170 6234/7885/6170 6235/7887/6170
f 6213/7864/6171 6212/7879/6171 6227/7886/6171 6228/7888/6171
f 6221/7869/6172 6220/7880/6172 6235/7887/6172 6236/7889/6172
f 6214/7865/6173 6213/7864/6173 6228/7888/6173 6229/7890/6173
f 6207/7867/6174 6176/7891/6174 6222/7892/6174
f 6402/7893/6175 6221/7869/6175 6236/7889/6175
f 6215/7870/6176 6214/7865/6176 6229/7890/6176 6230/7894/6176
f 6208/7871/6177 6207/7867/6177 6222/7892/6177 6223/7895/6177
f 6216/7872/6178 6215/7870/6178 6230/7894/6178 6231/7896/6178
f 6209/7873/6179 6208/7871/6179 6223/7895/6179 6224/7897/6179
f 6217/7874/6180 6216/7872/6180 6231/7896/6180 6232/7881/6180
f 6210/7875/6181 6209/7873/6181 6224/7897/6181 6225/7883/6181
f 6222/7892/6182 6176/7898/6182 6237/7899/6182
f 6402/7900/6183 6236/7889/6183 6251/7901/6183
f 6230/7894/6184 6229/7890/6184 6244/7902/6184 6245/7903/6184
f 6223/7895/6185 6222/7892/6185 6237/7899/6185 6238/7904/6185
f 6231/7896/6186 6230/7894/6186 6245/7903/6186 6246/7905/6186
f 6224/7897/6187 6223/7895/6187 6238/7904/6187 6239/7906/6187
f 6232/7881/6188 6231/7896/6188 6246/7905/6188 6247/7907/6188
f 6225/7883/6189 6224/7897/6189 6239/7906/6189 6240/7908/6189
f 6233/7882/6190 6232/7881/6190 6247/7907/6190 6248/7909/6190
f 6226/7884/6191 6225/7883/6191 6240/7908/6191 6241/7910/6191
f 6234/7885/6192 6233/7882/6192 6248/7909/6192 6249/7911/6192
f 6227/7886/6193 6226/7884/6193 6241/7910/6193 6242/7912/6193
f 6235/7887/6194 6234/7885/6194 6249/7911/6194 6250/7913/6194
f 6228/7888/6195 6227/7886/6195 6242/7912/6195 6243/7914/6195
f 6236/7889/6196 6235/7887/6196 6250/7913/6196 6251/7901/6196
f 6229/7890/6197 6228/7888/6197 6243/7914/6197 6244/7902/6197
f 6241/7910/6198 6240/7908/6198 6255/7915/6198 6256/7916/6198
f 6249/7911/6199 6248/7909/6199 6263/7917/6199 6264/7918/6199
f 6242/7912/6200 6241/7910/6200 6256/7916/6200 6257/7919/6200
f 6250/7913/6201 6249/7911/6201 6264/7918/6201 6265/7920/6201
f 6243/7914/6202 6242/7912/6202 6257/7919/6202 6258/7921/6202
f 6251/7901/6203 6250/7913/6203 6265/7920/6203 6266/7922/6203
f 6244/7902/6204 6243/7914/6204 6258/7921/6204 6259/7923/6204
f 6237/7899/6205 6176/7924/6205 6252/7925/6205
f 6402/7926/6206 6251/7901/6206 6266/7922/6206
f 6245/7903/6207 6244/7902/6207 6259/7923/6207 6260/7927/6207
f 6238/7904/6208 6237/7899/6208 6252/7925/6208 6253/7928/6208
f 6246/7905/6209 6245/7903/6209 6260/7927/6209 6261/7929/6209
f 6239/7906/6210 6238/7904/6210 6253/7928/6210 6254/7930/6210
f 6247/7907/6211 6246/7905/6211 6261/7929/6211 6262/7931/6211
f 6240/7908/6212 6239/7906/6212 6254/7930/6212 6255/7915/6212
f 6248/7909/6213 6247/7907/6213 6262/7931/6213 6263/7917/6213
f 6260/7927/6214 6259/7923/6214 6274/7932/6214 6275/7933/6214
f 6253/7928/6215 6252/7925/6215 6267/7934/6215 6268/7935/6215
f 6261/7929/6216 6260/7927/6216 6275/7933/6216 6276/7936/6216
f 6254/7930/6217 6253/7928/6217 6268/7935/6217 6269/7937/6217
f 6262/7931/6218 6261/7929/6218 6276/7936/6218 6277/7938/6218
f 6255/7915/6219 6254/7930/6219 6269/7937/6219 6270/7939/6219
f 6263/7917/6220 6262/7931/6220 6277/7938/6220 6278/7940/6220
f 6256/7916/6221 6255/7915/6221 6270/7939/6221 6271/7941/6221
f 6264/7918/6222 6263/7917/6222 6278/7940/6222 6279/7942/6222
f 6257/7919/6223 6256/7916/6223 6271/7941/6223 6272/7943/6223
f 6265/7920/6224 6264/7918/6224 6279/7942/6224 6280/7944/6224
f 6258/7921/6225 6257/7919/6225 6272/7943/6225 6273/7945/6225
f 6266/7922/6226 6265/7920/6226 6280/7944/6226 6281/7946/6226
f 6259/7923/6227 6258/7921/6227 6273/7945/6227 6274/7932/6227
f 6252/7925/6228 6176/7947/6228 6267/7934/6228
f 6402/7948/6229 6266/7922/6229 6281/7946/6229
f 6279/7942/6230 6278/7940/6230 6293/7949/6230 6294/7950/6230
f 6272/7943/6231 6271/7941/6231 6286/7951/6231 6287/7952/6231
f 6280/7944/6232 6279/7942/6232 6294/7950/6232 6295/7953/6232
f 6273/7945/6233 6272/7943/6233 6287/7952/6233 6288/7954/6233
f 6281/7946/6234 6280/7944/6234 6295/7953/6234 6296/7955/6234
f 6274/7932/6235 6273/7945/6235 6288/7954/6235 6289/7956/6235
f 6267/7934/6236 6176/7957/6236 6282/7958/6236
f 6402/7959/6237 6281/7946/6237 6296/7955/6237
f 6275/7933/6238 6274/7932/6238 6289/7956/6238 6290/7960/6238
f 6268/7935/6239 6267/7934/6239 6282/7958/6239 6283/7961/6239
f 6276/7936/6240 6275/7933/6240 6290/7960/6240 6291/7962/6240
f 6269/7937/6241 6268/7935/6241 6283/7961/6241 6284/7963/6241
f 6277/7938/6242 6276/7936/6242 6291/7962/6242 6292/7964/6242
f 6270/7939/6243 6269/7937/6243 6284/7963/6243 6285/7965/6243
f 6278/7940/6244 6277/7938/6244 6292/7964/6244 6293/7949/6244
f 6271/7941/6245 6270/7939/6245 6285/7965/6245 6286/7951/6245
f 6291/7962/6246 6290/7960/6246 6305/7966/6246 6306/7967/6246
f 6284/7963/6247 6283/7961/6247 6298/7968/6247 6299/7969/6247
f 6292/7964/6248 6291/7962/6248 6306/7967/6248 6307/7970/6248
f 6285/7965/6249 6284/7963/6249 6299/7969/6249 6300/7971/6249
f 6293/7949/6250 6292/7964/6250 6307/7970/6250 6308/7972/6250
f 6286/7951/6251 6285/7965/6251 6300/7971/6251 6301/7973/6251
f 6294/7950/6252 6293/7949/6252 6308/7972/6252 6309/7974/6252
f 6287/7952/6253 6286/7951/6253 6301/7973/6253 6302/7975/6253
f 6295/7953/6254 6294/7950/6254 6309/7974/6254 6310/7976/6254
f 6288/7954/6255 6287/7952/6255 6302/7975/6255 6303/7977/6255
f 6296/7955/6256 6295/7953/6256 6310/7976/6256 6311/7978/6256
f 6289/7956/6257 6288/7954/6257 6303/7977/6257 6304/7979/6257
f 6282/7958/6258 6176/7980/6258 6297/7981/6258
f 6402/7982/6259 6296/7955/6259 6311/7978/6259
f 6290/7960/6260 6289/7956/6260 6304/7979/6260 6305/7966/6260
f 6283/7961/6261 6282/7958/6261 6297/7981/6261 6298/7968/6261
f 6310/7976/6262 6309/7974/6262 6324/7983/6262 6325/7984/6262
f 6303/7977/6263 6302/7975/6263 6317/7985/6263 6318/7986/6263
f 6311/7978/6264 6310/7976/6264 6325/7984/6264 6326/7987/6264
f 6304/7979/6265 6303/7977/6265 6318/7986/6265 6319/7988/6265
f 6297/7981/6266 6176/7989/6266 6312/7990/6266
f 6402/7991/6267 6311/7978/6267 6326/7987/6267
f 6305/7966/6268 6304/7979/6268 6319/7988/6268 6320/7992/6268
f 6298/7968/6269 6297/7981/6269 6312/7990/6269 6313/7993/6269
f 6306/7967/6270 6305/7966/6270 6320/7992/6270 6321/7994/6270
f 6299/7969/6271 6298/7968/6271 6313/7993/6271 6314/7995/6271
f 6307/7970/6272 6306/7967/6272 6321/7994/6272 6322/7996/6272
f 6300/7971/6273 6299/7969/6273 6314/7995/6273 6315/7997/6273
f 6308/7972/6274 6307/7970/6274 6322/7996/6274 6323/7998/6274
f 6301/7973/6275 6300/7971/6275 6315/7997/6275 6316/7999/6275
f 6309/7974/6276 6308/7972/6276 6323/7998/6276 6324/7983/6276
f 6302/7975/6277 6301/7973/6277 6316/7999/6277 6317/7985/6277
f 6314/7995/6278 6313/7993/6278 6328/8000/6278 6329/8001/6278
f 6322/7996/6279 6321/7994/6279 6336/8002/6279 6337/8003/6279
f 6315/7997/6280 6314/7995/6280 6329/8001/6280 6330/8004/6280
f 6323/7998/6281 6322/7996/6281 6337/8003/6281 6338/8005/6281
f 6316/7999/6282 6315/7997/6282 6330/8004/6282 6331/8006/6282
f 6324/7983/6283 6323/7998/6283 6338/8005/6283 6339/8007/6283
f 6317/7985/6284 6316/7999/6284 6331/8006/6284 6332/8008/6284
f 6325/7984/6285 6324/7983/6285 6339/8007/6285 6340/8009/6285
f 6318/7986/6286 6317/7985/6286 6332/8008/6286 6333/8010/6286
f 6326/7987/6287 6325/7984/6287 6340/8009/6287 6341/8011/6287
f 6319/7988/6288 6318/7986/6288 6333/8010/6288 6334/8012/6288
f 6312/7990/6289 6176/8013/6289 6327/8014/6289
f 6402/8015/6290 6326/7987/6290 6341/8011/6290
f 6320/7992/6291 6319/7988/6291 6334/8012/6291 6335/8016/6291
f 6313/7993/6292 6312/7990/6292 6327/8014/6292 6328/8000/6292
f 6321/7994/6293 6320/7992/6293 6335/8016/6293 6336/8002/6293
f 6333/8010/6294 6332/8008/6294 6347/8017/6294 6348/8018/6294
f 6341/8011/6295 6340/8009/6295 6355/8019/6295 6356/8020/6295
f 6334/8012/6296 6333/8010/6296 6348/8018/6296 6349/8021/6296
f 6327/8014/6297 6176/8022/6297 6342/8023/6297
f 6402/8024/6298 6341/8011/6298 6356/8020/6298
f 6335/8016/6299 6334/8012/6299 6349/8021/6299 6350/8025/6299
f 6328/8000/6300 6327/8014/6300 6342/8023/6300 6343/8026/6300
f 6336/8002/6301 6335/8016/6301 6350/8025/6301 6351/8027/6301
f 6329/8001/6302 6328/8000/6302 6343/8026/6302 6344/8028/6302
f 6337/8003/6303 6336/8002/6303 6351/8027/6303 6352/8029/6303
f 6330/8004/6304 6329/8001/6304 6344/8028/6304 6345/8030/6304
f 6338/8005/6305 6337/8003/6305 6352/8029/6305 6353/8031/6305
f 6331/8006/6306 6330/8004/6306 6345/8030/6306 6346/8032/6306
f 6339/8007/6307 6338/8005/6307 6353/8031/6307 6354/8033/6307
f 6332/8008/6308 6331/8006/6308 6346/8032/6308 6347/8017/6308
f 6340/8009/6309 6339/8007/6309 6354/8033/6309 6355/8019/6309
f 6352/8029/6310 6351/8027/6310 6366/8034/6310 6367/8035/6310
f 6345/8030/6311 6344/8028/6311 6359/8036/6311 6360/8037/6311
f 6353/8031/6312 6352/8029/6312 6367/8035/6312 6368/8038/6312
f 6346/8032/6313 6345/8030/6313 6360/8037/6313 6361/8039/6313
f 6354/8033/6314 6353/8031/6314 6368/8038/6314 6369/8040/6314
f 6347/8017/6315 6346/8032/6315 6361/8039/6315 6362/8041/6315
f 6355/8019/6316 6354/8033/6316 6369/8040/6316 6370/8042/6316
f 6348/8018/6317 6347/8017/6317 6362/8041/6317 6363/8043/6317
f 6356/8020/6318 6355/8019/6318 6370/8042/6318 6371/8044/6318
f 6349/8021/6319 6348/8018/6319 6363/8043/6319 6364/8045/6319
f 6342/8023/6320 6176/8046/6320 6357/8047/6320
f 6402/8048/6321 6356/8020/6321 6371/8044/6321
f 6350/8025/6322 6349/8021/6322 6364/8045/6322 6365/8049/6322
f 6343/8026/6323 6342/8023/6323 6357/8047/6323 6358/8050/6323
f 6351/8027/6324 6350/8025/6324 6365/8049/6324 6366/8034/6324
f 6344/8028/6325 6343/8026/6325 6358/8050/6325 6359/8036/6325
f 6371/8044/6326 6370/8042/6326 6385/8051/6326 6386/8052/6326
f 6364/8045/6327 6363/8043/6327 6378/8053/6327 6379/8054/6327
f 6357/8047/6328 6176/8055/6328 6372/8056/6328
f 6402/8057/6329 6371/8044/6329 6386/8052/6329
f 6365/8049/6330 6364/8045/6330 6379/8054/6330 6380/8058/6330
f 6358/8050/6331 6357/8047/6331 6372/8056/6331 6373/8059/6331
f 6366/8034/6332 6365/8049/6332 6380/8058/6332 6381/8060/6332
f 6359/8036/6333 6358/8050/6333 6373/8059/6333 6374/8061/6333
f 6367/8035/6334 6366/8034/6334 6381/8060/6334 6382/8062/6334
f 6360/8037/6335 6359/8036/6335 6374/8061/6335 6375/8063/6335
f 6368/8038/6336 6367/8035/6336 6382/8062/6336 6383/8064/6336
f 6361/8039/6337 6360/8037/6337 6375/8063/6337 6376/8065/6337
f 6369/8040/6338 6368/8038/6338 6383/8064/6338 6384/8066/6338
f 6362/8041/6339 6361/8039/6339 6376/8065/6339 6377/8067/6339
f 6370/8042/6340 6369/8040/6340 6384/8066/6340 6385/8051/6340
f 6363/8043/6341 6362/8041/6341 6377/8067/6341 6378/8053/6341
f 6375/8063/6342 6374/8061/6342 6389/8068/6342 6390/8069/6342
f 6383/8064/6343 6382/8062/6343 6397/8070/6343 6398/8071/6343
f 6376/8065/6344 6375/8063/6344 6390/8069/6344 6391/8072/6344
f 6384/8066/6345 6383/8064/6345 6398/8071/6345 6399/8073/6345
f 6377/8067/6346 6376/8065/6346 6391/8072/6346 6392/8074/6346
f 6385/8051/6347 6384/8066/6347 6399/8073/6347 6400/8075/6347
f 6378/8053/6348 6377/8067/6348 6392/8074/6348 6393/8076/6348
f 6386/8052/6349 6385/8051/6349 6400/8075/6349 6401/8077/6349
f 6379/8054/6350 6378/8053/6350 6393/8076/6350 6394/8078/6350
f 6372/8056/6351 6176/8079/6351 6387/8080/6351
f 6402/8081/6352 6386/8052/6352 6401/8077/6352
f 6380/8058/6353 6379/8054/6353 6394/8078/6353 6395/8082/6353
f 6373/8059/6354 6372/8056/6354 6387/8080/6354 6388/8083/6354
f 6381/8060/6355 6380/8058/6355 6395/8082/6355 6396/8084/6355
f 6374/8061/6356 6373/8059/6356 6388/8083/6356 6389/8068/6356
f 6382/8062/6357 6381/8060/6357 6396/8084/6357 6397/8070/6357
f 6394/8078/6358 6393/8076/6358 6409/8085/6358 6410/8086/6358
f 6387/8080/6359 6176/8087/6359 6403/8088/6359
f 6402/8089/6360 6401/8077/6360 6417/8090/6360
f 6395/8082/6361 6394/8078/6361 6410/8086/6361 6411/8091/6361
f 6388/8083/6362 6387/8080/6362 6403/8088/6362 6404/8092/6362
f 6396/8084/6363 6395/8082/6363 6411/8091/6363 6412/8093/6363
f 6389/8068/6364 6388/8083/6364 6404/8092/6364 6405/8094/6364
f 6397/8070/6365 6396/8084/6365 6412/8093/6365 6413/8095/6365
f 6390/8069/6366 6389/8068/6366 6405/8094/6366 6406/8096/6366
f 6398/8071/6367 6397/8070/6367 6413/8095/6367 6414/8097/6367
f 6391/8072/6368 6390/8069/6368 6406/8096/6368 6407/8098/6368
f 6399/8073/6369 6398/8071/6369 6414/8097/6369 6415/8099/6369
f 6392/8074/6370 6391/8072/6370 6407/8098/6370 6408/8100/6370
f 6400/8075/6371 6399/8073/6371 6415/8099/6371 6416/8101/6371
f 6393/8076/6372 6392/8074/6372 6408/8100/6372 6409/8085/6372
f 6401/8077/6373 6400/8075/6373 6416/8101/6373 6417/8090/6373
f 6414/8097/6374 6413/8095/6374 6428/8102/6374 6429/8103/6374
f 6407/8098/6375 6406/8096/6375 6421/8104/6375 6422/8105/6375
f 6415/8099/6376 6414/8097/6376 6429/8103/6376 6430/8106/6376
f 6408/8100/6377 6407/8098/6377 6422/8105/6377 6423/8107/6377
f 6416/8101/6378 6415/8099/6378 6430/8106/6378 6431/8108/6378
f 6409/8085/6379 6408/8100/6379 6423/8107/6379 6424/8109/6379
f 6417/8090/6380 6416/8101/6380 6431/8108/6380 6432/8110/6380
f 6410/8086/6381 6409/8085/6381 6424/8109/6381 6425/8111/6381
f 6403/8088/6382 6176/8112/6382 6418/8113/6382
f 6402/8114/6383 6417/8090/6383 6432/8110/6383
f 6411/8091/6384 6410/8086/6384 6425/8111/6384 6426/8115/6384
f 6404/8092/6385 6403/8088/6385 6418/8113/6385 6419/8116/6385
f 6412/8093/6386 6411/8091/6386 6426/8115/6386 6427/8117/6386
f 6405/8094/6387 6404/8092/6387 6419/8116/6387 6420/8118/6387
f 6413/8095/6388 6412/8093/6388 6427/8117/6388 6428/8102/6388
f 6406/8096/6389 6405/8094/6389 6420/8118/6389 6421/8104/6389
f 6402/8119/6390 6432/8110/6390 6447/8120/6390
f 6426/8115/6391 6425/8111/6391 6440/8121/6391 6441/8122/6391
f 6419/8116/6392 6418/8113/6392 6433/8123/6392 6434/8124/6392
f 6427/8117/6393 6426/8115/6393 6441/8122/6393 6442/8125/6393
f 6420/8118/6394 6419/8116/6394 6434/8124/6394 6435/8126/6394
f 6428/8102/6395 6427/8117/6395 6442/8125/6395 6443/8127/6395
f 6421/8104/6396 6420/8118/6396 6435/8126/6396 6436/8128/6396
f 6429/8103/6397 6428/8102/6397 6443/8127/6397 6444/8129/6397
f 6422/8105/6398 6421/8104/6398 6436/8128/6398 6437/8130/6398
f 6430/8106/6399 6429/8103/6399 6444/8129/6399 6445/8131/6399
f 6423/8107/6400 6422/8105/6400 6437/8130/6400 6438/8132/6400
f 6431/8108/6401 6430/8106/6401 6445/8131/6401 6446/8133/6401
f 6424/8109/6402 6423/8107/6402 6438/8132/6402 6439/8134/6402
f 6432/8110/6403 6431/8108/6403 6446/8133/6403 6447/8120/6403
f 6425/8111/6404 6424/8109/6404 6439/8134/6404 6440/8121/6404
f 6418/8113/6405 6176/8135/6405 6433/8123/6405
f 6445/8131/6406 6444/8129/6406 6459/8136/6406 6460/8137/6406
f 6438/8132/6407 6437/8130/6407 6452/8138/6407 6453/8139/6407
f 6446/8133/6408 6445/8131/6408 6460/8137/6408 6461/8140/6408
f 6439/8134/6409 6438/8132/6409 6453/8139/6409 6454/8141/6409
f 6447/8120/6410 6446/8133/6410 6461/8140/6410 6462/8142/6410
f 6440/8121/6411 6439/8134/6411 6454/8141/6411 6455/8143/6411
f 6433/8123/6412 6176/8144/6412 6448/8145/6412
f 6402/8146/6413 6447/8120/6413 6462/8142/6413
f 6441/8122/6414 6440/8121/6414 6455/8143/6414 6456/8147/6414
f 6434/8124/6415 6433/8123/6415 6448/8145/6415 6449/8148/6415
f 6442/8125/6416 6441/8122/6416 6456/8147/6416 6457/8149/6416
f 6435/8126/6417 6434/8124/6417 6449/8148/6417 6450/8150/6417
f 6443/8127/6418 6442/8125/6418 6457/8149/6418 6458/8151/6418
f 6436/8128/6419 6435/8126/6419 6450/8150/6419 6451/8152/6419
f 6444/8129/6420 6443/8127/6420 6458/8151/6420 6459/8136/6420
f 6437/8130/6421 6436/8128/6421 6451/8152/6421 6452/8138/6421
f 6449/8153/6422 6448/8154/6422 6463/8155/6422 6464/8156/6422
f 6457/8157/6423 6456/8158/6423 6471/8159/6423 6472/8160/6423
f 6450/8161/6424 6449/8153/6424 6464/8156/6424 6465/8162/6424
f 6458/8163/6425 6457/8157/6425 6472/8160/6425 6473/8164/6425
f 6451/8165/6426 6450/8161/6426 6465/8162/6426 6466/8166/6426
f 6459/8167/6427 6458/8163/6427 6473/8164/6427 6474/8168/6427
f 6452/8169/6428 6451/8165/6428 6466/8166/6428 6467/8170/6428
f 6460/8171/6429 6459/8167/6429 6474/8168/6429 6475/8172/6429
f 6453/8173/6430 6452/8169/6430 6467/8170/6430 6468/8174/6430
f 6461/8175/6431 6460/8171/6431 6475/8172/6431 6476/8176/6431
f 6454/8177/6432 6453/8173/6432 6468/8174/6432 6469/8178/6432
f 6462/8179/6433 6461/8175/6433 6476/8176/6433 6477/8180/6433
f 6455/8181/6434 6454/8177/6434 6469/8178/6434 6470/8182/6434
f 6448/8154/6435 6176/8183/6435 6463/8155/6435
f 6402/8184/6436 6462/8179/6436 6477/8180/6436
f 6456/8158/6437 6455/8181/6437 6470/8182/6437 6471/8159/6437
f 6468/8174/6438 6467/8170/6438 6482/8185/6438 6483/8186/6438
f 6476/8176/6439 6475/8172/6439 6490/8187/6439 6491/8188/6439
f 6469/8178/6440 6468/8174/6440 6483/8186/6440 6484/8189/6440
f 6477/8180/6441 6476/8176/6441 6491/8188/6441 6492/8190/6441
f 6470/8182/6442 6469/8178/6442 6484/8189/6442 6485/8191/6442
f 6463/8155/6443 6176/8192/6443 6478/8193/6443
f 6402/8194/6444 6477/8180/6444 6492/8190/6444
f 6471/8159/6445 6470/8182/6445 6485/8191/6445 6486/8195/6445
f 6464/8156/6446 6463/8155/6446 6478/8193/6446 6479/8196/6446
f 6472/8160/6447 6471/8159/6447 6486/8195/6447 6487/8197/6447
f 6465/8162/6448 6464/8156/6448 6479/8196/6448 6480/8198/6448
f 6473/8164/6449 6472/8160/6449 6487/8197/6449 6488/8199/6449
f 6466/8166/6450 6465/8162/6450 6480/8198/6450 6481/8200/6450
f 6474/8168/6451 6473/8164/6451 6488/8199/6451 6489/8201/6451
f 6467/8170/6452 6466/8166/6452 6481/8200/6452 6482/8185/6452
f 6475/8172/6453 6474/8168/6453 6489/8201/6453 6490/8187/6453
f 6487/8197/6454 6486/8195/6454 6501/8202/6454 6502/8203/6454
f 6480/8198/6455 6479/8196/6455 6494/8204/6455 6495/8205/6455
f 6488/8199/6456 6487/8197/6456 6502/8203/6456 6503/8206/6456
f 6481/8200/6457 6480/8198/6457 6495/8205/6457 6496/8207/6457
f 6489/8201/6458 6488/8199/6458 6503/8206/6458 6504/8208/6458
f 6482/8185/6459 6481/8200/6459 6496/8207/6459 6497/8209/6459
f 6490/8187/6460 6489/8201/6460 6504/8208/6460 6505/8210/6460
f 6483/8186/6461 6482/8185/6461 6497/8209/6461 6498/8211/6461
f 6491/8188/6462 6490/8187/6462 6505/8210/6462 6506/8212/6462
f 6484/8189/6463 6483/8186/6463 6498/8211/6463 6499/8213/6463
f 6492/8190/6464 6491/8188/6464 6506/8212/6464 6507/8214/6464
f 6485/8191/6465 6484/8189/6465 6499/8213/6465 6500/8215/6465
f 6478/8193/6466 6176/8216/6466 6493/8217/6466
f 6402/8218/6467 6492/8190/6467 6507/8214/6467
f 6486/8195/6468 6485/8191/6468 6500/8215/6468 6501/8202/6468
f 6479/8196/6469 6478/8193/6469 6493/8217/6469 6494/8204/6469
f 6506/8212/6470 6505/8210/6470 6520/8219/6470 6521/8220/6470
f 6499/8213/6471 6498/8211/6471 6513/8221/6471 6514/8222/6471
f 6507/8214/6472 6506/8212/6472 6521/8220/6472 6522/8223/6472
f 6500/8215/6473 6499/8213/6473 6514/8222/6473 6515/8224/6473
f 6493/8217/6474 6176/8225/6474 6508/8226/6474
f 6402/8227/6475 6507/8214/6475 6522/8223/6475
f 6501/8202/6476 6500/8215/6476 6515/8224/6476 6516/8228/6476
f 6494/8204/6477 6493/8217/6477 6508/8226/6477 6509/8229/6477
f 6502/8203/6478 6501/8202/6478 6516/8228/6478 6517/8230/6478
f 6495/8205/6479 6494/8204/6479 6509/8229/6479 6510/8231/6479
f 6503/8206/6480 6502/8203/6480 6517/8230/6480 6518/8232/6480
f 6496/8207/6481 6495/8205/6481 6510/8231/6481 6511/8233/6481
f 6504/8208/6482 6503/8206/6482 6518/8232/6482 6519/8234/6482
f 6497/8209/6483 6496/8207/6483 6511/8233/6483 6512/8235/6483
f 6505/8210/6484 6504/8208/6484 6519/8234/6484 6520/8219/6484
f 6498/8211/6485 6497/8209/6485 6512/8235/6485 6513/8221/6485
f 6510/8231/6486 6509/8229/6486 6524/8236/6486 6525/8237/6486
f 6518/8232/6487 6517/8230/6487 6532/8238/6487 6533/8239/6487
f 6511/8233/6488 6510/8231/6488 6525/8237/6488 6526/8240/6488
f 6519/8234/6489 6518/8232/6489 6533/8239/6489 6534/8241/6489
f 6512/8235/6490 6511/8233/6490 6526/8240/6490 6527/8242/6490
f 6520/8219/6491 6519/8234/6491 6534/8241/6491 6535/8243/6491
f 6513/8221/6492 6512/8235/6492 6527/8242/6492 6528/8244/6492
f 6521/8220/6493 6520/8219/6493 6535/8243/6493 6536/8245/6493
f 6514/8222/6494 6513/8221/6494 6528/8244/6494 6529/8246/6494
f 6522/8223/6495 6521/8220/6495 6536/8245/6495 6537/8247/6495
f 6515/8224/6496 6514/8222/6496 6529/8246/6496 6530/8248/6496
f 6508/8226/6497 6176/8249/6497 6523/8250/6497
f 6402/8251/6498 6522/8223/6498 6537/8247/6498
f 6516/8228/6499 6515/8224/6499 6530/8248/6499 6531/8252/6499
f 6509/8229/6500 6508/8226/6500 6523/8250/6500 6524/8236/6500
f 6517/8230/6501 6516/8228/6501 6531/8252/6501 6532/8238/6501
f 6529/8246/6502 6528/8244/6502 6543/8253/6502 6544/8254/6502
f 6537/8247/6503 6536/8245/6503 6551/8255/6503 6552/8256/6503
f 6530/8248/6504 6529/8246/6504 6544/8254/6504 6545/8257/6504
f 6523/8250/6505 6176/8258/6505 6538/8259/6505
f 6402/8260/6506 6537/8247/6506 6552/8256/6506
f 6531/8252/6507 6530/8248/6507 6545/8257/6507 6546/8261/6507
f 6524/8236/6508 6523/8250/6508 6538/8259/6508 6539/8262/6508
f 6532/8238/6509 6531/8252/6509 6546/8261/6509 6547/8263/6509
f 6525/8237/6510 6524/8236/6510 6539/8262/6510 6540/8264/6510
f 6533/8239/6511 6532/8238/6511 6547/8263/6511 6548/8265/6511
f 6526/8240/6512 6525/8237/6512 6540/8264/6512 6541/8266/6512
f 6534/8241/6513 6533/8239/6513 6548/8265/6513 6549/8267/6513
f 6527/8242/6514 6526/8240/6514 6541/8266/6514 6542/8268/6514
f 6535/8243/6515 6534/8241/6515 6549/8267/6515 6550/8269/6515
f 6528/8244/6516 6527/8242/6516 6542/8268/6516 6543/8253/6516
f 6536/8245/6517 6535/8243/6517 6550/8269/6517 6551/8255/6517
f 6548/8265/6518 6547/8263/6518 6562/8270/6518 6563/8271/6518
f 6541/8266/6519 6540/8264/6519 6555/8272/6519 6556/8273/6519
f 6549/8267/6520 6548/8265/6520 6563/8271/6520 6564/8274/6520
f 6542/8268/6521 6541/8266/6521 6556/8273/6521 6557/8275/6521
f 6550/8269/6522 6549/8267/6522 6564/8274/6522 6565/8276/6522
f 6543/8253/6523 6542/8268/6523 6557/8275/6523 6558/8277/6523
f 6551/8255/6524 6550/8269/6524 6565/8276/6524 6566/8278/6524
f 6544/8254/6525 6543/8253/6525 6558/8277/6525 6559/8279/6525
f 6552/8256/6526 6551/8255/6526 6566/8278/6526 6567/8280/6526
f 6545/8257/6527 6544/8254/6527 6559/8279/6527 6560/8281/6527
f 6538/8259/6528 6176/8282/6528 6553/8283/6528
f 6402/8284/6529 6552/8256/6529 6567/8280/6529
f 6546/8261/6530 6545/8257/6530 6560/8281/6530 6561/8285/6530
f 6539/8262/6531 6538/8259/6531 6553/8283/6531 6554/8286/6531
f 6547/8263/6532 6546/8261/6532 6561/8285/6532 6562/8270/6532
f 6540/8264/6533 6539/8262/6533 6554/8286/6533 6555/8272/6533
f 6567/8280/6534 6566/8278/6534 6575/7731/6534 6576/7730/6534
f 6560/8281/6535 6559/8279/6535 6097/7735/6535 6098/7734/6535
f 6553/8283/6536 6176/8287/6536 6568/7738/6536
f 6402/8288/6537 6567/8280/6537 6576/7730/6537
f 6561/8285/6538 6560/8281/6538 6098/7734/6538 6099/7742/6538
f 6554/8286/6539 6553/8283/6539 6568/7738/6539 6569/7744/6539
f 6562/8270/6540 6561/8285/6540 6099/7742/6540 6572/7746/6540
f 6555/8272/6541 6554/8286/6541 6569/7744/6541 6095/7748/6541
f 6563/8271/6542 6562/8270/6542 6572/7746/6542 6100/7750/6542
f 6556/8273/6543 6555/8272/6543 6095/7748/6543 6570/7752/6543
f 6564/8274/6544 6563/8271/6544 6100/7750/6544 6573/7754/6544
f 6557/8275/6545 6556/8273/6545 6570/7752/6545 6096/7756/6545
f 6565/8276/6546 6564/8274/6546 6573/7754/6546 6574/7758/6546
f 6558/8277/6547 6557/8275/6547 6096/7756/6547 6571/7760/6547
f 6566/8278/6548 6565/8276/6548 6574/7758/6548 6575/7731/6548
f 6559/8279/6549 6558/8277/6549 6571/7760/6549 6097/7735/6549
o Cylinder.010
v -23.003765 1.438282 2.440364
v -23.184933 4.155703 2.770128
v -22.825600 1.438282 2.562397
v -23.067619 4.155703 2.850481
v -22.674664 1.438282 2.716843
v -22.968235 4.155703 2.952176
v -22.556759 1.438282 2.897768
v -22.890600 4.155703 3.071306
v -22.476416 1.438282 3.098218
v -22.837700 4.155703 3.203292
v -22.436724 1.438282 3.310491
v -22.811563 4.155703 3.343063
v -22.439205 1.438282 3.526429
v -22.813198 4.155703 3.485248
v -22.483768 1.438282 3.737733
v -22.842541 4.155703 3.624381
v -22.568697 1.438282 3.936283
v -22.898462 4.155703 3.755116
v -22.690729 1.438282 4.114450
v -22.978813 4.155703 3.872430
v -22.845177 1.438282 4.265386
v -23.080509 4.155703 3.971814
v -23.026100 1.438282 4.383290
v -23.199638 4.155703 4.049448
v -23.226551 1.438282 4.463633
v -23.331625 4.155703 4.102350
v -23.438824 1.438282 4.503325
v -23.471397 4.155703 4.128485
v -23.654762 1.438282 4.500843
v -23.613581 4.155703 4.126851
v -23.866066 1.438282 4.456281
v -23.752714 4.155703 4.097509
v -24.064617 1.438282 4.371352
v -23.883450 4.155703 4.041587
v -24.242783 1.438282 4.249319
v -24.000763 4.155703 3.961235
v -24.393719 1.438282 4.094873
v -24.100147 4.155703 3.859540
v -24.511623 1.438282 3.913948
v -24.177782 4.155703 3.740410
v -24.591967 1.438282 3.713498
v -24.230682 4.155703 3.608423
v -24.631659 1.438282 3.501225
v -24.256819 4.155703 3.468652
v -24.629177 1.438282 3.285287
v -24.255184 4.155703 3.326468
v -24.584614 1.438282 3.073983
v -24.225842 4.155703 3.187335
v -24.499685 1.438282 2.875432
v -24.169920 4.155703 3.056599
v -24.377653 1.438282 2.697266
v -24.089569 4.155703 2.939285
v -24.223206 1.438282 2.546330
v -23.987873 4.155703 2.839902
v -24.042282 1.438282 2.428425
v -23.868744 4.155703 2.762267
v -23.841831 1.438282 2.348083
v -23.736757 4.155703 2.709366
v -23.629559 1.438282 2.308390
v -23.596985 4.155703 2.683230
v -23.413620 1.438282 2.310873
v -23.454802 4.155703 2.684865
v -23.202316 1.438282 2.355435
v -23.315668 4.155703 2.714207
vn 0.5598 0.1365 -0.8173
vn 0.7085 0.1365 -0.6924
vn 0.8300 0.1365 -0.5409
vn 0.9195 0.1365 -0.3686
vn 0.9738 0.1365 -0.1821
vn 0.9906 0.1365 0.0114
vn 0.9693 0.1365 0.2044
vn 0.9108 0.1365 0.3896
vn 0.8173 0.1365 0.5598
vn 0.6924 0.1365 0.7085
vn 0.5409 0.1365 0.8300
vn 0.3686 0.1365 0.9195
vn 0.1821 0.1365 0.9738
vn -0.0114 0.1365 0.9906
vn -0.2044 0.1365 0.9693
vn -0.3896 0.1365 0.9108
vn -0.5598 0.1365 0.8173
vn -0.7085 0.1365 0.6924
vn -0.8300 0.1365 0.5409
vn -0.9195 0.1365 0.3686
vn -0.9738 0.1365 0.1821
vn -0.9906 0.1365 -0.0114
vn -0.9693 0.1365 -0.2044
vn -0.9108 0.1365 -0.3896
vn -0.8173 0.1365 -0.5598
vn -0.6924 0.1365 -0.7085
vn -0.5409 0.1365 -0.8300
vn -0.3686 0.1365 -0.9195
vn -0.1821 0.1365 -0.9738
vn 0.0114 0.1365 -0.9906
vn -0.0000 1.0000 -0.0000
vn 0.2044 0.1365 -0.9693
vn 0.3896 0.1365 -0.9108
vn -0.0000 -1.0000 -0.0000
vt 1.000000 0.006361
vt 1.000000 0.982363
vt 0.968750 0.982363
vt 0.968750 0.006361
vt 0.937500 0.982363
vt 0.937500 0.006361
vt 0.906250 0.982363
vt 0.906250 0.006361
vt 0.875000 0.982363
vt 0.875000 0.006361
vt 0.843750 0.982363
vt 0.843750 0.006361
vt 0.812500 0.982363
vt 0.812500 0.006361
vt 0.781250 0.982363
vt 0.781250 0.006361
vt 0.750000 0.982363
vt 0.750000 0.006361
vt 0.718750 0.982363
vt 0.718750 0.006361
vt 0.687500 0.982363
vt 0.687500 0.006361
vt 0.656250 0.982363
vt 0.656250 0.006361
vt 0.625000 0.982363
vt 0.625000 0.006361
vt 0.593750 0.982363
vt 0.593750 0.006361
vt 0.562500 0.982363
vt 0.562500 0.006361
vt 0.531250 0.982363
vt 0.531250 0.006361
vt 0.500000 0.982363
vt 0.500000 0.006361
vt 0.468750 0.982363
vt 0.468750 0.006361
vt 0.437500 0.982363
vt 0.437500 0.006361
vt 0.406250 0.982363
vt 0.406250 0.006361
vt 0.375000 0.982363
vt 0.375000 0.006361
vt 0.343750 0.982363
vt 0.343750 0.006361
vt 0.312500 0.982363
vt 0.312500 0.006361
vt 0.281250 0.982363
vt 0.281250 0.006361
vt 0.250000 0.982363
vt 0.250000 0.006361
vt 0.218750 0.982363
vt 0.218750 0.006361
vt 0.187500 0.982363
vt 0.187500 0.006361
vt 0.156250 0.982363
vt 0.156250 0.006361
vt 0.125000 0.982363
vt 0.125000 0.006361
vt 0.093750 0.982363
vt 0.093750 0.006361
vt 0.062500 0.982363
vt 0.062500 0.006361
vt 0.296822 0.485388
vt 0.250000 0.490000
vt 0.203178 0.485388
vt 0.158156 0.471731
vt 0.116663 0.449553
vt 0.080294 0.419706
vt 0.050447 0.383337
vt 0.028269 0.341844
vt 0.014612 0.296822
vt 0.010000 0.250000
vt 0.014612 0.203178
vt 0.028269 0.158156
vt 0.050447 0.116663
vt 0.080294 0.080294
vt 0.116663 0.050447
vt 0.158156 0.028269
vt 0.203178 0.014612
vt 0.250000 0.010000
vt 0.296822 0.014612
vt 0.341844 0.028269
vt 0.383337 0.050447
vt 0.419706 0.080294
vt 0.449553 0.116663
vt 0.471731 0.158156
vt 0.485388 0.203178
vt 0.490000 0.250000
vt 0.485388 0.296822
vt 0.471731 0.341844
vt 0.449553 0.383337
vt 0.419706 0.419706
vt 0.383337 0.449553
vt 0.341844 0.471731
vt 0.031250 0.982363
vt 0.031250 0.006361
vt 0.000000 0.982363
vt 0.000000 0.006361
vt 0.750000 0.490000
vt 0.796822 0.485388
vt 0.841844 0.471731
vt 0.883337 0.449553
vt 0.919706 0.419706
vt 0.949553 0.383337
vt 0.971731 0.341844
vt 0.985388 0.296822
vt 0.990000 0.250000
vt 0.985388 0.203178
vt 0.971731 0.158156
vt 0.949553 0.116663
vt 0.919706 0.080294
vt 0.883337 0.050447
vt 0.841844 0.028269
vt 0.796822 0.014612
vt 0.750000 0.010000
vt 0.703178 0.014612
vt 0.658156 0.028269
vt 0.616663 0.050447
vt 0.580294 0.080294
vt 0.550447 0.116663
vt 0.528269 0.158156
vt 0.514612 0.203178
vt 0.510000 0.250000
vt 0.514612 0.296822
vt 0.528269 0.341844
vt 0.550447 0.383337
vt 0.580294 0.419706
vt 0.616663 0.449553
vt 0.658156 0.471731
vt 0.703178 0.485388
s 0
usemtl Material.005
f 6577/8289/6550 6578/8290/6550 6580/8291/6550 6579/8292/6550
f 6579/8292/6551 6580/8291/6551 6582/8293/6551 6581/8294/6551
f 6581/8294/6552 6582/8293/6552 6584/8295/6552 6583/8296/6552
f 6583/8296/6553 6584/8295/6553 6586/8297/6553 6585/8298/6553
f 6585/8298/6554 6586/8297/6554 6588/8299/6554 6587/8300/6554
f 6587/8300/6555 6588/8299/6555 6590/8301/6555 6589/8302/6555
f 6589/8302/6556 6590/8301/6556 6592/8303/6556 6591/8304/6556
f 6591/8304/6557 6592/8303/6557 6594/8305/6557 6593/8306/6557
f 6593/8306/6558 6594/8305/6558 6596/8307/6558 6595/8308/6558
f 6595/8308/6559 6596/8307/6559 6598/8309/6559 6597/8310/6559
f 6597/8310/6560 6598/8309/6560 6600/8311/6560 6599/8312/6560
f 6599/8312/6561 6600/8311/6561 6602/8313/6561 6601/8314/6561
f 6601/8314/6562 6602/8313/6562 6604/8315/6562 6603/8316/6562
f 6603/8316/6563 6604/8315/6563 6606/8317/6563 6605/8318/6563
f 6605/8318/6564 6606/8317/6564 6608/8319/6564 6607/8320/6564
f 6607/8320/6565 6608/8319/6565 6610/8321/6565 6609/8322/6565
f 6609/8322/6566 6610/8321/6566 6612/8323/6566 6611/8324/6566
f 6611/8324/6567 6612/8323/6567 6614/8325/6567 6613/8326/6567
f 6613/8326/6568 6614/8325/6568 6616/8327/6568 6615/8328/6568
f 6615/8328/6569 6616/8327/6569 6618/8329/6569 6617/8330/6569
f 6617/8330/6570 6618/8329/6570 6620/8331/6570 6619/8332/6570
f 6619/8332/6571 6620/8331/6571 6622/8333/6571 6621/8334/6571
f 6621/8334/6572 6622/8333/6572 6624/8335/6572 6623/8336/6572
f 6623/8336/6573 6624/8335/6573 6626/8337/6573 6625/8338/6573
f 6625/8338/6574 6626/8337/6574 6628/8339/6574 6627/8340/6574
f 6627/8340/6575 6628/8339/6575 6630/8341/6575 6629/8342/6575
f 6629/8342/6576 6630/8341/6576 6632/8343/6576 6631/8344/6576
f 6631/8344/6577 6632/8343/6577 6634/8345/6577 6633/8346/6577
f 6633/8346/6578 6634/8345/6578 6636/8347/6578 6635/8348/6578
f 6635/8348/6579 6636/8347/6579 6638/8349/6579 6637/8350/6579
f 6580/8351/6580 6578/8352/6580 6640/8353/6580 6638/8354/6580 6636/8355/6580 6634/8356/6580 6632/8357/6580 6630/8358/6580 6628/8359/6580 6626/8360/6580 6624/8361/6580 6622/8362/6580 6620/8363/6580 6618/8364/6580 6616/8365/6580 6614/8366/6580 6612/8367/6580 6610/8368/6580 6608/8369/6580 6606/8370/6580 6604/8371/6580 6602/8372/6580 6600/8373/6580 6598/8374/6580 6596/8375/6580 6594/8376/6580 6592/8377/6580 6590/8378/6580 6588/8379/6580 6586/8380/6580 6584/8381/6580 6582/8382/6580
f 6637/8350/6581 6638/8349/6581 6640/8383/6581 6639/8384/6581
f 6639/8384/6582 6640/8383/6582 6578/8385/6582 6577/8386/6582
f 6577/8387/6583 6579/8388/6583 6581/8389/6583 6583/8390/6583 6585/8391/6583 6587/8392/6583 6589/8393/6583 6591/8394/6583 6593/8395/6583 6595/8396/6583 6597/8397/6583 6599/8398/6583 6601/8399/6583 6603/8400/6583 6605/8401/6583 6607/8402/6583 6609/8403/6583 6611/8404/6583 6613/8405/6583 6615/8406/6583 6617/8407/6583 6619/8408/6583 6621/8409/6583 6623/8410/6583 6625/8411/6583 6627/8412/6583 6629/8413/6583 6631/8414/6583 6633/8415/6583 6635/8416/6583 6637/8417/6583 6639/8418/6583
o Cube
v 8.074640 -0.014132 -22.085781
v 8.105762 0.492255 -22.039186
v 8.719419 -0.025279 -23.742409
v 8.602024 0.490646 -23.750011
v 10.968122 1.506901 -21.160456
v 10.932332 2.110131 -21.118408
v 11.392235 1.478496 -22.676271
v 11.426137 2.113214 -22.850693
vn -0.9450 -0.0675 -0.3200
vn 0.3922 -0.1159 -0.9125
vn 0.9619 0.0305 0.2716
vn -0.2673 -0.0779 0.9605
vn 0.4282 -0.8902 0.1554
vn -0.4607 0.8776 -0.1321
vt -0.414569 1.033497
vt -0.414569 -0.033497
vt 0.042715 -0.033497
vt 0.042715 1.033497
vt 0.500000 -0.033497
vt 0.500000 1.033497
vt 0.957284 -0.033497
vt 0.957285 1.033497
vt 1.414569 -0.033497
vt 1.414569 1.033497
vt 0.500000 2.100491
vt 0.957285 2.100491
vt 0.500000 -1.100491
vt 0.957284 -1.100491
s 0
usemtl Material.003
f 6641/8419/6584 6642/8420/6584 6644/8421/6584 6643/8422/6584
f 6643/8422/6585 6644/8421/6585 6648/8423/6585 6647/8424/6585
f 6647/8424/6586 6648/8423/6586 6646/8425/6586 6645/8426/6586
f 6645/8426/6587 6646/8425/6587 6642/8427/6587 6641/8428/6587
f 6643/8429/6588 6647/8424/6588 6645/8426/6588 6641/8430/6588
f 6648/8423/6589 6644/8431/6589 6642/8432/6589 6646/8425/6589
o Cube.001
v 11.671307 1.533692 -18.443663
v 11.702429 2.040079 -18.397066
v 12.316086 1.522545 -20.100288
v 12.198690 2.038470 -20.107893
v 13.790567 2.577188 -17.701344
v 13.754777 3.180419 -17.659294
v 14.214680 2.548784 -19.217159
v 14.248582 3.183501 -19.391581
vn -0.9450 -0.0675 -0.3200
vn 0.4251 -0.1113 -0.8983
vn 0.9619 0.0305 0.2716
vn -0.2972 -0.0773 0.9517
vn 0.4050 -0.9023 0.1477
vn -0.4476 0.8850 -0.1283
vt -0.414569 1.033497
vt -0.414569 -0.033497
vt 0.042715 -0.033497
vt 0.042715 1.033497
vt 0.500000 -0.033497
vt 0.500000 1.033497
vt 0.957284 -0.033497
vt 0.957285 1.033497
vt 1.414569 -0.033497
vt 1.414569 1.033497
vt 0.500000 2.100491
vt 0.957285 2.100491
vt 0.500000 -1.100491
vt 0.957284 -1.100491
s 0
usemtl Material.001
f 6649/8433/6590 6650/8434/6590 6652/8435/6590 6651/8436/6590
f 6651/8436/6591 6652/8435/6591 6656/8437/6591 6655/8438/6591
f 6655/8438/6592 6656/8437/6592 6654/8439/6592 6653/8440/6592
f 6653/8440/6593 6654/8439/6593 6650/8441/6593 6649/8442/6593
f 6651/8443/6594 6655/8438/6594 6653/8440/6594 6649/8444/6594
f 6656/8437/6595 6652/8445/6595 6650/8446/6595 6654/8439/6595
o Cube.002
v -14.997047 -0.005774 -3.292617
v -15.033103 0.498858 -3.232510
v -13.226286 -0.022250 -3.136382
v -13.251756 0.497286 -3.233603
v -14.823511 1.516426 -0.677616
v -14.873879 2.120077 -0.679697
v -13.249563 1.488578 -0.694458
v -13.072611 2.123477 -0.688975
vn 0.0434 -0.0336 -0.9985
vn 0.9908 -0.1262 0.0484
vn 0.0077 -0.0035 1.0000
vn -0.9900 -0.0832 0.1143
vn -0.0328 -0.8567 0.5148
vn -0.0020 0.8435 -0.5372
vt -0.414569 1.033497
vt -0.414569 -0.033497
vt 0.042715 -0.033497
vt 0.042715 1.033497
vt 0.500000 -0.033497
vt 0.500000 1.033497
vt 0.957284 -0.033497
vt 0.957285 1.033497
vt 1.414569 -0.033497
vt 1.414569 1.033497
vt 0.500000 2.100491
vt 0.957285 2.100491
vt 0.500000 -1.100491
vt 0.957284 -1.100491
s 0
usemtl Material.006
f 6657/8447/6596 6658/8448/6596 6660/8449/6596 6659/8450/6596
f 6659/8450/6597 6660/8449/6597 6664/8451/6597 6663/8452/6597
f 6663/8452/6598 6664/8451/6598 6662/8453/6598 6661/8454/6598
f 6661/8454/6599 6662/8453/6599 6658/8455/6599 6657/8456/6599
f 6659/8457/6600 6663/8452/6600 6661/8454/6600 6657/8458/6600
f 6664/8451/6601 6660/8459/6601 6658/8460/6601 6662/8453/6601
o Cube.003
v -21.648235 1.122390 3.974567
v -21.595613 1.533642 3.973263
v -20.982590 1.051683 2.328199
v -21.056646 1.533917 2.338518
v -19.576998 1.362406 4.497070
v -19.644732 2.124993 4.541120
v -19.134731 1.300725 2.987865
v -19.089882 2.121899 2.820364
vn -0.9387 -0.0190 -0.3442
vn 0.3065 -0.1072 -0.9458
vn 0.9551 0.0367 0.2941
vn -0.2540 -0.0385 0.9664
vn 0.1006 -0.9920 0.0769
vn -0.2656 0.9601 -0.0874
vt -0.414569 1.033497
vt -0.414569 -0.033497
vt 0.042715 -0.033497
vt 0.042715 1.033497
vt 0.500000 -0.033497
vt 0.500000 1.033497
vt 0.957284 -0.033497
vt 0.957285 1.033497
vt 1.414569 -0.033497
vt 1.414569 1.033497
vt 0.500000 2.100491
vt 0.957285 2.100491
vt 0.500000 -1.100491
vt 0.957284 -1.100491
s 0
usemtl Material.007
f 6665/8461/6602 6666/8462/6602 6668/8463/6602 6667/8464/6602
f 6667/8464/6603 6668/8463/6603 6672/8465/6603 6671/8466/6603
f 6671/8466/6604 6672/8465/6604 6670/8467/6604 6669/8468/6604
f 6669/8468/6605 6670/8467/6605 6666/8469/6605 6665/8470/6605
f 6667/8471/6606 6671/8466/6606 6669/8468/6606 6665/8472/6606
f 6672/8465/6607 6668/8473/6607 6666/8474/6607 6670/8467/6607
o Cube.004
v -401.415527 -2.766738 390.395111
v -401.415527 -0.443407 390.395111
v -401.415527 -2.766738 -409.604889
v -401.415527 -0.443407 -409.604889
v 398.584473 -2.766738 390.395111
v 398.584473 -0.443407 390.395111
v 398.584473 -2.766738 -409.604889
v 398.584473 -0.443407 -409.604889
vn -1.0000 -0.0000 -0.0000
vn -0.0000 -0.0000 -1.0000
vn 1.0000 -0.0000 -0.0000
vn -0.0000 -0.0000 1.0000
vn -0.0000 -1.0000 -0.0000
vn -0.0000 1.0000 -0.0000
vt -1.910835 -5.711883
vt 0.964916 -5.711883
vt 0.964916 -2.836132
vt -1.910835 -2.836132
vt 0.964916 0.039619
vt -1.910835 0.039619
vt 0.964916 2.915370
vt -1.910835 2.915370
vt 0.964916 5.791122
vt -1.910835 5.791122
vt -0.164699 0.003718
vt 0.992499 0.003718
vt 0.992499 1.160916
vt -0.164699 1.160916
vt 3.840668 0.039619
vt 3.840668 2.915370
s 0
usemtl Material.010
f 6673/8475/6608 6674/8476/6608 6676/8477/6608 6675/8478/6608
f 6675/8478/6609 6676/8477/6609 6680/8479/6609 6679/8480/6609
f 6679/8480/6610 6680/8479/6610 6678/8481/6610 6677/8482/6610
f 6677/8482/6611 6678/8481/6611 6674/8483/6611 6673/8484/6611
f 6675/8485/6612 6679/8486/6612 6677/8487/6612 6673/8488/6612
f 6680/8479/6613 6676/8489/6613 6674/8490/6613 6678/8481/6613
o vsn_mesh_0__mesh_0_.001
v 3.165174 0.514202 -9.195144
v 2.647061 0.514202 -9.195144
v 3.165174 1.343182 -9.195144
v 2.647061 1.343182 -9.195144
v 2.388005 0.514202 -8.754747
v 2.388005 1.343182 -8.754747
v 2.647061 0.514202 -8.314351
v 2.647061 1.343182 -8.314351
v 3.165174 0.514202 -8.314351
v 3.165174 1.343182 -8.314351
v 3.424230 0.514202 -8.754747
v 3.424230 1.343182 -8.754747
v 3.165174 0.514202 -9.195144
v 3.165174 1.343182 -9.195144
v 3.113363 1.524522 -9.091520
v 2.698872 1.524522 -9.091520
v 2.906117 1.524522 -8.754747
v 3.294702 1.524522 -8.754747
v 3.113363 1.524522 -8.417974
v 2.698872 1.524522 -8.417974
v 2.517533 1.524522 -8.754747
v 2.388005 1.343182 -8.754747
v 2.647061 1.343182 -8.314351
v 2.517533 1.524522 -8.754747
v 2.698872 1.524522 -9.091520
v 2.647061 1.343182 -9.195144
v 3.113363 1.524522 -9.091520
v 3.165174 1.343182 -9.195144
v 3.294702 1.524522 -8.754747
v 3.424230 1.343182 -8.754747
v 3.113363 1.524522 -8.417974
v 3.165174 1.343182 -8.314351
v 2.698872 1.524522 -8.417974
v 3.061551 1.032315 -9.013803
v 2.750684 1.032315 -9.013803
v 2.983834 4.995879 -8.910181
v 2.828401 4.995879 -8.910181
v 2.595250 1.032315 -8.754747
v 2.724778 4.995879 -8.754747
v 2.750684 1.032315 -8.495691
v 2.828401 4.995879 -8.599313
v 3.061551 1.032315 -8.495691
v 2.983834 4.995879 -8.599313
v 3.216985 1.032315 -8.754747
v 3.087457 4.995879 -8.754747
v 3.061551 1.032315 -9.013803
v 2.983834 4.995879 -8.910181
v 2.983834 4.995879 -8.910181
v 2.828401 4.995879 -8.910181
v 2.932023 4.995879 -8.806559
v 2.957929 4.995879 -8.754747
v 3.087457 4.995879 -8.754747
v 2.932023 4.995879 -8.702936
v 2.983834 4.995879 -8.599313
v 2.880212 4.995879 -8.702936
v 2.828401 4.995879 -8.599313
v 2.854306 4.995879 -8.754747
v 2.724778 4.995879 -8.754747
v 2.880212 4.995879 -8.806559
v 2.932023 5.462180 -8.806559
v 2.957929 5.462180 -8.754747
v 2.932023 5.462180 -8.702935
v 2.880212 5.462180 -8.702935
v 2.854306 5.462180 -8.754747
v 2.880212 5.462180 -8.806559
v 3.061551 4.477766 -9.013803
v 2.750684 4.477766 -9.013803
v 3.061551 4.607293 -9.013803
v 2.750684 4.607293 -9.013803
v 2.750684 4.477766 -9.013803
v 2.621155 4.477766 -8.754747
v 2.750684 4.607293 -9.013803
v 2.621155 4.607293 -8.754747
v 2.621155 4.477766 -8.754747
v 2.750684 4.477766 -8.495690
v 2.621155 4.607293 -8.754747
v 2.750684 4.607293 -8.495690
v 2.750684 4.477766 -8.495690
v 3.061551 4.477766 -8.495690
v 2.750684 4.607293 -8.495690
v 3.061551 4.607293 -8.495690
v 3.061551 4.477766 -8.495690
v 3.191080 4.477766 -8.754747
v 3.061551 4.607293 -8.495690
v 3.191080 4.607293 -8.754747
v 3.191080 4.477766 -8.754747
v 3.061551 4.477766 -9.013803
v 3.191080 4.607293 -8.754747
v 3.061551 4.607293 -9.013803
v 3.061551 4.607293 -9.013803
v 2.750684 4.607293 -9.013803
v 2.906117 4.607293 -8.754747
v 3.191080 4.607293 -8.754747
v 3.061551 4.607293 -8.495690
v 2.750684 4.607293 -8.495690
v 2.621155 4.607293 -8.754747
v 3.113363 5.073596 -9.091520
v 3.035646 5.073596 -9.091520
v 3.268796 6.239350 -9.350576
v 3.165174 6.239350 -9.350576
v 2.491627 5.073596 -8.728842
v 2.517533 5.073596 -8.651124
v 2.206665 6.239350 -8.728841
v 2.258476 6.239350 -8.651124
v 2.698872 5.073596 -8.366162
v 2.776589 5.073596 -8.366162
v 2.543438 6.239350 -8.133012
v 2.647061 6.239350 -8.133012
v 3.320608 5.073596 -8.728842
v 3.294702 5.073596 -8.806559
v 3.605570 6.239350 -8.728841
v 3.553759 6.239350 -8.806559
v 3.165174 5.073596 -9.039709
v 3.113363 5.073596 -9.091520
v 3.294702 6.239350 -9.272860
v 3.268796 6.239350 -9.350576
v 3.294702 5.073596 -8.651124
v 3.320608 5.073596 -8.728842
v 3.553759 6.239350 -8.651124
v 3.605570 6.239350 -8.728841
v 3.113363 5.073596 -8.366162
v 3.165174 5.073596 -8.443879
v 3.268796 6.239350 -8.133012
v 3.294702 6.239350 -8.210729
v 3.035646 5.073596 -8.366162
v 3.113363 5.073596 -8.366162
v 3.165174 6.239350 -8.133012
v 3.268796 6.239350 -8.133012
v 2.647061 5.073596 -8.443879
v 2.698872 5.073596 -8.366162
v 2.517533 6.239350 -8.210729
v 2.543438 6.239350 -8.133012
v 2.517533 5.073596 -8.806559
v 2.491627 5.073596 -8.728842
v 2.258476 6.239350 -8.806559
v 2.206665 6.239350 -8.728841
v 2.698872 5.073596 -9.091520
v 2.647061 5.073596 -9.039709
v 2.543438 6.239350 -9.350576
v 2.517533 6.239350 -9.272860
v 2.776589 5.073596 -9.091520
v 2.698872 5.073596 -9.091520
v 2.647061 6.239350 -9.350576
v 2.543438 6.239350 -9.350576
v 2.698872 4.969973 -9.091520
v 3.113363 4.969973 -9.091520
v 2.906117 4.788633 -8.728842
v 2.491627 4.969973 -8.728842
v 2.698872 4.969973 -9.091520
v 2.698872 4.969973 -8.366162
v 2.491627 4.969973 -8.728842
v 3.113363 4.969973 -8.366162
v 2.698872 4.969973 -8.366162
v 3.320608 4.969973 -8.728842
v 3.113363 4.969973 -8.366162
v 3.113363 4.969973 -9.091520
v 3.320608 4.969973 -8.728842
v 3.294702 5.073596 -8.806559
v 3.320608 5.073596 -8.728842
v 3.320608 4.969973 -8.728842
v 3.113363 4.969973 -9.091520
v 3.165174 5.073596 -9.039709
v 3.113363 5.073596 -9.091520
v 3.165174 5.073596 -8.443879
v 3.113363 5.073596 -8.366162
v 3.113363 4.969973 -8.366162
v 3.320608 4.969973 -8.728842
v 3.294702 5.073596 -8.651124
v 3.320608 5.073596 -8.728842
v 2.776589 5.073596 -8.366162
v 2.698872 5.073596 -8.366162
v 2.698872 4.969973 -8.366162
v 3.113363 4.969973 -8.366162
v 3.035646 5.073596 -8.366162
v 3.113363 5.073596 -8.366162
v 2.647061 5.073596 -8.443879
v 2.517533 5.073596 -8.651124
v 2.698872 4.969973 -8.366162
v 2.698872 5.073596 -8.366162
v 2.491627 4.969973 -8.728842
v 2.491627 5.073596 -8.728842
v 2.517533 5.073596 -8.806559
v 2.647061 5.073596 -9.039709
v 2.491627 4.969973 -8.728842
v 2.491627 5.073596 -8.728842
v 2.698872 4.969973 -9.091520
v 2.698872 5.073596 -9.091520
v 2.776589 5.073596 -9.091520
v 3.035646 5.073596 -9.091520
v 2.698872 4.969973 -9.091520
v 2.698872 5.073596 -9.091520
v 3.113363 4.969973 -9.091520
v 3.113363 5.073596 -9.091520
v 3.113363 6.731556 -9.065615
v 2.698872 6.731556 -9.065615
v 3.009740 6.783368 -8.910181
v 3.113363 6.783368 -8.728841
v 3.294702 6.731556 -8.728841
v 3.009740 6.783368 -8.547502
v 3.113363 6.731556 -8.392068
v 2.802495 6.783368 -8.547502
v 2.698872 6.731556 -8.392068
v 2.698872 6.783368 -8.728841
v 2.517533 6.731556 -8.728841
v 2.802495 6.783368 -8.910181
v 2.906117 7.094235 -8.728841
v 3.242891 6.135726 -9.298765
v 2.569344 6.135726 -9.298765
v 3.294702 6.161633 -9.428293
v 3.709193 6.161633 -8.728841
v 3.553759 6.135726 -8.728841
v 3.294702 6.161633 -8.029388
v 3.242891 6.135726 -8.158917
v 2.517533 6.161633 -8.029388
v 2.569344 6.135726 -8.158917
v 2.103042 6.161633 -8.728841
v 2.258476 6.135726 -8.728841
v 2.517533 6.161633 -9.428293
v 3.294702 6.161633 -9.428293
v 2.517533 6.161633 -9.428293
v 3.320608 6.213443 -9.454199
v 3.735098 6.213443 -8.728841
v 3.709193 6.161633 -8.728841
v 3.320608 6.213443 -8.029388
v 3.294702 6.161633 -8.029388
v 2.491627 6.213443 -8.029388
v 2.517533 6.161633 -8.029388
v 2.077137 6.213443 -8.728841
v 2.103042 6.161633 -8.728841
v 2.491627 6.213443 -9.454199
v 3.216985 6.420689 -9.246954
v 3.527853 6.420689 -8.728841
v 3.216985 6.420689 -8.210729
v 2.595250 6.420689 -8.210729
v 2.284382 6.420689 -8.728841
v 2.595250 6.420689 -9.246954
v 3.113363 6.731556 -9.065615
v 3.294702 6.731556 -8.728841
v 3.113363 6.731556 -8.392068
v 2.698872 6.731556 -8.392068
v 2.517533 6.731556 -8.728841
v 2.698872 6.731556 -9.065615
v 3.398325 0.540108 -9.609633
v 2.413910 0.540108 -9.609633
v 3.398325 0.850975 -9.609633
v 2.413910 0.850975 -9.609633
v 1.921703 0.540107 -8.754747
v 1.921703 0.850975 -8.754747
v 2.413910 0.540107 -7.899861
v 2.413910 0.850975 -7.899861
v 3.398325 0.540107 -7.899861
v 3.398325 0.850975 -7.899861
v 3.890532 0.540107 -8.754747
v 3.890532 0.850975 -8.754747
v 3.398325 0.540108 -9.609633
v 3.398325 0.850975 -9.609633
v 3.294702 0.954598 -9.428294
v 2.517533 0.954598 -9.428294
v 2.906117 0.980503 -8.754747
v 2.413910 0.850975 -9.609633
v 3.398325 0.850975 -9.609633
v 2.517533 0.954598 -9.428294
v 2.128948 0.954598 -8.754747
v 1.921703 0.850975 -8.754747
v 2.413910 0.850975 -9.609633
v 2.128948 0.954598 -8.754747
v 2.517533 0.954598 -8.081201
v 2.413910 0.850975 -7.899861
v 1.921703 0.850975 -8.754747
v 2.517533 0.954598 -8.081201
v 3.294702 0.954598 -8.081201
v 3.398325 0.850975 -7.899861
v 2.413910 0.850975 -7.899861
v 3.294702 0.954598 -8.081201
v 3.683287 0.954598 -8.754747
v 3.890532 0.850975 -8.754747
v 3.398325 0.850975 -7.899861
v 3.683287 0.954598 -8.754747
v 3.294702 0.954598 -9.428294
v 3.398325 0.850975 -9.609633
v 3.890532 0.850975 -8.754747
vn -0.0000 1.0000 -0.0000
vn -0.0000 -0.0000 -1.0000
vn -0.8944 -0.0000 -0.4472
vn -0.8944 -0.0000 0.4472
vn -0.0000 -0.0000 1.0000
vn 0.8944 -0.0000 0.4472
vn 0.8944 -0.0000 -0.4472
vn 0.9487 -0.0000 -0.3162
vn 0.8580 -0.1532 -0.4903
vn 0.8581 -0.1907 -0.4767
vn 0.7071 -0.0000 -0.7071
vn 0.8321 -0.0000 0.5547
vn 0.8666 -0.0619 0.4952
vn 0.8338 -0.1824 0.5211
vn 0.9487 -0.0000 0.3162
vn -0.8477 -0.0265 0.5298
vn -0.8321 -0.0000 0.5547
vn -0.8580 -0.1532 0.4903
vn -0.9487 -0.0000 0.3162
vn -0.8650 -0.1442 -0.4806
vn -0.9487 -0.0000 -0.3162
vn -0.8536 -0.1829 -0.4878
vn -0.7071 -0.0000 -0.7071
vn -0.0000 0.9993 -0.0384
vn -0.0333 0.9993 -0.0192
vn -0.0333 0.9993 0.0192
vn -0.0000 0.9993 0.0384
vn 0.0333 0.9993 0.0192
vn 0.0333 0.9993 -0.0192
vn -0.4965 -0.0000 -0.8680
vn -1.0000 -0.0000 -0.0000
vn -0.4965 -0.0000 0.8680
vn 0.4965 -0.0000 0.8680
vn 1.0000 -0.0000 -0.0000
vn 0.8619 -0.0000 -0.5070
vn -0.8199 0.5725 0.0081
vn -0.4174 0.5469 0.7257
vn -0.8193 0.5732 0.0154
vn -0.4285 0.5460 -0.7199
vn -0.4129 0.5379 -0.7349
vn 0.4455 0.5367 -0.7166
vn 0.4174 0.5469 -0.7257
vn 0.8193 0.5732 -0.0154
vn 0.8199 0.5725 -0.0081
vn 0.4285 0.5460 0.7199
vn 0.4129 0.5379 0.7349
vn -0.4455 0.5367 0.7166
vn -0.0000 0.0261 -0.9997
vn -0.4936 0.0324 -0.8691
vn -0.4713 0.0303 -0.8814
vn -0.9994 0.0339 -0.0007
vn -0.9994 0.0347 -0.0012
vn -0.4930 0.0311 0.8695
vn -0.4703 0.0323 0.8819
vn 0.4936 0.0324 0.8691
vn 0.4713 0.0303 0.8814
vn 0.9994 0.0339 0.0007
vn 0.9994 0.0347 0.0012
vn 0.8564 0.0281 -0.5155
vn 0.8317 0.0308 -0.5544
vn 0.2799 0.8465 -0.4529
vn 0.5682 0.8229 -0.0000
vn 0.2799 0.8465 0.4529
vn -0.2799 0.8465 0.4529
vn -0.5682 0.8229 -0.0000
vn -0.2799 0.8465 -0.4529
vn 0.5257 -0.0000 -0.8507
vn 0.5257 -0.0000 0.8507
vn -0.5257 -0.0000 0.8507
vn -0.5257 -0.0000 -0.8507
vn -0.0000 -0.2169 -0.9762
vn -0.9242 -0.2259 0.3081
vn -0.9203 -0.2240 0.3207
vn -0.8244 -0.1842 0.5351
vn -0.8182 -0.1818 0.5455
vn -0.0000 -0.1961 0.9806
vn 0.9242 -0.2259 -0.3081
vn 0.9203 -0.2240 -0.3207
vn 0.8244 -0.1842 -0.5351
vn 0.8182 -0.1818 -0.5455
vn 0.6906 -0.2149 -0.6906
vn 0.7034 -0.2148 -0.6776
vn 0.9255 -0.1945 -0.3249
vn 0.9308 -0.1931 -0.3103
vn 0.9283 -0.2063 0.3094
vn 0.9244 -0.2063 0.3210
vn 0.8210 -0.1999 0.5348
vn 0.8154 -0.1993 0.5436
vn 0.8123 -0.2166 0.5415
vn 0.8192 -0.2147 0.5319
vn 0.9305 -0.1693 0.3248
vn 0.9355 -0.1663 0.3118
vn -0.8154 -0.1993 0.5436
vn -0.8212 -0.1990 0.5347
vn -0.9281 -0.1873 0.3217
vn -0.9321 -0.1864 0.3107
vn -0.9283 -0.2063 -0.3094
vn -0.9244 -0.2063 -0.3210
vn -0.8210 -0.1999 -0.5348
vn -0.8154 -0.1993 -0.5436
vn -0.6858 -0.2438 -0.6858
vn -0.6999 -0.2415 -0.6722
vn -0.9288 -0.1703 -0.3292
vn -0.9355 -0.1663 -0.3118
vn -0.0000 -0.8944 -0.4472
vn -0.0000 -1.0000 -0.0000
vn -0.3907 -0.8930 -0.2233
vn -0.3907 -0.8930 0.2233
vn -0.0000 -0.8944 0.4472
vn 0.3907 -0.8930 0.2233
vn 0.3907 -0.8930 -0.2233
vn 0.1396 0.9630 -0.2305
vn -0.1396 0.9636 -0.2281
vn 0.2450 0.8662 -0.4356
vn 0.5048 0.8632 0.0029
vn 0.2728 0.9621 0.0013
vn 0.2479 0.8656 0.4351
vn 0.1396 0.9636 0.2281
vn -0.2450 0.8662 0.4356
vn -0.1396 0.9630 0.2305
vn -0.5048 0.8632 -0.0029
vn -0.2728 0.9621 -0.0013
vn -0.2479 0.8656 -0.4351
vn 0.1043 -0.9827 -0.1529
vn -0.1110 -0.9821 -0.1520
vn 0.0862 -0.9830 -0.1621
vn 0.1669 -0.9860 0.0018
vn 0.1659 -0.9861 0.0044
vn 0.0867 -0.9835 0.1591
vn 0.1110 -0.9821 0.1520
vn -0.0862 -0.9830 0.1621
vn -0.1043 -0.9827 0.1529
vn -0.1669 -0.9860 -0.0018
vn -0.1659 -0.9861 -0.0044
vn -0.0867 -0.9835 -0.1591
vn 0.3704 -0.5534 -0.7460
vn -0.3636 -0.5557 -0.7477
vn 0.5115 0.0972 -0.8538
vn 0.9908 0.1354 0.0036
vn 0.8944 -0.4472 -0.0000
vn 0.5398 0.2164 0.8135
vn 0.3636 -0.1818 0.9136
vn -0.5394 0.2159 0.8139
vn -0.3636 -0.1818 0.9136
vn -0.9903 0.1388 0.0043
vn -0.8924 -0.4512 0.0081
vn -0.5102 0.1010 -0.8541
vn 0.3707 0.6798 -0.6329
vn 0.7458 0.6661 0.0025
vn 0.3743 0.6522 0.6592
vn -0.3740 0.6562 0.6553
vn -0.7473 0.6645 0.0014
vn -0.3752 0.6741 -0.6362
vn 0.4291 0.5576 -0.7106
vn 0.8068 0.5906 -0.0166
vn 0.4109 0.5676 0.7134
vn -0.4291 0.5576 0.7106
vn -0.8068 0.5906 0.0166
vn -0.4109 0.5676 -0.7134
vn -0.5005 -0.0000 -0.8657
vn -0.5005 -0.0000 0.8657
vn 0.5005 -0.0000 0.8657
vn 0.8666 -0.0000 -0.4990
vn -0.0000 0.8682 -0.4961
vn -0.0000 0.9368 -0.3500
vn -0.4328 0.8663 -0.2496
vn -0.3056 0.9357 -0.1763
vn -0.3052 0.9359 -0.1758
vn -0.4319 0.8670 -0.2486
vn -0.4318 0.8669 0.2490
vn -0.3048 0.9361 0.1758
vn -0.3055 0.9358 0.1760
vn -0.4331 0.8662 0.2494
vn -0.0000 0.8682 0.4961
vn -0.0000 0.9368 0.3500
vn 0.4328 0.8663 0.2496
vn 0.3056 0.9357 0.1763
vn 0.3052 0.9359 0.1758
vn 0.4319 0.8670 0.2486
vn 0.4318 0.8669 -0.2490
vn 0.3048 0.9361 -0.1758
vn 0.3055 0.9358 -0.1760
vn 0.4331 0.8662 -0.2494
vt 4.904910 -0.305901
vt 4.801680 -0.305901
vt 4.853300 -0.353055
vt 4.956520 -0.350973
vt 4.904910 -0.396045
vt 4.801680 -0.396045
vt 4.750070 -0.350973
vt 1.758120 0.028712
vt 1.786770 0.028712
vt 1.758120 0.129176
vt 1.786770 0.129176
vt 1.815420 0.028712
vt 1.815420 0.129176
vt 1.844070 0.028712
vt 1.844070 0.129176
vt 1.872720 0.028712
vt 1.872720 0.129176
vt 1.901370 0.028712
vt 1.901370 0.129176
vt 1.930020 0.028712
vt 1.930020 0.129176
vt 3.909990 -0.032640
vt 3.859500 -0.032640
vt 3.884740 -0.078381
vt 3.935230 -0.076361
vt 3.909990 -0.120083
vt 3.859500 -0.120083
vt 3.834260 -0.076361
vt 4.144260 0.006108
vt 4.179720 0.006108
vt 4.168820 -0.000112
vt 4.004780 -0.000112
vt 4.032920 0.006108
vt 4.009410 0.006108
vt 3.805520 0.006108
vt 3.758500 0.006108
vt 3.763120 -0.000112
vt 3.962380 0.006108
vt 3.734990 0.006108
vt 3.623640 0.006108
vt 3.599080 -0.000112
vt 3.588180 0.006108
vt -0.219113 0.300224
vt 0.217824 0.300224
vt 0.000742 0.438630
vt 2.667320 0.270469
vt 2.777240 0.270469
vt 2.667320 0.338584
vt 2.777240 0.338584
vt 2.887150 0.270469
vt 2.887150 0.338584
vt 2.997070 0.270469
vt 2.997070 0.338584
vt 3.106980 0.270469
vt 3.106980 0.338584
vt 3.216900 0.270469
vt 3.216900 0.338584
vt 3.326810 0.270469
vt 3.326810 0.338584
vt 2.679870 0.339491
vt 2.835810 0.339491
vt 2.746650 0.390032
vt 2.869200 0.390032
vt 3.114300 0.390032
vt 3.147690 0.339491
vt 3.236850 0.390032
vt 3.303630 0.339491
vt 4.851960 0.034500
vt 4.903350 0.034500
vt 4.903240 0.473826
vt 4.937550 0.473826
vt 4.954750 0.034500
vt 4.971850 0.473826
vt 5.006150 0.034500
vt 5.006150 0.473826
vt 5.057550 0.034500
vt 5.040450 0.473826
vt 5.108940 0.034500
vt 5.074750 0.473826
vt 5.160340 0.034500
vt 5.109050 0.473826
vt 1.667750 -0.027806
vt 1.621910 -0.027806
vt 1.656290 -0.057676
vt 1.667750 -0.086629
vt 1.690660 -0.085712
vt 1.656290 -0.106476
vt 1.667750 -0.125407
vt 1.633370 -0.106476
vt 1.621910 -0.125407
vt 1.621910 -0.086629
vt 1.598990 -0.085712
vt 1.633370 -0.057676
vt 4.091070 0.082227
vt 4.039290 0.082227
vt 3.457400 0.082227
vt 3.495610 0.082227
vt 3.676840 0.082227
vt 3.728620 0.082227
vt 4.310510 0.082227
vt 4.272300 0.082227
vt 4.116960 0.082227
vt 3.650950 0.082227
vt 3.883950 -0.008919
vt 1.240020 -0.783815
vt 0.758083 -0.783815
vt 1.119530 -0.891214
vt 1.240020 -0.998613
vt 1.480980 -0.998613
vt 1.119530 -1.106010
vt 1.240020 -1.213410
vt 0.878566 -1.106010
vt 0.758082 -1.213410
vt 0.758083 -0.998613
vt 0.517116 -0.998613
vt 0.878566 -0.891214
vt 0.999049 -0.998613
vt 1.400040 -0.641165
vt 0.598054 -0.641165
vt 1.469490 -0.579265
vt 1.939920 -0.998613
vt 1.801040 -0.998613
vt 1.469490 -1.417960
vt 1.400040 -1.356060
vt 0.528612 -1.417960
vt 0.598053 -1.356060
vt 0.058174 -0.998613
vt 0.197058 -0.998613
vt 0.528612 -0.579265
vt 1.484050 -0.566282
vt 1.969050 -0.998613
vt 1.484050 -1.430940
vt 0.514047 -1.430940
vt 0.029044 -0.998613
vt 0.514047 -0.566282
vt 1.368910 -0.668917
vt 1.738770 -0.998613
vt 1.368910 -1.328310
vt 0.629186 -1.328310
vt 0.259324 -0.998613
vt 0.629186 -0.668917
vt -0.397127 0.176907
vt -0.265302 0.176907
vt -0.397127 0.246925
vt -0.265302 0.246925
vt -0.133476 0.176907
vt -0.133476 0.246925
vt -0.001652 0.176907
vt -0.001652 0.246925
vt 0.130174 0.176907
vt 0.130174 0.246925
vt 0.261999 0.176907
vt 0.261999 0.246925
vt 0.393825 0.176907
vt 0.393825 0.246925
vt 0.295770 0.246507
vt -0.299633 0.246507
s 1
usemtl m_default_mat.001
f 6695/8491/6614 6696/8492/6614 6697/8493/6614
f 6698/8494/6614 6695/8491/6614 6697/8493/6614
f 6699/8495/6614 6698/8494/6614 6697/8493/6614
f 6700/8496/6614 6699/8495/6614 6697/8493/6614
f 6701/8497/6614 6700/8496/6614 6697/8493/6614
f 6696/8492/6614 6701/8497/6614 6697/8493/6614
f 6746/8498/6615 6747/8499/6615 6748/8500/6615
f 6747/8499/6615 6749/8501/6615 6748/8500/6615
f 6750/8499/6616 6751/8502/6616 6752/8501/6616
f 6751/8502/6616 6753/8503/6616 6752/8501/6616
f 6754/8502/6617 6755/8504/6617 6756/8503/6617
f 6755/8504/6617 6757/8505/6617 6756/8503/6617
f 6758/8504/6618 6759/8506/6618 6760/8505/6618
f 6759/8506/6618 6761/8507/6618 6760/8505/6618
f 6762/8506/6619 6763/8508/6619 6764/8507/6619
f 6763/8508/6619 6765/8509/6619 6764/8507/6619
f 6766/8508/6620 6767/8510/6620 6768/8509/6620
f 6767/8510/6620 6769/8511/6620 6768/8509/6620
f 6770/8512/6614 6771/8513/6614 6772/8514/6614
f 6773/8515/6614 6770/8512/6614 6772/8514/6614
f 6774/8516/6614 6773/8515/6614 6772/8514/6614
f 6775/8517/6614 6774/8516/6614 6772/8514/6614
f 6776/8518/6614 6775/8517/6614 6772/8514/6614
f 6771/8513/6614 6776/8518/6614 6772/8514/6614
f 6838/8519/6621 6839/8520/6621 6840/8521/6621
f 6838/8519/6622 6840/8521/6622 6841/8522/6622
f 6842/8523/6623 6838/8519/6623 6841/8522/6623
f 6843/8524/6624 6842/8523/6624 6841/8522/6624
f 6844/8523/6625 6845/8524/6625 6846/8522/6625
f 6844/8523/6626 6846/8522/6626 6847/8521/6626
f 6848/8519/6627 6844/8523/6627 6847/8521/6627
f 6849/8520/6628 6848/8519/6628 6847/8521/6628
f 6850/8525/6618 6851/8526/6618 6852/8527/6618
f 6850/8525/6618 6852/8527/6618 6853/8522/6618
f 6854/8528/6618 6850/8525/6618 6853/8522/6618
f 6855/8524/6618 6854/8528/6618 6853/8522/6618
f 6856/8529/6629 6857/8530/6629 6858/8527/6629
f 6859/8526/6630 6856/8529/6630 6858/8527/6630
f 6857/8530/6631 6860/8531/6631 6858/8527/6631
f 6857/8530/6632 6861/8532/6632 6860/8531/6632
f 6862/8530/6633 6863/8529/6633 6864/8531/6633
f 6865/8532/6634 6862/8530/6634 6864/8531/6634
f 6863/8529/6635 6866/8527/6635 6864/8531/6635
f 6863/8529/6636 6867/8526/6636 6866/8527/6636
f 6868/8525/6615 6869/8528/6615 6870/8527/6615
f 6871/8526/6615 6868/8525/6615 6870/8527/6615
f 6869/8528/6615 6872/8522/6615 6870/8527/6615
f 6869/8528/6615 6873/8524/6615 6872/8522/6615
f 6937/8533/6637 6938/8534/6637 6939/8535/6637
f 6942/8533/6638 6943/8534/6638 6939/8535/6638
f 6946/8533/6639 6947/8534/6639 6939/8535/6639
f 6950/8533/6640 6951/8534/6640 6939/8535/6640
f 6954/8533/6641 6955/8534/6641 6939/8535/6641
f 6958/8533/6642 6959/8534/6642 6939/8535/6642
f 6681/8536/6615 6682/8537/6643 6683/8538/6615
f 6682/8537/6643 6684/8539/6643 6683/8538/6615
f 6682/8537/6643 6685/8540/6644 6684/8539/6643
f 6685/8540/6644 6686/8541/6644 6684/8539/6643
f 6685/8540/6644 6687/8542/6645 6686/8541/6644
f 6687/8542/6645 6688/8543/6645 6686/8541/6644
f 6687/8542/6645 6689/8544/6646 6688/8543/6645
f 6689/8544/6646 6690/8545/6646 6688/8543/6645
f 6689/8544/6646 6691/8546/6647 6690/8545/6646
f 6691/8546/6647 6692/8547/6647 6690/8545/6646
f 6691/8546/6647 6693/8548/6648 6692/8547/6647
f 6693/8548/6648 6694/8549/6648 6692/8547/6647
f 6702/8550/6649 6703/8551/6650 6704/8552/6651
f 6702/8550/6649 6704/8552/6651 6705/8553/6652
f 6706/8551/6653 6702/8550/6649 6705/8553/6652
f 6706/8551/6653 6705/8553/6652 6707/8554/6654
f 6708/8555/6655 6706/8551/6653 6707/8554/6654
f 6708/8555/6655 6707/8554/6654 6709/8556/6656
f 6710/8557/6657 6708/8555/6655 6709/8556/6656
f 6710/8557/6657 6709/8556/6656 6711/8554/6658
f 6712/8555/6659 6710/8557/6657 6711/8554/6658
f 6712/8555/6659 6711/8554/6658 6713/8553/6660
f 6703/8551/6650 6712/8555/6659 6713/8553/6660
f 6703/8551/6650 6713/8553/6660 6704/8552/6651
f 6714/8558/6661 6715/8559/6662 6716/8560/6661
f 6715/8559/6662 6717/8561/6663 6716/8560/6661
f 6715/8559/6662 6718/8562/6664 6717/8561/6663
f 6718/8562/6664 6719/8563/6665 6717/8561/6663
f 6718/8562/6664 6720/8564/6666 6719/8563/6665
f 6720/8564/6666 6721/8565/6667 6719/8563/6665
f 6720/8564/6666 6722/8566/6668 6721/8565/6667
f 6722/8566/6668 6723/8567/6669 6721/8565/6667
f 6722/8566/6668 6724/8568/6670 6723/8567/6669
f 6724/8568/6670 6725/8569/6671 6723/8567/6669
f 6724/8568/6670 6726/8570/6672 6725/8569/6671
f 6726/8570/6672 6727/8571/6673 6725/8569/6671
f 6728/8572/6614 6729/8573/6614 6730/8574/6674
f 6728/8572/6614 6730/8574/6674 6731/8575/6675
f 6732/8576/6614 6728/8572/6614 6731/8575/6675
f 6732/8576/6614 6731/8575/6675 6733/8577/6676
f 6734/8578/6614 6732/8576/6614 6733/8577/6676
f 6734/8578/6614 6733/8577/6676 6735/8579/6677
f 6736/8580/6614 6734/8578/6614 6735/8579/6677
f 6736/8580/6614 6735/8579/6677 6737/8581/6678
f 6738/8582/6614 6736/8580/6614 6737/8581/6678
f 6738/8582/6614 6737/8581/6678 6739/8583/6679
f 6729/8573/6614 6738/8582/6614 6739/8583/6679
f 6729/8573/6614 6739/8583/6679 6730/8574/6674
f 6730/8574/6674 6739/8583/6679 6740/8574/6680
f 6730/8574/6674 6740/8574/6680 6741/8575/6647
f 6731/8575/6675 6730/8574/6674 6741/8575/6647
f 6731/8575/6675 6741/8575/6647 6742/8577/6681
f 6733/8577/6676 6731/8575/6675 6742/8577/6681
f 6733/8577/6676 6742/8577/6681 6743/8579/6682
f 6735/8579/6677 6733/8577/6676 6743/8579/6682
f 6735/8579/6677 6743/8579/6682 6744/8581/6644
f 6737/8581/6678 6735/8579/6677 6744/8581/6644
f 6737/8581/6678 6744/8581/6644 6745/8583/6683
f 6739/8583/6679 6737/8581/6678 6745/8583/6683
f 6739/8583/6679 6745/8583/6683 6740/8574/6680
f 6777/8524/6684 6778/8528/6684 6779/8584/6684
f 6778/8528/6684 6780/8585/6684 6779/8584/6684
f 6781/8532/6685 6782/8530/6686 6783/8586/6687
f 6782/8530/6686 6784/8587/6688 6783/8586/6687
f 6785/8526/6689 6786/8525/6689 6787/8588/6689
f 6786/8525/6689 6788/8589/6689 6787/8588/6689
f 6789/8520/6690 6790/8519/6691 6791/8590/6692
f 6790/8519/6691 6792/8591/6693 6791/8590/6692
f 6793/8523/6694 6794/8524/6695 6795/8592/6696
f 6794/8524/6695 6796/8584/6697 6795/8592/6696
f 6797/8519/6698 6798/8520/6699 6799/8591/6700
f 6798/8520/6699 6800/8590/6701 6799/8591/6700
f 6801/8524/6702 6802/8523/6703 6803/8584/6704
f 6802/8523/6703 6804/8592/6705 6803/8584/6704
f 6805/8528/6689 6806/8524/6689 6807/8585/6689
f 6806/8524/6689 6808/8584/6689 6807/8585/6689
f 6809/8529/6706 6810/8526/6707 6811/8593/6708
f 6810/8526/6707 6812/8588/6709 6811/8593/6708
f 6813/8530/6710 6814/8532/6711 6815/8587/6712
f 6814/8532/6711 6816/8586/6713 6815/8587/6712
f 6817/8526/6714 6818/8529/6715 6819/8588/6716
f 6818/8529/6715 6820/8593/6717 6819/8588/6716
f 6821/8525/6684 6822/8526/6684 6823/8589/6684
f 6822/8526/6684 6824/8588/6684 6823/8589/6684
f 6825/8527/6718 6826/8522/6718 6827/8594/6719
f 6828/8531/6720 6829/8527/6720 6827/8594/6719
f 6830/8527/6721 6831/8531/6721 6827/8594/6719
f 6832/8522/6722 6833/8527/6722 6827/8594/6719
f 6834/8521/6723 6835/8522/6723 6827/8594/6719
f 6836/8522/6724 6837/8521/6724 6827/8594/6719
f 6874/8595/6725 6875/8596/6726 6876/8597/6727
f 6874/8595/6725 6876/8597/6727 6877/8598/6728
f 6878/8599/6729 6874/8595/6725 6877/8598/6728
f 6878/8599/6729 6877/8598/6728 6879/8600/6730
f 6880/8601/6731 6878/8599/6729 6879/8600/6730
f 6880/8601/6731 6879/8600/6730 6881/8602/6732
f 6882/8603/6733 6880/8601/6731 6881/8602/6732
f 6882/8603/6733 6881/8602/6732 6883/8604/6734
f 6884/8605/6735 6882/8603/6733 6883/8604/6734
f 6884/8605/6735 6883/8604/6734 6885/8606/6736
f 6875/8596/6726 6884/8605/6735 6885/8606/6736
f 6875/8596/6726 6885/8606/6736 6876/8597/6727
f 6876/8597/6727 6885/8606/6736 6886/8607/6614
f 6877/8598/6728 6876/8597/6727 6886/8607/6614
f 6879/8600/6730 6877/8598/6728 6886/8607/6614
f 6881/8602/6732 6879/8600/6730 6886/8607/6614
f 6883/8604/6734 6881/8602/6732 6886/8607/6614
f 6885/8606/6736 6883/8604/6734 6886/8607/6614
f 6887/8608/6737 6888/8609/6738 6889/8610/6739
f 6887/8608/6737 6889/8610/6739 6890/8611/6740
f 6891/8612/6741 6887/8608/6737 6890/8611/6740
f 6891/8612/6741 6890/8611/6740 6892/8613/6742
f 6893/8614/6743 6891/8612/6741 6892/8613/6742
f 6893/8614/6743 6892/8613/6742 6894/8615/6744
f 6895/8616/6745 6893/8614/6743 6894/8615/6744
f 6895/8616/6745 6894/8615/6744 6896/8617/6746
f 6897/8618/6747 6895/8616/6745 6896/8617/6746
f 6897/8618/6747 6896/8617/6746 6898/8619/6748
f 6888/8609/6738 6897/8618/6747 6898/8619/6748
f 6888/8609/6738 6898/8619/6748 6889/8610/6739
f 6899/8610/6749 6900/8619/6750 6901/8620/6751
f 6899/8610/6749 6901/8620/6751 6902/8621/6752
f 6903/8611/6753 6899/8610/6749 6902/8621/6752
f 6903/8611/6753 6902/8621/6752 6904/8622/6754
f 6905/8613/6755 6903/8611/6753 6904/8622/6754
f 6905/8613/6755 6904/8622/6754 6906/8623/6756
f 6907/8615/6757 6905/8613/6755 6906/8623/6756
f 6907/8615/6757 6906/8623/6756 6908/8624/6758
f 6909/8617/6759 6907/8615/6757 6908/8624/6758
f 6909/8617/6759 6908/8624/6758 6910/8625/6760
f 6900/8619/6750 6909/8617/6759 6910/8625/6760
f 6900/8619/6750 6910/8625/6760 6901/8620/6751
f 6901/8620/6751 6910/8625/6760 6911/8626/6761
f 6901/8620/6751 6911/8626/6761 6912/8627/6762
f 6902/8621/6752 6901/8620/6751 6912/8627/6762
f 6902/8621/6752 6912/8627/6762 6913/8628/6763
f 6904/8622/6754 6902/8621/6752 6913/8628/6763
f 6904/8622/6754 6913/8628/6763 6914/8629/6764
f 6906/8623/6756 6904/8622/6754 6914/8629/6764
f 6906/8623/6756 6914/8629/6764 6915/8630/6765
f 6908/8624/6758 6906/8623/6756 6915/8630/6765
f 6908/8624/6758 6915/8630/6765 6916/8631/6766
f 6910/8625/6760 6908/8624/6758 6916/8631/6766
f 6910/8625/6760 6916/8631/6766 6911/8626/6761
f 6911/8626/6761 6916/8631/6766 6917/8595/6767
f 6911/8626/6761 6917/8595/6767 6918/8599/6768
f 6912/8627/6762 6911/8626/6761 6918/8599/6768
f 6912/8627/6762 6918/8599/6768 6919/8601/6769
f 6913/8628/6763 6912/8627/6762 6919/8601/6769
f 6913/8628/6763 6919/8601/6769 6920/8603/6770
f 6914/8629/6764 6913/8628/6763 6920/8603/6770
f 6914/8629/6764 6920/8603/6770 6921/8605/6771
f 6915/8630/6765 6914/8629/6764 6921/8605/6771
f 6915/8630/6765 6921/8605/6771 6922/8596/6772
f 6916/8631/6766 6915/8630/6765 6922/8596/6772
f 6916/8631/6766 6922/8596/6772 6917/8595/6767
f 6923/8632/6615 6924/8633/6773 6925/8634/6615
f 6924/8633/6773 6926/8635/6773 6925/8634/6615
f 6924/8633/6773 6927/8636/6644 6926/8635/6773
f 6927/8636/6644 6928/8637/6644 6926/8635/6773
f 6927/8636/6644 6929/8638/6774 6928/8637/6644
f 6929/8638/6774 6930/8639/6774 6928/8637/6644
f 6929/8638/6774 6931/8640/6775 6930/8639/6774
f 6931/8640/6775 6932/8641/6775 6930/8639/6774
f 6931/8640/6775 6933/8642/6647 6932/8641/6775
f 6933/8642/6647 6934/8643/6647 6932/8641/6775
f 6933/8642/6647 6935/8644/6776 6934/8643/6647
f 6935/8644/6776 6936/8645/6776 6934/8643/6647
f 6940/8646/6777 6938/8534/6778 6937/8533/6778
f 6941/8647/6777 6940/8646/6777 6937/8533/6778
f 6944/8646/6779 6943/8534/6780 6942/8533/6781
f 6945/8647/6782 6944/8646/6779 6942/8533/6781
f 6948/8646/6783 6947/8534/6784 6946/8533/6785
f 6949/8647/6786 6948/8646/6783 6946/8533/6785
f 6952/8646/6787 6951/8534/6788 6950/8533/6788
f 6953/8647/6787 6952/8646/6787 6950/8533/6788
f 6956/8646/6789 6955/8534/6790 6954/8533/6791
f 6957/8647/6792 6956/8646/6789 6954/8533/6791
f 6960/8646/6793 6959/8534/6794 6958/8533/6795
f 6961/8647/6796 6960/8646/6793 6958/8533/6795
